{
  "Storage unit 1": {
    "Discharging power (MW)": {
      "time period 1": 300.0,
      "time period 2": 0.0,
      "time period 3": 0.0,
      "time period 4": 0.0,
      "time period 5": 300.0,
      "time period 6": 300.0,
      "time period 7": 0.0,
      "time period 8": 0.0,
      "time period 9": 0.0,
      "time period 10": 0.0,
      "time period 11": 0.0,
      "time period 12": 0.0,
      "time period 13": 35.00000000000006,
      "time period 14": 300.0,
      "time period 15": 300.0,
      "time period 16": 300.0,
      "time period 17": 0.0,
      "time period 18": 0.0,
      "time period 19": 0.0,
      "time period 20": 0.0,
      "time period 21": 300.0,
      "time period 22": 0.0,
      "time period 23": 0.0,
      "time period 24": 300.0,
      "time period 25": 0.0,
      "time period 26": 300.0,
      "time period 27": 0.0
    },
    "Charging power (MW)": {
      "time period 1": 0.0,
      "time period 2": 300.0,
      "time period 3": 300.0,
      "time period 4": 0.0,
      "time period 5": 0.0,
      "time period 6": 0.0,
      "time period 7": 0.0,
      "time period 8": 300.0,
      "time period 9": 300.0,
      "time period 10": 300.0,
      "time period 11": 160.89965397923902,
      "time period 12": 0.0,
      "time period 13": 0.0,
      "time period 14": 0.0,
      "time period 15": 0.0,
      "time period 16": 0.0,
      "time period 17": 300.0,
      "time period 18": 300.0,
      "time period 19": 45.67474048442899,
      "time period 20": 0.0,
      "time period 21": 0.0,
      "time period 22": 300.0,
      "time period 23": 300.0,
      "time period 24": 0.0,
      "time period 25": 0.0,
      "time period 26": 0.0,
      "time period 27": 0.0
    },
    "Net discharging power (MW)": {
      "time period 1": 300.0,
      "time period 2": -300.0,
      "time period 3": -300.0,
      "time period 4": 0.0,
      "time period 5": 300.0,
      "time period 6": 300.0,
      "time period 7": 0.0,
      "time period 8": -300.0,
      "time period 9": -300.0,
      "time period 10": -300.0,
      "time period 11": -160.89965397923902,
      "time period 12": 0.0,
      "time period 13": 35.00000000000006,
      "time period 14": 300.0,
      "time period 15": 300.0,
      "time period 16": 300.0,
      "time period 17": -300.0,
      "time period 18": -300.0,
      "time period 19": -45.67474048442899,
      "time period 20": 0.0,
      "time period 21": 300.0,
      "time period 22": -300.0,
      "time period 23": -300.0,
      "time period 24": 300.0,
      "time period 25": 0.0,
      "time period 26": 300.0,
      "time period 27": 0.0
    },
    "Stored energy (MWh)": {
      "time period 1": 197.05882352941168,
      "time period 2": 324.5588235294117,
      "time period 3": 452.0588235294117,
      "time period 4": 452.0588235294117,
      "time period 5": 275.58823529411757,
      "time period 6": 99.11764705882345,
      "time period 7": 99.11764705882345,
      "time period 8": 226.61764705882345,
      "time period 9": 354.1176470588234,
      "time period 10": 481.6176470588234,
      "time period 11": 550.0,
      "time period 12": 550.0,
      "time period 13": 529.4117647058823,
      "time period 14": 352.94117647058823,
      "time period 15": 176.47058823529412,
      "time period 16": 0.0,
      "time period 17": 127.5,
      "time period 18": 255.0,
      "time period 19": 274.4117647058823,
      "time period 20": 274.4117647058823,
      "time period 21": 97.94117647058823,
      "time period 22": 225.44117647058823,
      "time period 23": 352.94117647058823,
      "time period 24": 176.47058823529412,
      "time period 25": 176.47058823529412,
      "time period 26": 0.0,
      "time period 27": 0.0
    },
    "Final energy (MWh)": 0.0,
    "Hourly average cost ($)": {
      "time period 1": 0.0,
      "time period 2": 30644.95119346619,
      "time period 3": 41371.58093297141,
      "time period 4": 0.0,
      "time period 5": 0.0,
      "time period 6": 0.0,
      "time period 7": 0.0,
      "time period 8": 33019.37669242862,
      "time period 9": 37817.38912592881,
      "time period 10": 45308.87531243317,
      "time period 11": 26216.823653852032,
      "time period 12": 0.0,
      "time period 13": 0.0,
      "time period 14": 0.0,
      "time period 15": 0.0,
      "time period 16": 0.0,
      "time period 17": 47355.364880218505,
      "time period 18": 52945.96929611207,
      "time period 19": 9236.24606496209,
      "time period 20": 0.0,
      "time period 21": 0.0,
      "time period 22": 41950.01734794613,
      "time period 23": 42641.26774086001,
      "time period 24": 0.0,
      "time period 25": 0.0,
      "time period 26": 0.0,
      "time period 27": 0.0
    },
    "Hourly average revenue ($)": {
      "time period 1": 77347.41692284311,
      "time period 2": 0.0,
      "time period 3": 0.0,
      "time period 4": 0.0,
      "time period 5": 75823.16519819251,
      "time period 6": 80253.37058125489,
      "time period 7": 0.0,
      "time period 8": 0.0,
      "time period 9": 0.0,
      "time period 10": 0.0,
      "time period 11": 0.0,
      "time period 12": 0.0,
      "time period 13": 9911.226491935746,
      "time period 14": 91506.82401145934,
      "time period 15": 99868.59510292053,
      "time period 16": 85400.24246086118,
      "time period 17": 0.0,
      "time period 18": 0.0,
      "time period 19": 0.0,
      "time period 20": 0.0,
      "time period 21": 92144.1095777893,
      "time period 22": 0.0,
      "time period 23": 0.0,
      "time period 24": 88276.29558242802,
      "time period 25": 0.0,
      "time period 26": 85094.12775672914,
      "time period 27": 0.0
    },
    "Total average cost ($)": 408507.862241179,
    "Total average revenue ($)": 785625.3736864137,
    "Total average profit ($)": 377117.51144523476
  }
}
