{
  "Storage unit 1": {
    "Discharging power (MW)": {
      "time period 1": 0.0,
      "time period 2": 0.0,
      "time period 3": 0.0,
      "time period 4": 0.0,
      "time period 5": 0.0,
      "time period 6": 0.0,
      "time period 7": 0.0,
      "time period 8": 300.0,
      "time period 9": 300.0,
      "time period 10": 300.0,
      "time period 11": 0.0,
      "time period 12": 0.0,
      "time period 13": 0.0,
      "time period 14": 0.0,
      "time period 15": 300.0,
      "time period 16": 0.0,
      "time period 17": 0.0,
      "time period 18": 300.0,
      "time period 19": 2.000000000000017,
      "time period 20": 300.0,
      "time period 21": 0.0
    },
    "Charging power (MW)": {
      "time period 1": 0.0,
      "time period 2": 299.99999999999994,
      "time period 3": 300.0,
      "time period 4": 300.0,
      "time period 5": 300.0,
      "time period 6": 0.0,
      "time period 7": 0.0,
      "time period 8": 0.0,
      "time period 9": 0.0,
      "time period 10": 0.0,
      "time period 11": 300.0,
      "time period 12": 300.0,
      "time period 13": 0.0,
      "time period 14": 0.0,
      "time period 15": 0.0,
      "time period 16": 300.0,
      "time period 17": 300.0,
      "time period 18": 0.0,
      "time period 19": 0.0,
      "time period 20": 0.0,
      "time period 21": 0.0
    },
    "Net discharging power (MW)": {
      "time period 1": 0.0,
      "time period 2": -299.99999999999994,
      "time period 3": -300.0,
      "time period 4": -300.0,
      "time period 5": -300.0,
      "time period 6": 0.0,
      "time period 7": 0.0,
      "time period 8": 300.0,
      "time period 9": 300.0,
      "time period 10": 300.0,
      "time period 11": -300.0,
      "time period 12": -300.0,
      "time period 13": 0.0,
      "time period 14": 0.0,
      "time period 15": 300.0,
      "time period 16": -300.0,
      "time period 17": -300.0,
      "time period 18": 300.0,
      "time period 19": 2.000000000000017,
      "time period 20": 300.0,
      "time period 21": 0.0
    },
    "Stored energy (MWh)": {
      "time period 1": 40.00000000000003,
      "time period 2": 167.5,
      "time period 3": 295.0,
      "time period 4": 422.5,
      "time period 5": 550.0,
      "time period 6": 550.0,
      "time period 7": 550.0,
      "time period 8": 373.52941176470586,
      "time period 9": 197.05882352941174,
      "time period 10": 20.588235294117624,
      "time period 11": 148.08823529411762,
      "time period 12": 275.5882352941176,
      "time period 13": 275.5882352941176,
      "time period 14": 275.5882352941176,
      "time period 15": 99.11764705882351,
      "time period 16": 226.6176470588235,
      "time period 17": 354.11764705882354,
      "time period 18": 177.64705882352942,
      "time period 19": 176.47058823529412,
      "time period 20": 0.0,
      "time period 21": 0.0
    },
    "Final energy (MWh)": 0.0,
    "Hourly average cost ($)": {
      "time period 1": 0.0,
      "time period 2": 29168.95119346618,
      "time period 3": 33145.58093297139,
      "time period 4": 37212.09609757414,
      "time period 5": 39691.165198192524,
      "time period 6": 0.0,
      "time period 7": 0.0,
      "time period 8": 0.0,
      "time period 9": 0.0,
      "time period 10": 0.0,
      "time period 11": 49811.69055460146,
      "time period 12": 54149.119473085324,
      "time period 13": 0.0,
      "time period 14": 0.0,
      "time period 15": 0.0,
      "time period 16": 42713.24246086119,
      "time period 17": 42507.364880218505,
      "time period 18": 0.0,
      "time period 19": 0.0,
      "time period 20": 0.0,
      "time period 21": 0.0
    },
    "Hourly average revenue ($)": {
      "time period 1": 0.0,
      "time period 2": 0.0,
      "time period 3": 0.0,
      "time period 4": 0.0,
      "time period 5": 0.0,
      "time period 6": 0.0,
      "time period 7": 0.0,
      "time period 8": 86401.37669242857,
      "time period 9": 96707.38912592885,
      "time period 10": 86093.87531243316,
      "time period 11": 0.0,
      "time period 12": 0.0,
      "time period 13": 0.0,
      "time period 14": 0.0,
      "time period 15": 93118.59510292047,
      "time period 16": 0.0,
      "time period 17": 0.0,
      "time period 18": 88525.9692961121,
      "time period 19": 531.6156231475874,
      "time period 20": 84320.76520980833,
      "time period 21": 0.0
    },
    "Total average cost ($)": 328399.2107909707,
    "Total average revenue ($)": 535699.5863627791,
    "Total average profit ($)": 207300.37557180843
  }
}
