{
  "Storage unit 1": {
    "Discharging power (MW)": {
      "time period 1": 0.0,
      "time period 2": 0.0,
      "time period 3": 0.0,
      "time period 4": 0.0,
      "time period 5": 0.0,
      "time period 6": 0.0,
      "time period 7": 300.0,
      "time period 8": 300.0,
      "time period 9": 300.0,
      "time period 10": 0.0,
      "time period 11": 0.0,
      "time period 12": 0.0,
      "time period 13": 2.000000000000017,
      "time period 14": 300.0,
      "time period 15": 0.0,
      "time period 16": 0.0,
      "time period 17": 300.0,
      "time period 18": 0.0,
      "time period 19": 300.0,
      "time period 20": 0.0
    },
    "Charging power (MW)": {
      "time period 1": 300.0,
      "time period 2": 300.0,
      "time period 3": 300.0,
      "time period 4": 300.0,
      "time period 5": 0.0,
      "time period 6": 0.0,
      "time period 7": 0.0,
      "time period 8": 0.0,
      "time period 9": 0.0,
      "time period 10": 300.0,
      "time period 11": 300.0,
      "time period 12": 0.0,
      "time period 13": 0.0,
      "time period 14": 0.0,
      "time period 15": 300.0,
      "time period 16": 300.0,
      "time period 17": 0.0,
      "time period 18": 0.0,
      "time period 19": 0.0,
      "time period 20": 0.0
    },
    "Net discharging power (MW)": {
      "time period 1": -300.0,
      "time period 2": -300.0,
      "time period 3": -300.0,
      "time period 4": -300.0,
      "time period 5": 0.0,
      "time period 6": 0.0,
      "time period 7": 300.0,
      "time period 8": 300.0,
      "time period 9": 300.0,
      "time period 10": -300.0,
      "time period 11": -300.0,
      "time period 12": 0.0,
      "time period 13": 2.000000000000017,
      "time period 14": 300.0,
      "time period 15": -300.0,
      "time period 16": -300.0,
      "time period 17": 300.0,
      "time period 18": 0.0,
      "time period 19": 300.0,
      "time period 20": 0.0
    },
    "Stored energy (MWh)": {
      "time period 1": 167.50000000000003,
      "time period 2": 295.0,
      "time period 3": 422.5,
      "time period 4": 550.0,
      "time period 5": 550.0,
      "time period 6": 550.0,
      "time period 7": 373.52941176470586,
      "time period 8": 197.05882352941174,
      "time period 9": 20.588235294117624,
      "time period 10": 148.08823529411762,
      "time period 11": 275.5882352941176,
      "time period 12": 275.5882352941176,
      "time period 13": 274.4117647058823,
      "time period 14": 97.94117647058823,
      "time period 15": 225.44117647058823,
      "time period 16": 352.94117647058823,
      "time period 17": 176.47058823529412,
      "time period 18": 176.47058823529412,
      "time period 19": 0.0,
      "time period 20": 0.0
    },
    "Final energy (MWh)": 0.0,
    "Hourly average cost ($)": {
      "time period 1": 29782.416922843106,
      "time period 2": 32525.95119346619,
      "time period 3": 37351.58093297141,
      "time period 4": 39609.09609757415,
      "time period 5": 0.0,
      "time period 6": 0.0,
      "time period 7": 0.0,
      "time period 8": 0.0,
      "time period 9": 0.0,
      "time period 10": 48635.875312433185,
      "time period 11": 54494.69055460144,
      "time period 12": 0.0,
      "time period 13": 0.0,
      "time period 14": 0.0,
      "time period 15": 43282.595102920524,
      "time period 16": 43094.24246086121,
      "time period 17": 0.0,
      "time period 18": 0.0,
      "time period 19": 0.0,
      "time period 20": 0.0
    },
    "Hourly average revenue ($)": {
      "time period 1": 0.0,
      "time period 2": 0.0,
      "time period 3": 0.0,
      "time period 4": 0.0,
      "time period 5": 0.0,
      "time period 6": 0.0,
      "time period 7": 85819.90189229007,
      "time period 8": 95266.37669242854,
      "time period 9": 82808.3891259288,
      "time period 10": 0.0,
      "time period 11": 0.0,
      "time period 12": 0.0,
      "time period 13": 535.1157995391894,
      "time period 14": 93621.82401145932,
      "time period 15": 0.0,
      "time period 16": 0.0,
      "time period 17": 87618.3648802185,
      "time period 18": 0.0,
      "time period 19": 85742.34347213745,
      "time period 20": 0.0
    },
    "Total average cost ($)": 328776.44857767125,
    "Total average revenue ($)": 531412.315874002,
    "Total average profit ($)": 202635.8672963307
  }
}
