{
  "Storage unit 1": {
    "Discharging power (MW)": {
      "time period 1": 0.0,
      "time period 2": 0.0,
      "time period 3": 300.0,
      "time period 4": 300.0,
      "time period 5": 218.74999999999997,
      "time period 6": 0.0,
      "time period 7": 0.0,
      "time period 8": 0.0,
      "time period 9": 0.0,
      "time period 10": 300.0,
      "time period 11": 0.0,
      "time period 12": 0.0,
      "time period 13": 300.0,
      "time period 14": 300.0,
      "time period 15": 300.0,
      "time period 16": 0.0
    },
    "Charging power (MW)": {
      "time period 1": 0.0,
      "time period 2": 0.0,
      "time period 3": 0.0,
      "time period 4": 0.0,
      "time period 5": 0.0,
      "time period 6": 300.0,
      "time period 7": 300.0,
      "time period 8": 300.0,
      "time period 9": 0.0,
      "time period 10": 0.0,
      "time period 11": 300.0,
      "time period 12": 300.0,
      "time period 13": 0.0,
      "time period 14": 0.0,
      "time period 15": 0.0,
      "time period 16": 0.0
    },
    "Net discharging power (MW)": {
      "time period 1": 0.0,
      "time period 2": 0.0,
      "time period 3": 300.0,
      "time period 4": 300.0,
      "time period 5": 218.74999999999997,
      "time period 6": -300.0,
      "time period 7": -300.0,
      "time period 8": -300.0,
      "time period 9": 0.0,
      "time period 10": 300.0,
      "time period 11": -300.0,
      "time period 12": -300.0,
      "time period 13": 300.0,
      "time period 14": 300.0,
      "time period 15": 300.0,
      "time period 16": 0.0
    },
    "Stored energy (MWh)": {
      "time period 1": 550.0,
      "time period 2": 550.0,
      "time period 3": 373.52941176470586,
      "time period 4": 197.05882352941174,
      "time period 5": 68.38235294117646,
      "time period 6": 195.88235294117646,
      "time period 7": 323.38235294117646,
      "time period 8": 450.88235294117646,
      "time period 9": 450.88235294117646,
      "time period 10": 274.4117647058823,
      "time period 11": 401.9117647058823,
      "time period 12": 529.4117647058823,
      "time period 13": 352.94117647058823,
      "time period 14": 176.47058823529412,
      "time period 15": 0.0,
      "time period 16": 0.0
    },
    "Final energy (MWh)": 0.0,
    "Hourly average cost ($)": {
      "time period 1": 0.0,
      "time period 2": 0.0,
      "time period 3": 0.0,
      "time period 4": 0.0,
      "time period 5": 0.0,
      "time period 6": 43833.3705812549,
      "time period 7": 48010.901892290014,
      "time period 8": 56314.37669242859,
      "time period 9": 0.0,
      "time period 10": 0.0,
      "time period 11": 44582.690554601446,
      "time period 12": 44618.11947308534,
      "time period 13": 0.0,
      "time period 14": 0.0,
      "time period 15": 0.0,
      "time period 16": 0.0
    },
    "Hourly average revenue ($)": {
      "time period 1": 0.0,
      "time period 2": 0.0,
      "time period 3": 83170.5809329714,
      "time period 4": 91896.09609757416,
      "time period 5": 56932.72462368204,
      "time period 6": 0.0,
      "time period 7": 0.0,
      "time period 8": 0.0,
      "time period 9": 0.0,
      "time period 10": 93242.87531243317,
      "time period 11": 0.0,
      "time period 12": 0.0,
      "time period 13": 91721.36993087767,
      "time period 14": 80496.82401145936,
      "time period 15": 85993.59510292052,
      "time period 16": 0.0
    },
    "Total average cost ($)": 237359.4591936603,
    "Total average revenue ($)": 583454.0660119184,
    "Total average profit ($)": 346094.60681825806
  }
}
