{
  "Storage unit 1": {
    "Discharging power (MW)": {
      "time period 1": 0.0,
      "time period 2": 0.0,
      "time period 3": 300.0,
      "time period 4": 300.0,
      "time period 5": 300.0,
      "time period 6": 0.0
    },
    "Charging power (MW)": {
      "time period 1": 300.0,
      "time period 2": 300.0,
      "time period 3": 0.0,
      "time period 4": 0.0,
      "time period 5": 0.0,
      "time period 6": 0.0
    },
    "Net discharging power (MW)": {
      "time period 1": -300.0,
      "time period 2": -300.0,
      "time period 3": 300.0,
      "time period 4": 300.0,
      "time period 5": 300.0,
      "time period 6": 0.0
    },
    "Stored energy (MWh)": {
      "time period 1": 401.9117647058823,
      "time period 2": 529.4117647058823,
      "time period 3": 352.9411764705882,
      "time period 4": 176.47058823529406,
      "time period 5": 0.0,
      "time period 6": 0.0
    },
    "Final energy (MWh)": 0.0,
    "Hourly average cost ($)": {
      "time period 1": 35443.416922843084,
      "time period 2": 35210.95119346619,
      "time period 3": 0.0,
      "time period 4": 0.0,
      "time period 5": 0.0,
      "time period 6": 0.0
    },
    "Hourly average revenue ($)": {
      "time period 1": 0.0,
      "time period 2": 0.0,
      "time period 3": 80941.58093297138,
      "time period 4": 72021.09609757416,
      "time period 5": 78103.16519819251,
      "time period 6": 0.0
    },
    "Total average cost ($)": 70654.36811630928,
    "Total average revenue ($)": 231065.84222873807,
    "Total average profit ($)": 160411.47411242878
  }
}
