{
  "Storage unit 1": {
    "Discharging power (MW)": {
      "time period 1": 0.0,
      "time period 2": 0.0,
      "time period 3": 0.0,
      "time period 4": 30.0,
      "time period 5": 0.0,
      "time period 6": 0.0,
      "time period 7": 0.0,
      "time period 8": 0.0,
      "time period 9": 21.675,
      "time period 10": 0.0,
      "time period 11": 0.0,
      "time period 12": 3.999999999999998,
      "time period 13": 30.0,
      "time period 14": 0.0,
      "time period 15": 0.0,
      "time period 16": 0.0,
      "time period 17": 3.999999999999998,
      "time period 18": 30.0,
      "time period 19": 0.0,
      "time period 20": 0.0,
      "time period 21": 0.0,
      "time period 22": 0.0,
      "time period 23": 0.0,
      "time period 24": 0.0,
      "time period 25": 0.0,
      "time period 26": 3.999999999999998,
      "time period 27": 30.0,
      "time period 28": 0.0,
      "time period 29": 0.0,
      "time period 30": 0.0,
      "time period 31": 0.0,
      "time period 32": 3.999999999999998,
      "time period 33": 30.0,
      "time period 34": 0.0,
      "time period 35": 0.0,
      "time period 36": 30.0,
      "time period 37": 0.0,
      "time period 38": 3.999999999999998,
      "time period 39": 0.0
    },
    "Charging power (MW)": {
      "time period 1": 0.0,
      "time period 2": 0.0,
      "time period 3": 0.0,
      "time period 4": 0.0,
      "time period 5": 0.0,
      "time period 6": 0.0,
      "time period 7": 30.0,
      "time period 8": 11.522491349480973,
      "time period 9": 0.0,
      "time period 10": 0.0,
      "time period 11": 30.0,
      "time period 12": 0.0,
      "time period 13": 0.0,
      "time period 14": 30.0,
      "time period 15": 17.058823529411764,
      "time period 16": 0.0,
      "time period 17": 0.0,
      "time period 18": 0.0,
      "time period 19": 0.0,
      "time period 20": 30.0,
      "time period 21": 17.058823529411764,
      "time period 22": 0.0,
      "time period 23": 0.0,
      "time period 24": 0.0,
      "time period 25": 0.0,
      "time period 26": 0.0,
      "time period 27": 0.0,
      "time period 28": 0.0,
      "time period 29": 30.0,
      "time period 30": 17.058823529411764,
      "time period 31": 0.0,
      "time period 32": 0.0,
      "time period 33": 0.0,
      "time period 34": 17.058823529411764,
      "time period 35": 30.0,
      "time period 36": 0.0,
      "time period 37": 0.0,
      "time period 38": 0.0,
      "time period 39": 0.0
    },
    "Net discharging power (MW)": {
      "time period 1": 0.0,
      "time period 2": 0.0,
      "time period 3": 0.0,
      "time period 4": 30.0,
      "time period 5": 0.0,
      "time period 6": 0.0,
      "time period 7": -30.0,
      "time period 8": -11.522491349480973,
      "time period 9": 21.675,
      "time period 10": 0.0,
      "time period 11": -30.0,
      "time period 12": 3.999999999999998,
      "time period 13": 30.0,
      "time period 14": -30.0,
      "time period 15": -17.058823529411764,
      "time period 16": 0.0,
      "time period 17": 3.999999999999998,
      "time period 18": 30.0,
      "time period 19": 0.0,
      "time period 20": -30.0,
      "time period 21": -17.058823529411764,
      "time period 22": 0.0,
      "time period 23": 0.0,
      "time period 24": 0.0,
      "time period 25": 0.0,
      "time period 26": 3.999999999999998,
      "time period 27": 30.0,
      "time period 28": 0.0,
      "time period 29": -30.0,
      "time period 30": -17.058823529411764,
      "time period 31": 0.0,
      "time period 32": 3.999999999999998,
      "time period 33": 30.0,
      "time period 34": -17.058823529411764,
      "time period 35": -30.0,
      "time period 36": 30.0,
      "time period 37": 0.0,
      "time period 38": 3.999999999999998,
      "time period 39": 0.0
    },
    "Stored energy (MWh)": {
      "time period 1": 20.0,
      "time period 2": 20.0,
      "time period 3": 20.0,
      "time period 4": 2.352941176470587,
      "time period 5": 2.352941176470587,
      "time period 6": 2.352941176470587,
      "time period 7": 15.102941176470587,
      "time period 8": 20.0,
      "time period 9": 7.25,
      "time period 10": 7.25,
      "time period 11": 20.0,
      "time period 12": 17.647058823529413,
      "time period 13": 0.0,
      "time period 14": 12.75,
      "time period 15": 20.0,
      "time period 16": 20.0,
      "time period 17": 17.647058823529413,
      "time period 18": 0.0,
      "time period 19": 0.0,
      "time period 20": 12.75,
      "time period 21": 20.0,
      "time period 22": 20.0,
      "time period 23": 20.0,
      "time period 24": 20.0,
      "time period 25": 20.0,
      "time period 26": 17.647058823529413,
      "time period 27": 0.0,
      "time period 28": 0.0,
      "time period 29": 12.75,
      "time period 30": 20.0,
      "time period 31": 20.0,
      "time period 32": 17.647058823529413,
      "time period 33": 0.0,
      "time period 34": 7.25,
      "time period 35": 20.0,
      "time period 36": 2.352941176470587,
      "time period 37": 2.352941176470587,
      "time period 38": 0.0,
      "time period 39": 0.0
    },
    "Final energy (MWh)": 0.0,
    "Hourly average cost ($)": {
      "time period 1": 0.0,
      "time period 2": 0.0,
      "time period 3": 0.0,
      "time period 4": 0.0,
      "time period 5": 0.0,
      "time period 6": 0.0,
      "time period 7": 3294.790189229004,
      "time period 8": 1959.5677553147311,
      "time period 9": 0.0,
      "time period 10": 0.0,
      "time period 11": 4642.1690554601455,
      "time period 12": 0.0,
      "time period 13": 0.0,
      "time period 14": 3960.0824011459354,
      "time period 15": 2797.9083489895993,
      "time period 16": 0.0,
      "time period 17": 0.0,
      "time period 18": 0.0,
      "time period 19": 0.0,
      "time period 20": 3594.8765209808353,
      "time period 21": 2274.7434857958624,
      "time period 22": 0.0,
      "time period 23": 0.0,
      "time period 24": 0.0,
      "time period 25": 0.0,
      "time period 26": 0.0,
      "time period 27": 0.0,
      "time period 28": 0.0,
      "time period 29": 4971.404904164317,
      "time period 30": 2925.52416654626,
      "time period 31": 0.0,
      "time period 32": 0.0,
      "time period 33": 0.0,
      "time period 34": 2341.9974072261134,
      "time period 35": 3864.7014760866164,
      "time period 36": 0.0,
      "time period 37": 0.0,
      "time period 38": 0.0,
      "time period 39": 0.0
    },
    "Hourly average revenue ($)": {
      "time period 1": 0.0,
      "time period 2": 0.0,
      "time period 3": 0.0,
      "time period 4": 7320.909609757415,
      "time period 5": 0.0,
      "time period 6": 0.0,
      "time period 7": 0.0,
      "time period 8": 0.0,
      "time period 9": 5354.114364348355,
      "time period 10": 0.0,
      "time period 11": 0.0,
      "time period 12": 1109.4682596411374,
      "time period 13": 8813.336993087769,
      "time period 14": 0.0,
      "time period 15": 0.0,
      "time period 16": 0.0,
      "time period 17": 1100.764865069579,
      "time period 18": 8468.296929611204,
      "time period 19": 0.0,
      "time period 20": 0.0,
      "time period 21": 0.0,
      "time period 22": 0.0,
      "time period 23": 0.0,
      "time period 24": 0.0,
      "time period 25": 0.0,
      "time period 26": 1201.388370089721,
      "time period 27": 10128.498440803527,
      "time period 28": 0.0,
      "time period 29": 0.0,
      "time period 30": 0.0,
      "time period 31": 0.0,
      "time period 32": 1049.3457047512047,
      "time period 33": 9108.789264930721,
      "time period 34": 0.0,
      "time period 35": 0.0,
      "time period 36": 8685.496748794554,
      "time period 37": 0.0,
      "time period 38": 1126.8239242889397,
      "time period 39": 0.0
    },
    "Total average cost ($)": 36627.76571093941,
    "Total average revenue ($)": 63467.23347517413,