{
  "Storage unit 1": {
    "Discharging power (MW)": {
      "time period 1": 0.0,
      "time period 2": 0.0,
      "time period 3": 0.0,
      "time period 4": 0.0,
      "time period 5": 21.675,
      "time period 6": 0.0,
      "time period 7": 0.0,
      "time period 8": 3.999999999999998,
      "time period 9": 30.0,
      "time period 10": 0.0,
      "time period 11": 0.0,
      "time period 12": 0.0,
      "time period 13": 30.0,
      "time period 14": 3.999999999999998,
      "time period 15": 0.0,
      "time period 16": 0.0,
      "time period 17": 0.0,
      "time period 18": 0.0,
      "time period 19": 0.0,
      "time period 20": 0.0,
      "time period 21": 0.0,
      "time period 22": 3.999999999999998,
      "time period 23": 30.0,
      "time period 24": 0.0,
      "time period 25": 0.0,
      "time period 26": 0.0,
      "time period 27": 0.0,
      "time period 28": 3.999999999999998,
      "time period 29": 30.0,
      "time period 30": 0.0,
      "time period 31": 0.0,
      "time period 32": 30.0,
      "time period 33": 0.0,
      "time period 34": 3.999999999999998,
      "time period 35": 0.0
    },
    "Charging power (MW)": {
      "time period 1": 0.0,
      "time period 2": 0.0,
      "time period 3": 30.0,
      "time period 4": 11.522491349480973,
      "time period 5": 0.0,
      "time period 6": 0.0,
      "time period 7": 30.0,
      "time period 8": 0.0,
      "time period 9": 0.0,
      "time period 10": 30.0,
      "time period 11": 17.058823529411764,
      "time period 12": 0.0,
      "time period 13": 0.0,
      "time period 14": 0.0,
      "time period 15": 0.0,
      "time period 16": 30.0,
      "time period 17": 17.058823529411764,
      "time period 18": 0.0,
      "time period 19": 0.0,
      "time period 20": 0.0,
      "time period 21": 0.0,
      "time period 22": 0.0,
      "time period 23": 0.0,
      "time period 24": 0.0,
      "time period 25": 30.0,
      "time period 26": 17.058823529411764,
      "time period 27": 0.0,
      "time period 28": 0.0,
      "time period 29": 0.0,
      "time period 30": 30.0,
      "time period 31": 17.058823529411764,
      "time period 32": 0.0,
      "time period 33": 0.0,
      "time period 34": 0.0,
      "time period 35": 0.0
    },
    "Net discharging power (MW)": {
      "time period 1": 0.0,
      "time period 2": 0.0,
      "time period 3": -30.0,
      "time period 4": -11.522491349480973,
      "time period 5": 21.675,
      "time period 6": 0.0,
      "time period 7": -30.0,
      "time period 8": 3.999999999999998,
      "time period 9": 30.0,
      "time period 10": -30.0,
      "time period 11": -17.058823529411764,
      "time period 12": 0.0,
      "time period 13": 30.0,
      "time period 14": 3.999999999999998,
      "time period 15": 0.0,
      "time period 16": -30.0,
      "time period 17": -17.058823529411764,
      "time period 18": 0.0,
      "time period 19": 0.0,
      "time period 20": 0.0,
      "time period 21": 0.0,
      "time period 22": 3.999999999999998,
      "time period 23": 30.0,
      "time period 24": 0.0,
      "time period 25": -30.0,
      "time period 26": -17.058823529411764,
      "time period 27": 0.0,
      "time period 28": 3.999999999999998,
      "time period 29": 30.0,
      "time period 30": -30.0,
      "time period 31": -17.058823529411764,
      "time period 32": 30.0,
      "time period 33": 0.0,
      "time period 34": 3.999999999999998,
      "time period 35": 0.0
    },
    "Stored energy (MWh)": {
      "time period 1": 2.352941176470587,
      "time period 2": 2.352941176470587,
      "time period 3": 15.102941176470587,
      "time period 4": 20.0,
      "time period 5": 7.25,
      "time period 6": 7.25,
      "time period 7": 20.0,
      "time period 8": 17.647058823529413,
      "time period 9": 0.0,
      "time period 10": 12.75,
      "time period 11": 20.0,
      "time period 12": 20.0,
      "time period 13": 2.352941176470587,
      "time period 14": 0.0,
      "time period 15": 0.0,
      "time period 16": 12.75,
      "time period 17": 20.0,
      "time period 18": 20.0,
      "time period 19": 20.0,
      "time period 20": 20.0,
      "time period 21": 20.0,
      "time period 22": 17.647058823529413,
      "time period 23": 0.0,
      "time period 24": 0.0,
      "time period 25": 12.75,
      "time period 26": 20.0,
      "time period 27": 20.0,
      "time period 28": 17.647058823529413,
      "time period 29": 0.0,
      "time period 30": 12.75,
      "time period 31": 20.0,
      "time period 32": 2.352941176470587,
      "time period 33": 2.352941176470587,
      "time period 34": 0.0,
      "time period 35": 0.0
    },
    "Final energy (MWh)": 0.0,
    "Hourly average cost ($)": {
      "time period 1": 0.0,
      "time period 2": 0.0,
      "time period 3": 3029.8580932971395,
      "time period 4": 1830.120991982953,
      "time period 5": 0.0,
      "time period 6": 0.0,
      "time period 7": 3993.7901892290047,
      "time period 8": 0.0,
      "time period 9": 0.0,
      "time period 10": 3922.1875312433176,
      "time period 11": 2871.835345261652,
      "time period 12": 0.0,
      "time period 13": 0.0,
      "time period 14": 0.0,
      "time period 15": 0.0,
      "time period 16": 3705.2242460861207,
      "time period 17": 2264.408983384974,
      "time period 18": 0.0,
      "time period 19": 0.0,
      "time period 20": 0.0,
      "time period 21": 0.0,
      "time period 22": 0.0,
      "time period 23": 0.0,
      "time period 24": 0.0,
      "time period 25": 4763.2579636230475,
      "time period 26": 2973.6445195002825,
      "time period 27": 0.0,
      "time period 28": 0.0,
      "time period 29": 0.0,
      "time period 30": 4153.687327374459,
      "time period 31": 2392.962042877364,
      "time period 32": 0.0,
      "time period 33": 0.0,
      "time period 34": 0.0,
      "time period 35": 0.0
    },
    "Hourly average revenue ($)": {
      "time period 1": 0.0,
      "time period 2": 0.0,
      "time period 3": 0.0,
      "time period 4": 0.0,
      "time period 5": 5012.427935569408,
      "time period 6": 0.0,
      "time period 7": 0.0,
      "time period 8": 1035.3783558990474,
      "time period 9": 8202.538912592881,
      "time period 10": 0.0,
      "time period 11": 0.0,
      "time period 12": 0.0,
      "time period 13": 8666.03699308777,
      "time period 14": 1139.130986819457,
      "time period 15": 0.0,
      "time period 16": 0.0,
      "time period 17": 0.0,
      "time period 18": 0.0,
      "time period 19": 0.0,
      "time period 20": 0.0,
      "time period 21": 0.0,
      "time period 22": 1195.6135646392815,
      "time period 23": 9884.626774085998,
      "time period 24": 0.0,
      "time period 25": 0.0,
      "time period 26": 0.0,
      "time period 27": 0.0,
      "time period 28": 1012.9217496826166,
      "time period 29": 9432.104904164311,
      "time period 30": 0.0,
      "time period 31": 0.0,
      "time period 32": 9015.492785634042,
      "time period 33": 0.0,
      "time period 34": 1118.6380127288814,
      "time period 35": 0.0
    },
    "Total average cost ($)": 35900.977233860314,
    "Total average revenue ($)": 55714.9109749037,
    "Total average profit ($)": 19813.933741043387
  }
}
