{
  "Storage unit 1": {
    "Discharging power (MW)": {
      "time period 1": 0.0,
      "time period 2": 0.0,
      "time period 3": 0.0,
      "time period 4": 21.675,
      "time period 5": 0.0,
      "time period 6": 0.0,
      "time period 7": 3.999999999999998,
      "time period 8": 30.0,
      "time period 9": 0.0,
      "time period 10": 0.0,
      "time period 11": 0.0,
      "time period 12": 3.999999999999998,
      "time period 13": 30.0,
      "time period 14": 0.0,
      "time period 15": 0.0,
      "time period 16": 0.0,
      "time period 17": 0.0,
      "time period 18": 0.0,
      "time period 19": 0.0,
      "time period 20": 0.0,
      "time period 21": 3.999999999999998,
      "time period 22": 30.0,
      "time period 23": 0.0,
      "time period 24": 0.0,
      "time period 25": 0.0,
      "time period 26": 0.0,
      "time period 27": 3.999999999999998,
      "time period 28": 30.0,
      "time period 29": 0.0,
      "time period 30": 0.0,
      "time period 31": 30.0,
      "time period 32": 0.0,
      "time period 33": 3.999999999999998,
      "time period 34": 0.0
    },
    "Charging power (MW)": {
      "time period 1": 0.0,
      "time period 2": 30.0,
      "time period 3": 11.522491349480973,
      "time period 4": 0.0,
      "time period 5": 0.0,
      "time period 6": 30.0,
      "time period 7": 0.0,
      "time period 8": 0.0,
      "time period 9": 30.0,
      "time period 10": 17.058823529411764,
      "time period 11": 0.0,
      "time period 12": 0.0,
      "time period 13": 0.0,
      "time period 14": 0.0,
      "time period 15": 30.0,
      "time period 16": 17.058823529411764,
      "time period 17": 0.0,
      "time period 18": 0.0,
      "time period 19": 0.0,
      "time period 20": 0.0,
      "time period 21": 0.0,
      "time period 22": 0.0,
      "time period 23": 0.0,
      "time period 24": 30.0,
      "time period 25": 17.058823529411764,
      "time period 26": 0.0,
      "time period 27": 0.0,
      "time period 28": 0.0,
      "time period 29": 17.058823529411764,
      "time period 30": 30.0,
      "time period 31": 0.0,
      "time period 32": 0.0,
      "time period 33": 0.0,
      "time period 34": 0.0
    },
    "Net discharging power (MW)": {
      "time period 1": 0.0,
      "time period 2": -30.0,
      "time period 3": -11.522491349480973,
      "time period 4": 21.675,
      "time period 5": 0.0,
      "time period 6": -30.0,
      "time period 7": 3.999999999999998,
      "time period 8": 30.0,
      "time period 9": -30.0,
      "time period 10": -17.058823529411764,
      "time period 11": 0.0,
      "time period 12": 3.999999999999998,
      "time period 13": 30.0,
      "time period 14": 0.0,
      "time period 15": -30.0,
      "time period 16": -17.058823529411764,
      "time period 17": 0.0,
      "time period 18": 0.0,
      "time period 19": 0.0,
      "time period 20": 0.0,
      "time period 21": 3.999999999999998,
      "time period 22": 30.0,
      "time period 23": 0.0,
      "time period 24": -30.0,
      "time period 25": -17.058823529411764,
      "time period 26": 0.0,
      "time period 27": 3.999999999999998,
      "time period 28": 30.0,
      "time period 29": -17.058823529411764,
      "time period 30": -30.0,
      "time period 31": 30.0,
      "time period 32": 0.0,
      "time period 33": 3.999999999999998,
      "time period 34": 0.0
    },
    "Stored energy (MWh)": {
      "time period 1": 2.352941176470587,
      "time period 2": 15.102941176470587,
      "time period 3": 20.0,
      "time period 4": 7.25,
      "time period 5": 7.25,
      "time period 6": 20.0,
      "time period 7": 17.647058823529413,
      "time period 8": 0.0,
      "time period 9": 12.75,
      "time period 10": 20.0,
      "time period 11": 20.0,
      "time period 12": 17.647058823529413,
      "time period 13": 0.0,
      "time period 14": 0.0,
      "time period 15": 12.75,
      "time period 16": 20.0,
      "time period 17": 20.0,
      "time period 18": 20.0,
      "time period 19": 20.0,
      "time period 20": 20.0,
      "time period 21": 17.647058823529413,
      "time period 22": 0.0,
      "time period 23": 0.0,
      "time period 24": 12.75,
      "time period 25": 20.0,
      "time period 26": 20.0,
      "time period 27": 17.647058823529413,
      "time period 28": 0.0,
      "time period 29": 7.25,
      "time period 30": 20.0,
      "time period 31": 2.352941176470587,
      "time period 32": 2.352941176470587,
      "time period 33": 0.0,
      "time period 34": 0.0
    },
    "Final energy (MWh)": 0.0,
    "Hourly average cost ($)": {
      "time period 1": 0.0,
      "time period 2": 2967.895119346619,
      "time period 3": 1835.4783680137816,
      "time period 4": 0.0,
      "time period 5": 0.0,
      "time period 6": 4044.337058125489,
      "time period 7": 0.0,
      "time period 8": 0.0,
      "time period 9": 3593.63891259288,
      "time period 10": 2804.975262863847,
      "time period 11": 0.0,
      "time period 12": 0.0,
      "time period 13": 0.0,
      "time period 14": 0.0,
      "time period 15": 3762.1595102920523,
      "time period 16": 2297.7804536568133,
      "time period 17": 0.0,
      "time period 18": 0.0,
      "time period 19": 0.0,
      "time period 20": 0.0,
      "time period 21": 0.0,
      "time period 22": 0.0,
      "time period 23": 0.0,
      "time period 24": 4801.329558242797,
      "time period 25": 2974.8074695111445,
      "time period 26": 0.0,
      "time period 27": 0.0,
      "time period 28": 0.0,
      "time period 29": 2529.542004328727,
      "time period 30": 4191.787327374458,
      "time period 31": 0.0,
      "time period 32": 0.0,
      "time period 33": 0.0,
      "time period 34": 0.0
    },
    "Hourly average revenue ($)": {
      "time period 1": 0.0,
      "time period 2": 0.0,
      "time period 3": 0.0,
      "time period 4": 5006.498443049733,
      "time period 5": 0.0,
      "time period 6": 0.0,
      "time period 7": 1027.6253585638667,
      "time period 8": 8058.437669242859,
      "time period 9": 0.0,
      "time period 10": 0.0,
      "time period 11": 0.0,
      "time period 12": 1128.9082596411363,
      "time period 13": 8787.836993087762,
      "time period 14": 0.0,
      "time period 15": 0.0,
      "time period 16": 0.0,
      "time period 17": 0.0,
      "time period 18": 0.0,
      "time period 19": 0.0,
      "time period 20": 0.0,
      "time period 21": 1200.388127703857,
      "time period 22": 9853.60173479462,
      "time period 23": 0.0,
      "time period 24": 0.0,
      "time period 25": 0.0,
      "time period 26": 0.0,
      "time period 27": 1049.8264587738026,
      "time period 28": 9176.71312261963,
      "time period 29": 0.0,
      "time period 30": 0.0,
      "time period 31": 8719.412558163642,
      "time period 32": 0.0,
      "time period 33": 1119.5052353240965,
      "time period 34": 0.0
    },
    "Total average cost ($)": 35803.73104434861,
    "Total average revenue ($)": 55128.753960965005,
    "Total average profit ($)": 19325.02291661639
  }
}
