{
  "Storage unit 1": {
    "Discharging power (MW)": {
      "time period 1": 0.0,
      "time period 2": 3.999999999999998,
      "time period 3": 30.0,
      "time period 4": 0.0,
      "time period 5": 0.0,
      "time period 6": 0.0,
      "time period 7": 3.999999999999998,
      "time period 8": 30.0,
      "time period 9": 0.0,
      "time period 10": 0.0,
      "time period 11": 0.0,
      "time period 12": 0.0,
      "time period 13": 0.0,
      "time period 14": 0.0,
      "time period 15": 0.0,
      "time period 16": 3.999999999999998,
      "time period 17": 30.0,
      "time period 18": 0.0,
      "time period 19": 0.0,
      "time period 20": 0.0,
      "time period 21": 0.0,
      "time period 22": 3.999999999999998,
      "time period 23": 30.0,
      "time period 24": 0.0,
      "time period 25": 0.0,
      "time period 26": 30.0,
      "time period 27": 0.0,
      "time period 28": 3.999999999999998,
      "time period 29": 0.0
    },
    "Charging power (MW)": {
      "time period 1": 30.0,
      "time period 2": 0.0,
      "time period 3": 0.0,
      "time period 4": 30.0,
      "time period 5": 17.058823529411764,
      "time period 6": 0.0,
      "time period 7": 0.0,
      "time period 8": 0.0,
      "time period 9": 0.0,
      "time period 10": 30.0,
      "time period 11": 17.058823529411764,
      "time period 12": 0.0,
      "time period 13": 0.0,
      "time period 14": 0.0,
      "time period 15": 0.0,
      "time period 16": 0.0,
      "time period 17": 0.0,
      "time period 18": 0.0,
      "time period 19": 30.0,
      "time period 20": 17.058823529411764,
      "time period 21": 0.0,
      "time period 22": 0.0,
      "time period 23": 0.0,
      "time period 24": 30.0,
      "time period 25": 17.058823529411764,
      "time period 26": 0.0,
      "time period 27": 0.0,
      "time period 28": 0.0,
      "time period 29": 0.0
    },
    "Net discharging power (MW)": {
      "time period 1": -30.0,
      "time period 2": 3.999999999999998,
      "time period 3": 30.0,
      "time period 4": -30.0,
      "time period 5": -17.058823529411764,
      "time period 6": 0.0,
      "time period 7": 3.999999999999998,
      "time period 8": 30.0,
      "time period 9": 0.0,
      "time period 10": -30.0,
      "time period 11": -17.058823529411764,
      "time period 12": 0.0,
      "time period 13": 0.0,
      "time period 14": 0.0,
      "time period 15": 0.0,
      "time period 16": 3.999999999999998,
      "time period 17": 30.0,
      "time period 18": 0.0,
      "time period 19": -30.0,
      "time period 20": -17.058823529411764,
      "time period 21": 0.0,
      "time period 22": 3.999999999999998,
      "time period 23": 30.0,
      "time period 24": -30.0,
      "time period 25": -17.058823529411764,
      "time period 26": 30.0,
      "time period 27": 0.0,
      "time period 28": 3.999999999999998,
      "time period 29": 0.0
    },
    "Stored energy (MWh)": {
      "time period 1": 20.0,
      "time period 2": 17.647058823529413,
      "time period 3": 0.0,
      "time period 4": 12.75,
      "time period 5": 20.0,
      "time period 6": 20.0,
      "time period 7": 17.647058823529413,
      "time period 8": 0.0,
      "time period 9": 0.0,
      "time period 10": 12.75,
      "time period 11": 20.0,
      "time period 12": 20.0,
      "time period 13": 20.0,
      "time period 14": 20.0,
      "time period 15": 20.0,
      "time period 16": 17.647058823529413,
      "time period 17": 0.0,
      "time period 18": 0.0,
      "time period 19": 12.75,
      "time period 20": 20.0,
      "time period 21": 20.0,
      "time period 22": 17.647058823529413,
      "time period 23": 0.0,
      "time period 24": 12.75,
      "time period 25": 20.0,
      "time period 26": 2.352941176470587,
      "time period 27": 2.352941176470587,
      "time period 28": 0.0,
      "time period 29": 0.0
    },
    "Final energy (MWh)": 0.0,
    "Hourly average cost ($)": {
      "time period 1": 3728.2416922843104,
      "time period 2": 0.0,
      "time period 3": 0.0,
      "time period 4": 3112.509609757416,
      "time period 5": 2349.2368446031046,
      "time period 6": 0.0,
      "time period 7": 0.0,
      "time period 8": 0.0,
      "time period 9": 0.0,
      "time period 10": 3774.5875312433177,
      "time period 11": 2404.08240408518,
      "time period 12": 0.0,
      "time period 13": 0.0,
      "time period 14": 0.0,
      "time period 15": 0.0,
      "time period 16": 0.0,
      "time period 17": 0.0,
      "time period 18": 0.0,
      "time period 19": 4826.034347213745,
      "time period 20": 2929.669002126356,
      "time period 21": 0.0,
      "time period 22": 0.0,
      "time period 23": 0.0,
      "time period 24": 4278.429558242798,
      "time period 25": 2432.8486459817327,
      "time period 26": 0.0,
      "time period 27": 0.0,
      "time period 28": 0.0,
      "time period 29": 0.0
    },
    "Hourly average revenue ($)": {
      "time period 1": 0.0,
      "time period 2": 984.0393492462157,
      "time period 3": 7735.358093297142,
      "time period 4": 0.0,
      "time period 5": 0.0,
      "time period 6": 0.0,
      "time period 7": 1047.0653585638659,
      "time period 8": 8032.937669242858,
      "time period 9": 0.0,
      "time period 10": 0.0,
      "time period 11": 0.0,
      "time period 12": 0.0,
      "time period 13": 0.0,
      "time period 14": 0.0,
      "time period 15": 0.0,
      "time period 16": 1205.789899478148,
      "time period 17": 9871.236488021848,
      "time period 18": 0.0,
      "time period 19": 0.0,
      "time period 20": 0.0,
      "time period 21": 0.0,
      "time period 22": 1013.1735646392818,
      "time period 23": 9209.626774086002,
      "time period 24": 0.0,
      "time period 25": 0.0,
      "time period 26": 8787.512775672916,
      "time period 27": 0.0,
      "time period 28": 1128.5617496826162,
      "time period 29": 0.0
    },
    "Total average cost ($)": 29835.639635537962,
    "Total average revenue ($)": 49015.3017219309,
    "Total average profit ($)": 19179.662086392935
  }
}
