{
  "Storage unit 1": {
    "Discharging power (MW)": {
      "time period 1": 30.0,
      "time period 2": 0.0,
      "time period 3": 0.0,
      "time period 4": 0.0,
      "time period 5": 3.999999999999998,
      "time period 6": 30.0,
      "time period 7": 0.0,
      "time period 8": 0.0,
      "time period 9": 0.0,
      "time period 10": 0.0,
      "time period 11": 0.0,
      "time period 12": 0.0,
      "time period 13": 0.0,
      "time period 14": 3.999999999999998,
      "time period 15": 30.0,
      "time period 16": 0.0,
      "time period 17": 0.0,
      "time period 18": 0.0,
      "time period 19": 0.0,
      "time period 20": 3.999999999999998,
      "time period 21": 30.0,
      "time period 22": 0.0,
      "time period 23": 0.0,
      "time period 24": 30.0,
      "time period 25": 0.0,
      "time period 26": 3.999999999999998,
      "time period 27": 0.0
    },
    "Charging power (MW)": {
      "time period 1": 0.0,
      "time period 2": 30.0,
      "time period 3": 17.058823529411764,
      "time period 4": 0.0,
      "time period 5": 0.0,
      "time period 6": 0.0,
      "time period 7": 0.0,
      "time period 8": 30.0,
      "time period 9": 17.058823529411764,
      "time period 10": 0.0,
      "time period 11": 0.0,
      "time period 12": 0.0,
      "time period 13": 0.0,
      "time period 14": 0.0,
      "time period 15": 0.0,
      "time period 16": 0.0,
      "time period 17": 30.0,
      "time period 18": 17.058823529411764,
      "time period 19": 0.0,
      "time period 20": 0.0,
      "time period 21": 0.0,
      "time period 22": 30.0,
      "time period 23": 17.058823529411764,
      "time period 24": 0.0,
      "time period 25": 0.0,
      "time period 26": 0.0,
      "time period 27": 0.0
    },
    "Net discharging power (MW)": {
      "time period 1": 30.0,
      "time period 2": -30.0,
      "time period 3": -17.058823529411764,
      "time period 4": 0.0,
      "time period 5": 3.999999999999998,
      "time period 6": 30.0,
      "time period 7": 0.0,
      "time period 8": -30.0,
      "time period 9": -17.058823529411764,
      "time period 10": 0.0,
      "time period 11": 0.0,
      "time period 12": 0.0,
      "time period 13": 0.0,
      "time period 14": 3.999999999999998,
      "time period 15": 30.0,
      "time period 16": 0.0,
      "time period 17": -30.0,
      "time period 18": -17.058823529411764,
      "time period 19": 0.0,
      "time period 20": 3.999999999999998,
      "time period 21": 30.0,
      "time period 22": -30.0,
      "time period 23": -17.058823529411764,
      "time period 24": 30.0,
      "time period 25": 0.0,
      "time period 26": 3.999999999999998,
      "time period 27": 0.0
    },
    "Stored energy (MWh)": {
      "time period 1": 0.0,
      "time period 2": 12.75,
      "time period 3": 20.0,
      "time period 4": 20.0,
      "time period 5": 17.647058823529413,
      "time period 6": 0.0,
      "time period 7": 0.0,
      "time period 8": 12.75,
      "time period 9": 20.0,
      "time period 10": 20.0,
      "time period 11": 20.0,
      "time period 12": 20.0,
      "time period 13": 20.0,
      "time period 14": 17.647058823529413,
      "time period 15": 0.0,
      "time period 16": 0.0,
      "time period 17": 12.75,
      "time period 18": 20.0,
      "time period 19": 20.0,
      "time period 20": 17.647058823529413,
      "time period 21": 0.0,
      "time period 22": 12.75,
      "time period 23": 20.0,
      "time period 24": 2.352941176470587,
      "time period 25": 2.352941176470587,
      "time period 26": 0.0,
      "time period 27": 0.0
    },
    "Final energy (MWh)": 0.0,
    "Hourly average cost ($)": {
      "time period 1": 0.0,
      "time period 2": 3064.495119346619,
      "time period 3": 2352.501660894453,
      "time period 4": 0.0,
      "time period 5": 0.0,
      "time period 6": 0.0,
      "time period 7": 0.0,
      "time period 8": 3301.9376692428614,
      "time period 9": 2150.40055814105,
      "time period 10": 0.0,
      "time period 11": 0.0,
      "time period 12": 0.0,
      "time period 13": 0.0,
      "time period 14": 0.0,
      "time period 15": 0.0,
      "time period 16": 0.0,
      "time period 17": 4735.53648802185,
      "time period 18": 3010.6531560534313,
      "time period 19": 0.0,
      "time period 20": 0.0,
      "time period 21": 0.0,
      "time period 22": 4195.001734794612,
      "time period 23": 2424.6995382057653,
      "time period 24": 0.0,
      "time period 25": 0.0,
      "time period 26": 0.0,
      "time period 27": 0.0
    },
    "Hourly average revenue ($)": {
      "time period 1": 7734.741692284311,
      "time period 2": 0.0,
      "time period 3": 0.0,
      "time period 4": 0.0,
      "time period 5": 1010.9755359758996,
      "time period 6": 8025.3370581254885,
      "time period 7": 0.0,
      "time period 8": 0.0,
      "time period 9": 0.0,
      "time period 10": 0.0,
      "time period 11": 0.0,
      "time period 12": 0.0,
      "time period 13": 0.0,
      "time period 14": 1220.0909868194572,
      "time period 15": 9986.859510292054,
      "time period 16": 0.0,
      "time period 17": 0.0,
      "time period 18": 0.0,
      "time period 19": 0.0,
      "time period 20": 1008.6368694641109,
      "time period 21": 9214.410957778931,
      "time period 22": 0.0,
      "time period 23": 0.0,
      "time period 24": 8827.629558242803,
      "time period 25": 0.0,
      "time period 26": 1134.5883700897211,
      "time period 27": 0.0
    },
    "Total average cost ($)": 25235.225924700644,
    "Total average revenue ($)": 48163.27053907278,
    "Total average profit ($)": 22928.044614372135
  }
}
