{
  "Storage unit 1": {
    "Discharging power (MW)": {
      "time period 1": 0.0,
      "time period 2": 0.0,
      "time period 3": 0.0,
      "time period 4": 3.999999999999998,
      "time period 5": 30.0,
      "time period 6": 0.0,
      "time period 7": 0.0,
      "time period 8": 0.0,
      "time period 9": 0.0,
      "time period 10": 0.0,
      "time period 11": 0.0,
      "time period 12": 0.0,
      "time period 13": 3.999999999999998,
      "time period 14": 30.0,
      "time period 15": 0.0,
      "time period 16": 0.0,
      "time period 17": 0.0,
      "time period 18": 0.0,
      "time period 19": 3.999999999999998,
      "time period 20": 30.0,
      "time period 21": 0.0,
      "time period 22": 0.0,
      "time period 23": 30.0,
      "time period 24": 0.0,
      "time period 25": 3.999999999999998,
      "time period 26": 0.0
    },
    "Charging power (MW)": {
      "time period 1": 30.0,
      "time period 2": 17.058823529411764,
      "time period 3": 0.0,
      "time period 4": 0.0,
      "time period 5": 0.0,
      "time period 6": 0.0,
      "time period 7": 30.0,
      "time period 8": 17.058823529411764,
      "time period 9": 0.0,
      "time period 10": 0.0,
      "time period 11": 0.0,
      "time period 12": 0.0,
      "time period 13": 0.0,
      "time period 14": 0.0,
      "time period 15": 0.0,
      "time period 16": 30.0,
      "time period 17": 17.058823529411764,
      "time period 18": 0.0,
      "time period 19": 0.0,
      "time period 20": 0.0,
      "time period 21": 30.0,
      "time period 22": 17.058823529411764,
      "time period 23": 0.0,
      "time period 24": 0.0,
      "time period 25": 0.0,
      "time period 26": 0.0
    },
    "Net discharging power (MW)": {
      "time period 1": -30.0,
      "time period 2": -17.058823529411764,
      "time period 3": 0.0,
      "time period 4": 3.999999999999998,
      "time period 5": 30.0,
      "time period 6": 0.0,
      "time period 7": -30.0,
      "time period 8": -17.058823529411764,
      "time period 9": 0.0,
      "time period 10": 0.0,
      "time period 11": 0.0,
      "time period 12": 0.0,
      "time period 13": 3.999999999999998,
      "time period 14": 30.0,
      "time period 15": 0.0,
      "time period 16": -30.0,
      "time period 17": -17.058823529411764,
      "time period 18": 0.0,
      "time period 19": 3.999999999999998,
      "time period 20": 30.0,
      "time period 21": -30.0,
      "time period 22": -17.058823529411764,
      "time period 23": 30.0,
      "time period 24": 0.0,
      "time period 25": 3.999999999999998,
      "time period 26": 0.0
    },
    "Stored energy (MWh)": {
      "time period 1": 12.75,
      "time period 2": 20.0,
      "time period 3": 20.0,
      "time period 4": 17.647058823529413,
      "time period 5": 0.0,
      "time period 6": 0.0,
      "time period 7": 12.75,
      "time period 8": 20.0,
      "time period 9": 20.0,
      "time period 10": 20.0,
      "time period 11": 20.0,
      "time period 12": 20.0,
      "time period 13": 17.647058823529413,
      "time period 14": 0.0,
      "time period 15": 0.0,
      "time period 16": 12.75,
      "time period 17": 20.0,
      "time period 18": 20.0,
      "time period 19": 17.647058823529413,
      "time period 20": 0.0,
      "time period 21": 12.75,
      "time period 22": 20.0,
      "time period 23": 2.352941176470587,
      "time period 24": 2.352941176470587,
      "time period 25": 0.0,
      "time period 26": 0.0
    },
    "Final energy (MWh)": 0.0,
    "Hourly average cost ($)": {
      "time period 1": 3125.841692284309,
      "time period 2": 2317.2678129618034,
      "time period 3": 0.0,
      "time period 4": 0.0,
      "time period 5": 0.0,
      "time period 6": 0.0,
      "time period 7": 3243.7901892290033,
      "time period 8": 2068.4606354518205,
      "time period 9": 0.0,
      "time period 10": 0.0,
      "time period 11": 0.0,
      "time period 12": 0.0,
      "time period 13": 0.0,
      "time period 14": 0.0,
      "time period 15": 0.0,
      "time period 16": 4794.224246086122,
      "time period 17": 2959.0442775026204,
      "time period 18": 0.0,
      "time period 19": 0.0,
      "time period 20": 0.0,
      "time period 21": 4230.810957778931,
      "time period 22": 2407.05784919694,
      "time period 23": 0.0,
      "time period 24": 0.0,
      "time period 25": 0.0,
      "time period 26": 0.0
    },
    "Hourly average revenue ($)": {
      "time period 1": 0.0,
      "time period 2": 0.0,
      "time period 3": 0.0,
      "time period 4": 1009.8812813009882,
      "time period 5": 7704.116519819251,
      "time period 6": 0.0,
      "time period 7": 0.0,
      "time period 8": 0.0,
      "time period 9": 0.0,
      "time period 10": 0.0,
      "time period 11": 0.0,
      "time period 12": 0.0,
      "time period 13": 1252.6715990783684,
      "time period 14": 10037.182401145932,
      "time period 15": 0.0,
      "time period 16": 0.0,
      "time period 17": 0.0,
      "time period 18": 0.0,
      "time period 19": 1027.5912462951653,
      "time period 20": 9144.576520980834,
      "time period 21": 0.0,
      "time period 22": 0.0,
      "time period 23": 8775.226774086,
      "time period 24": 0.0,
      "time period 25": 1134.8610618164055,
      "time period 26": 0.0
    },
    "Total average cost ($)": 25146.497660491546,
    "Total average revenue ($)": 40086.10740452294,
    "Total average profit ($)": 14939.609744031393
  }
}
