{
  "Storage unit 1": {
    "Discharging power (MW)": {
      "time period 1": 4.0,
      "time period 2": 30.0,
      "time period 3": 0.0,
      "time period 4": 0.0,
      "time period 5": 0.0,
      "time period 6": 0.0,
      "time period 7": 0.0,
      "time period 8": 0.0,
      "time period 9": 0.0,
      "time period 10": 3.999999999999998,
      "time period 11": 30.0,
      "time period 12": 0.0,
      "time period 13": 0.0,
      "time period 14": 0.0,
      "time period 15": 0.0,
      "time period 16": 3.999999999999998,
      "time period 17": 30.0,
      "time period 18": 0.0,
      "time period 19": 0.0,
      "time period 20": 30.0,
      "time period 21": 0.0,
      "time period 22": 3.999999999999998,
      "time period 23": 0.0
    },
    "Charging power (MW)": {
      "time period 1": 0.0,
      "time period 2": 0.0,
      "time period 3": 0.0,
      "time period 4": 30.0,
      "time period 5": 17.058823529411764,
      "time period 6": 0.0,
      "time period 7": 0.0,
      "time period 8": 0.0,
      "time period 9": 0.0,
      "time period 10": 0.0,
      "time period 11": 0.0,
      "time period 12": 0.0,
      "time period 13": 30.0,
      "time period 14": 17.058823529411764,
      "time period 15": 0.0,
      "time period 16": 0.0,
      "time period 17": 0.0,
      "time period 18": 30.0,
      "time period 19": 17.058823529411764,
      "time period 20": 0.0,
      "time period 21": 0.0,
      "time period 22": 0.0,
      "time period 23": 0.0
    },
    "Net discharging power (MW)": {
      "time period 1": 4.0,
      "time period 2": 30.0,
      "time period 3": 0.0,
      "time period 4": -30.0,
      "time period 5": -17.058823529411764,
      "time period 6": 0.0,
      "time period 7": 0.0,
      "time period 8": 0.0,
      "time period 9": 0.0,
      "time period 10": 3.999999999999998,
      "time period 11": 30.0,
      "time period 12": 0.0,
      "time period 13": -30.0,
      "time period 14": -17.058823529411764,
      "time period 15": 0.0,
      "time period 16": 3.999999999999998,
      "time period 17": 30.0,
      "time period 18": -30.0,
      "time period 19": -17.058823529411764,
      "time period 20": 30.0,
      "time period 21": 0.0,
      "time period 22": 3.999999999999998,
      "time period 23": 0.0
    },
    "Stored energy (MWh)": {
      "time period 1": 17.647058823529413,
      "time period 2": 0.0,
      "time period 3": 0.0,
      "time period 4": 12.75,
      "time period 5": 20.0,
      "time period 6": 20.0,
      "time period 7": 20.0,
      "time period 8": 20.0,
      "time period 9": 20.0,
      "time period 10": 17.647058823529413,
      "time period 11": 0.0,
      "time period 12": 0.0,
      "time period 13": 12.75,
      "time period 14": 20.0,
      "time period 15": 20.0,
      "time period 16": 17.647058823529413,
      "time period 17": 0.0,
      "time period 18": 12.75,
      "time period 19": 20.0,
      "time period 20": 2.352941176470587,
      "time period 21": 2.352941176470587,
      "time period 22": 0.0,
      "time period 23": 0.0
    },
    "Final energy (MWh)": 0.0,
    "Hourly average cost ($)": {
      "time period 1": 0.0,
      "time period 2": 0.0,
      "time period 3": 0.0,
      "time period 4": 2964.909609757415,
      "time period 5": 1881.4839034266333,
      "time period 6": 0.0,
      "time period 7": 0.0,
      "time period 8": 0.0,
      "time period 9": 0.0,
      "time period 10": 0.0,
      "time period 11": 0.0,
      "time period 12": 0.0,
      "time period 13": 5145.836993087771,
      "time period 14": 3053.4056790829823,
      "time period 15": 0.0,
      "time period 16": 0.0,
      "time period 17": 0.0,
      "time period 18": 4303.396929611207,
      "time period 19": 2468.5450209646788,
      "time period 20": 0.0,
      "time period 21": 0.0,
      "time period 22": 0.0,
      "time period 23": 0.0
    },
    "Hourly average revenue ($)": {
      "time period 1": 1011.6588923045745,
      "time period 2": 7647.895119346618,
      "time period 3": 0.0,
      "time period 4": 0.0,
      "time period 5": 0.0,
      "time period 6": 0.0,
      "time period 7": 0.0,
      "time period 8": 0.0,
      "time period 9": 0.0,
      "time period 10": 1215.0383374991081,
      "time period 11": 10116.869055460143,
      "time period 12": 0.0,
      "time period 13": 0.0,
      "time period 14": 0.0,
      "time period 15": 0.0,
      "time period 16": 1023.349899478149,
      "time period 17": 9196.236488021854,
      "time period 18": 0.0,
      "time period 19": 0.0,
      "time period 20": 8710.176520980838,
      "time period 21": 0.0,
      "time period 22": 1128.8135646392811,
      "time period 23": 0.0
    },
    "Total average cost ($)": 19817.578135930686,
    "Total average revenue ($)": 40050.03787773057,
    "Total average profit ($)": 20232.45974179988
  }
}
