{
  "Storage unit 1": {
    "Discharging power (MW)": {
      "time period 1": 0.0,
      "time period 2": 0.0,
      "time period 3": 0.0,
      "time period 4": 0.0,
      "time period 5": 0.0,
      "time period 6": 0.0,
      "time period 7": 0.0,
      "time period 8": 0.0,
      "time period 9": 0.0,
      "time period 10": 0.0,
      "time period 11": 30.0,
      "time period 12": 0.0,
      "time period 13": 0.0,
      "time period 14": 0.0,
      "time period 15": 0.0,
      "time period 16": 13.349999999999998,
      "time period 17": 0.0,
      "time period 18": 0.0,
      "time period 19": 3.999999999999998,
      "time period 20": 30.0,
      "time period 21": 0.0,
      "time period 22": 0.0,
      "time period 23": 0.0,
      "time period 24": 3.999999999999998,
      "time period 25": 30.0,
      "time period 26": 0.0,
      "time period 27": 0.0,
      "time period 28": 0.0,
      "time period 29": 0.0,
      "time period 30": 0.0,
      "time period 31": 0.0,
      "time period 32": 0.0,
      "time period 33": 3.999999999999998,
      "time period 34": 30.0,
      "time period 35": 0.0,
      "time period 36": 0.0,
      "time period 37": 0.0,
      "time period 38": 0.0,
      "time period 39": 3.999999999999998,
      "time period 40": 30.0,
      "time period 41": 0.0,
      "time period 42": 0.0,
      "time period 43": 30.0,
      "time period 44": 0.0,
      "time period 45": 3.999999999999998,
      "time period 46": 0.0
    },
    "Charging power (MW)": {
      "time period 1": 0.0,
      "time period 2": 0.0,
      "time period 3": 0.0,
      "time period 4": 30.0,
      "time period 5": 17.058823529411764,
      "time period 6": 0.0,
      "time period 7": 0.0,
      "time period 8": 0.0,
      "time period 9": 0.0,
      "time period 10": 0.0,
      "time period 11": 0.0,
      "time period 12": 0.0,
      "time period 13": 0.0,
      "time period 14": 30.0,
      "time period 15": 0.0,
      "time period 16": 0.0,
      "time period 17": 0.0,
      "time period 18": 30.0,
      "time period 19": 0.0,
      "time period 20": 0.0,
      "time period 21": 30.0,
      "time period 22": 17.058823529411764,
      "time period 23": 0.0,
      "time period 24": 0.0,
      "time period 25": 0.0,
      "time period 26": 0.0,
      "time period 27": 30.0,
      "time period 28": 17.058823529411764,
      "time period 29": 0.0,
      "time period 30": 0.0,
      "time period 31": 0.0,
      "time period 32": 0.0,
      "time period 33": 0.0,
      "time period 34": 0.0,
      "time period 35": 0.0,
      "time period 36": 30.0,
      "time period 37": 17.058823529411764,
      "time period 38": 0.0,
      "time period 39": 0.0,
      "time period 40": 0.0,
      "time period 41": 30.0,
      "time period 42": 17.058823529411764,
      "time period 43": 0.0,
      "time period 44": 0.0,
      "time period 45": 0.0,
      "time period 46": 0.0
    },
    "Net discharging power (MW)": {
      "time period 1": 0.0,
      "time period 2": 0.0,
      "time period 3": 0.0,
      "time period 4": -30.0,
      "time period 5": -17.058823529411764,
      "time period 6": 0.0,
      "time period 7": 0.0,
      "time period 8": 0.0,
      "time period 9": 0.0,
      "time period 10": 0.0,
      "time period 11": 30.0,
      "time period 12": 0.0,
      "time period 13": 0.0,
      "time period 14": -30.0,
      "time period 15": 0.0,
      "time period 16": 13.349999999999998,
      "time period 17": 0.0,
      "time period 18": -30.0,
      "time period 19": 3.999999999999998,
      "time period 20": 30.0,
      "time period 21": -30.0,
      "time period 22": -17.058823529411764,
      "time period 23": 0.0,
      "time period 24": 3.999999999999998,
      "time period 25": 30.0,
      "time period 26": 0.0,
      "time period 27": -30.0,
      "time period 28": -17.058823529411764,
      "time period 29": 0.0,
      "time period 30": 0.0,
      "time period 31": 0.0,
      "time period 32": 0.0,
      "time period 33": 3.999999999999998,
      "time period 34": 30.0,
      "time period 35": 0.0,
      "time period 36": -30.0,
      "time period 37": -17.058823529411764,
      "time period 38": 0.0,
      "time period 39": 3.999999999999998,
      "time period 40": 30.0,
      "time period 41": -30.0,
      "time period 42": -17.058823529411764,
      "time period 43": 30.0,
      "time period 44": 0.0,
      "time period 45": 3.999999999999998,
      "time period 46": 0.0
    },
    "Stored energy (MWh)": {
      "time period 1": 0.0,
      "time period 2": 0.0,
      "time period 3": 0.0,
      "time period 4": 12.75,
      "time period 5": 20.0,
      "time period 6": 20.0,
      "time period 7": 20.0,
      "time period 8": 20.0,
      "time period 9": 20.0,
      "time period 10": 20.0,
      "time period 11": 2.352941176470587,
      "time period 12": 2.352941176470587,
      "time period 13": 2.352941176470587,
      "time period 14": 15.102941176470587,
      "time period 15": 15.102941176470587,
      "time period 16": 7.25,
      "time period 17": 7.25,
      "time period 18": 20.0,
      "time period 19": 17.647058823529413,
      "time period 20": 0.0,
      "time period 21": 12.75,
      "time period 22": 20.0,
      "time period 23": 20.0,
      "time period 24": 17.647058823529413,
      "time period 25": 0.0,
      "time period 26": 0.0,
      "time period 27": 12.75,
      "time period 28": 20.0,
      "time period 29": 20.0,
      "time period 30": 20.0,
      "time period 31": 20.0,
      "time period 32": 20.0,
      "time period 33": 17.647058823529413,
      "time period 34": 0.0,
      "time period 35": 0.0,
      "time period 36": 12.75,
      "time period 37": 20.0,
      "time period 38": 20.0,
      "time period 39": 17.647058823529413,
      "time period 40": 0.0,
      "time period 41": 12.75,
      "time period 42": 20.0,
      "time period 43": 2.352941176470587,
      "time period 44": 2.352941176470587,
      "time period 45": 0.0,
      "time period 46": 0.0
    },
    "Final energy (MWh)": 0.0,
    "Hourly average cost ($)": {
      "time period 1": 0.0,
      "time period 2": 0.0,
      "time period 3": 0.0,
      "time period 4": 2784.3096097574166,
      "time period 5": 1720.107432838398,
      "time period 6": 0.0,
      "time period 7": 0.0,
      "time period 8": 0.0,
      "time period 9": 0.0,
      "time period 10": 0.0,
      "time period 11": 0.0,
      "time period 12": 0.0,
      "time period 13": 0.0,
      "time period 14": 3863.4824011459345,
      "time period 15": 0.0,
      "time period 16": 0.0,
      "time period 17": 0.0,
      "time period 18": 4487.296929611205,
      "time period 19": 0.0,
      "time period 20": 0.0,
      "time period 21": 3812.3109577789287,
      "time period 22": 2722.1343197851756,
      "time period 23": 0.0,
      "time period 24": 0.0,
      "time period 25": 0.0,
      "time period 26": 0.0,
      "time period 27": 3903.798440803529,
      "time period 28": 2253.3074618817486,
      "time period 29": 0.0,
      "time period 30": 0.0,
      "time period 31": 0.0,
      "time period 32": 0.0,
      "time period 33": 0.0,
      "time period 34": 0.0,
      "time period 35": 0.0,
      "time period 36": 4659.196748794557,
      "time period 37": 2929.9410743013273,
      "time period 38": 0.0,
      "time period 39": 0.0,
      "time period 40": 0.0,
      "time period 41": 4165.444117607115,
      "time period 42": 2417.5839778592717,
      "time period 43": 0.0,
      "time period 44": 0.0,
      "time period 45": 0.0,
      "time period 46": 0.0
    },
    "Hourly average revenue ($)": {
      "time period 1": 0.0,
      "time period 2": 0.0,
      "time period 3": 0.0,
      "time period 4": 0.0,
      "time period 5": 0.0,
      "time period 6": 0.0,
      "time period 7": 0.0,
      "time period 8": 0.0,
      "time period 9": 0.0,
      "time period 10": 0.0,
      "time period 11": 8248.169055460145,
      "time period 12": 0.0,