{
  "Storage unit 1": {
    "Discharging power (MW)": {
      "time period 1": 0.0,
      "time period 2": 0.0,
      "time period 3": 0.0,
      "time period 4": 3.999999999999998,
      "time period 5": 30.0,
      "time period 6": 0.0,
      "time period 7": 0.0,
      "time period 8": 0.0,
      "time period 9": 0.0,
      "time period 10": 3.999999999999998,
      "time period 11": 30.0,
      "time period 12": 0.0,
      "time period 13": 0.0,
      "time period 14": 30.0,
      "time period 15": 0.0,
      "time period 16": 3.999999999999998,
      "time period 17": 0.0
    },
    "Charging power (MW)": {
      "time period 1": 0.0,
      "time period 2": 0.0,
      "time period 3": 0.0,
      "time period 4": 0.0,
      "time period 5": 0.0,
      "time period 6": 0.0,
      "time period 7": 30.0,
      "time period 8": 17.058823529411764,
      "time period 9": 0.0,
      "time period 10": 0.0,
      "time period 11": 0.0,
      "time period 12": 30.0,
      "time period 13": 17.058823529411764,
      "time period 14": 0.0,
      "time period 15": 0.0,
      "time period 16": 0.0,
      "time period 17": 0.0
    },
    "Net discharging power (MW)": {
      "time period 1": 0.0,
      "time period 2": 0.0,
      "time period 3": 0.0,
      "time period 4": 3.999999999999998,
      "time period 5": 30.0,
      "time period 6": 0.0,
      "time period 7": -30.0,
      "time period 8": -17.058823529411764,
      "time period 9": 0.0,
      "time period 10": 3.999999999999998,
      "time period 11": 30.0,
      "time period 12": -30.0,
      "time period 13": -17.058823529411764,
      "time period 14": 30.0,
      "time period 15": 0.0,
      "time period 16": 3.999999999999998,
      "time period 17": 0.0
    },
    "Stored energy (MWh)": {
      "time period 1": 20.0,
      "time period 2": 20.0,
      "time period 3": 20.0,
      "time period 4": 17.647058823529413,
      "time period 5": 0.0,
      "time period 6": 0.0,
      "time period 7": 12.75,
      "time period 8": 20.0,
      "time period 9": 20.0,
      "time period 10": 17.647058823529413,
      "time period 11": 0.0,
      "time period 12": 12.75,
      "time period 13": 20.0,
      "time period 14": 2.352941176470587,
      "time period 15": 2.352941176470587,
      "time period 16": 0.0,
      "time period 17": 0.0
    },
    "Final energy (MWh)": 0.0,
    "Hourly average cost ($)": {
      "time period 1": 0.0,
      "time period 2": 0.0,
      "time period 3": 0.0,
      "time period 4": 0.0,
      "time period 5": 0.0,
      "time period 6": 0.0,
      "time period 7": 4332.790189229003,
      "time period 8": 2763.0959295694693,
      "time period 9": 0.0,
      "time period 10": 0.0,
      "time period 11": 0.0,
      "time period 12": 4423.711947308532,
      "time period 13": 2650.393584304808,
      "time period 14": 0.0,
      "time period 15": 0.0,
      "time period 16": 0.0,
      "time period 17": 0.0
    },
    "Hourly average revenue ($)": {
      "time period 1": 0.0,
      "time period 2": 0.0,
      "time period 3": 0.0,
      "time period 4": 1107.081281300988,
      "time period 5": 9197.816519819253,
      "time period 6": 0.0,
      "time period 7": 0.0,
      "time period 8": 0.0,
      "time period 9": 0.0,
      "time period 10": 1032.5983374991085,
      "time period 11": 9441.869055460147,
      "time period 12": 0.0,
      "time period 13": 0.0,
      "time period 14": 8927.782401145932,
      "time period 15": 0.0,
      "time period 16": 1138.9898994781488,
      "time period 17": 0.0
    },
    "Total average cost ($)": 14169.991650411812,
    "Total average revenue ($)": 30846.137494703573,
    "Total average profit ($)": 16676.14584429176
  }
}
