{
  "Storage unit 1": {
    "Discharging power (MW)": {
      "time period 1": 0.0,
      "time period 2": 3.999999999999998,
      "time period 3": 30.0,
      "time period 4": 0.0,
      "time period 5": 0.0,
      "time period 6": 30.0,
      "time period 7": 0.0,
      "time period 8": 3.999999999999998,
      "time period 9": 0.0
    },
    "Charging power (MW)": {
      "time period 1": 0.0,
      "time period 2": 0.0,
      "time period 3": 0.0,
      "time period 4": 30.0,
      "time period 5": 17.058823529411764,
      "time period 6": 0.0,
      "time period 7": 0.0,
      "time period 8": 0.0,
      "time period 9": 0.0
    },
    "Net discharging power (MW)": {
      "time period 1": 0.0,
      "time period 2": 3.999999999999998,
      "time period 3": 30.0,
      "time period 4": -30.0,
      "time period 5": -17.058823529411764,
      "time period 6": 30.0,
      "time period 7": 0.0,
      "time period 8": 3.999999999999998,
      "time period 9": 0.0
    },
    "Stored energy (MWh)": {
      "time period 1": 20.0,
      "time period 2": 17.647058823529413,
      "time period 3": 0.0,
      "time period 4": 12.75,
      "time period 5": 20.0,
      "time period 6": 2.352941176470587,
      "time period 7": 2.352941176470587,
      "time period 8": 0.0,
      "time period 9": 0.0
    },
    "Final energy (MWh)": 0.0,
    "Hourly average cost ($)": {
      "time period 1": 0.0,
      "time period 2": 0.0,
      "time period 3": 0.0,
      "time period 4": 3531.0096097574146,
      "time period 5": 2034.1603740148691,
      "time period 6": 0.0,
      "time period 7": 0.0,
      "time period 8": 0.0,
      "time period 9": 0.0
    },
    "Hourly average revenue ($)": {
      "time period 1": 0.0,
      "time period 2": 918.2393492462157,
      "time period 3": 8528.558093297142,
      "time period 4": 0.0,
      "time period 5": 0.0,
      "time period 6": 8409.637058125489,
      "time period 7": 0.0,
      "time period 8": 1085.2183558990473,
      "time period 9": 0.0
    },
    "Total average cost ($)": 5565.169983772284,
    "Total average revenue ($)": 18941.652856567893,
    "Total average profit ($)": 13376.482872795608
  }
}
