{
  "Storage unit 1": {
    "Discharging power (MW)": {
      "time period 1": 0.0,
      "time period 2": 0.0,
      "time period 3": 0.0,
      "time period 4": 0.0,
      "time period 5": 0.0,
      "time period 6": 0.0,
      "time period 7": 0.0,
      "time period 8": 0.0,
      "time period 9": 30.0,
      "time period 10": 0.0,
      "time period 11": 0.0,
      "time period 12": 0.0,
      "time period 13": 0.0,
      "time period 14": 13.349999999999998,
      "time period 15": 0.0,
      "time period 16": 0.0,
      "time period 17": 3.999999999999998,
      "time period 18": 30.0,
      "time period 19": 0.0,
      "time period 20": 0.0,
      "time period 21": 0.0,
      "time period 22": 3.999999999999998,
      "time period 23": 30.0,
      "time period 24": 0.0,
      "time period 25": 0.0,
      "time period 26": 0.0,
      "time period 27": 0.0,
      "time period 28": 0.0,
      "time period 29": 0.0,
      "time period 30": 0.0,
      "time period 31": 3.999999999999998,
      "time period 32": 30.0,
      "time period 33": 0.0,
      "time period 34": 0.0,
      "time period 35": 0.0,
      "time period 36": 0.0,
      "time period 37": 3.999999999999998,
      "time period 38": 30.0,
      "time period 39": 0.0,
      "time period 40": 0.0,
      "time period 41": 3.999999999999998,
      "time period 42": 0.0,
      "time period 43": 30.0,
      "time period 44": 0.0
    },
    "Charging power (MW)": {
      "time period 1": 17.058823529411764,
      "time period 2": 30.0,
      "time period 3": 0.0,
      "time period 4": 0.0,
      "time period 5": 0.0,
      "time period 6": 0.0,
      "time period 7": 0.0,
      "time period 8": 0.0,
      "time period 9": 0.0,
      "time period 10": 0.0,
      "time period 11": 0.0,
      "time period 12": 30.0,
      "time period 13": 0.0,
      "time period 14": 0.0,
      "time period 15": 0.0,
      "time period 16": 30.0,
      "time period 17": 0.0,
      "time period 18": 0.0,
      "time period 19": 30.0,
      "time period 20": 17.058823529411764,
      "time period 21": 0.0,
      "time period 22": 0.0,
      "time period 23": 0.0,
      "time period 24": 0.0,
      "time period 25": 30.0,
      "time period 26": 17.058823529411764,
      "time period 27": 0.0,
      "time period 28": 0.0,
      "time period 29": 0.0,
      "time period 30": 0.0,
      "time period 31": 0.0,
      "time period 32": 0.0,
      "time period 33": 0.0,
      "time period 34": 30.0,
      "time period 35": 17.058823529411764,
      "time period 36": 0.0,
      "time period 37": 0.0,
      "time period 38": 0.0,
      "time period 39": 17.058823529411764,
      "time period 40": 30.0,
      "time period 41": 0.0,
      "time period 42": 0.0,
      "time period 43": 0.0,
      "time period 44": 0.0
    },
    "Net discharging power (MW)": {
      "time period 1": -17.058823529411764,
      "time period 2": -30.0,
      "time period 3": 0.0,
      "time period 4": 0.0,
      "time period 5": 0.0,
      "time period 6": 0.0,
      "time period 7": 0.0,
      "time period 8": 0.0,
      "time period 9": 30.0,
      "time period 10": 0.0,
      "time period 11": 0.0,
      "time period 12": -30.0,
      "time period 13": 0.0,
      "time period 14": 13.349999999999998,
      "time period 15": 0.0,
      "time period 16": -30.0,
      "time period 17": 3.999999999999998,
      "time period 18": 30.0,
      "time period 19": -30.0,
      "time period 20": -17.058823529411764,
      "time period 21": 0.0,
      "time period 22": 3.999999999999998,
      "time period 23": 30.0,
      "time period 24": 0.0,
      "time period 25": -30.0,
      "time period 26": -17.058823529411764,
      "time period 27": 0.0,
      "time period 28": 0.0,
      "time period 29": 0.0,
      "time period 30": 0.0,
      "time period 31": 3.999999999999998,
      "time period 32": 30.0,
      "time period 33": 0.0,
      "time period 34": -30.0,
      "time period 35": -17.058823529411764,
      "time period 36": 0.0,
      "time period 37": 3.999999999999998,
      "time period 38": 30.0,
      "time period 39": -17.058823529411764,
      "time period 40": -30.0,
      "time period 41": 3.999999999999998,
      "time period 42": 0.0,
      "time period 43": 30.0,
      "time period 44": 0.0
    },
    "Stored energy (MWh)": {
      "time period 1": 7.25,
      "time period 2": 20.0,
      "time period 3": 20.0,
      "time period 4": 20.0,
      "time period 5": 20.0,
      "time period 6": 20.0,
      "time period 7": 20.0,
      "time period 8": 20.0,
      "time period 9": 2.352941176470587,
      "time period 10": 2.352941176470587,
      "time period 11": 2.352941176470587,
      "time period 12": 15.102941176470587,
      "time period 13": 15.102941176470587,
      "time period 14": 7.25,
      "time period 15": 7.25,
      "time period 16": 20.0,
      "time period 17": 17.647058823529413,
      "time period 18": 0.0,
      "time period 19": 12.75,
      "time period 20": 20.0,
      "time period 21": 20.0,
      "time period 22": 17.647058823529413,
      "time period 23": 0.0,
      "time period 24": 0.0,
      "time period 25": 12.75,
      "time period 26": 20.0,
      "time period 27": 20.0,
      "time period 28": 20.0,
      "time period 29": 20.0,
      "time period 30": 20.0,
      "time period 31": 17.647058823529413,
      "time period 32": 0.0,
      "time period 33": 0.0,
      "time period 34": 12.75,
      "time period 35": 20.0,
      "time period 36": 20.0,
      "time period 37": 17.647058823529413,
      "time period 38": 0.0,
      "time period 39": 7.25,
      "time period 40": 20.0,
      "time period 41": 17.647058823529413,
      "time period 42": 17.647058823529413,
      "time period 43": 0.0,
      "time period 44": 0.0
    },
    "Final energy (MWh)": 0.0,
    "Hourly average cost ($)": {
      "time period 1": 1720.4629230636276,
      "time period 2": 2736.2951193466183,
      "time period 3": 0.0,
      "time period 4": 0.0,
      "time period 5": 0.0,
      "time period 6": 0.0,
      "time period 7": 0.0,
      "time period 8": 0.0,
      "time period 9": 0.0,
      "time period 10": 0.0,
      "time period 11": 0.0,
      "time period 12": 3908.6119473085323,
      "time period 13": 0.0,
      "time period 14": 0.0,
      "time period 15": 0.0,
      "time period 16": 4455.224246086122,
      "time period 17": 0.0,
      "time period 18": 0.0,
      "time period 19": 3884.634347213744,
      "time period 20": 2702.786649185181,
      "time period 21": 0.0,
      "time period 22": 0.0,
      "time period 23": 0.0,
      "time period 24": 0.0,
      "time period 25": 3674.2579636230475,
      "time period 26": 2279.0092253826365,
      "time period 27": 0.0,
      "time period 28": 0.0,
      "time period 29": 0.0,
      "time period 30": 0.0,
      "time period 31": 0.0,
      "time period 32": 0.0,
      "time period 33": 0.0,
      "time period 34": 4641.585095466613,
      "time period 35": 2739.5341726767033,
      "time period 36": 0.0,
      "time period 37": 0.0,
      "time period 38": 0.0,
      "time period 39": 2555.2545033315764,
      "time period 40": 4248.289648212432,
      "time period 41": 0.0,
      "time period 42": 0.0,
      "time period 43": 0.0,
      "time period 44": 0.0
    },
    "Hourly average revenue ($)": {
      "time period 1": 0.0,
      "time period 2": 0.0,
      "time period 3": 0.0,
      "time period 4": 0.0,
      "time period 5": 0.0,
      "time period 6": 0.0,
      "time period 7": 0.0,
      "time period 8": 0.0,
      "time period 9": 7802.0389125928805,
      "time period 10": 0.0,
      "time period 11": 0.0,
      "time period 12": 0.0,
      "time period 13": 0.0,
      "time period 14": 3460.7571685099406,
      "time period 15": 0.0,
      "time period 16": 0.0,
      "time period 17": 1081.3248650695798,
      "time period 18": 8493.79692961121,
      "time period 19": 0.0,
      "time period 20": 0.0,
      "time period 21": 0.0,