{
    "Storage unit 1": {
        "Discharging power (MW)": {
            "time period 1": 0.0,
            "time period 2": 0.0,
            "time period 3": 0.0,
            "time period 4": 0.0,
            "time period 5": 0.0,
            "time period 6": 0.0,
            "time period 7": 0.0,
            "time period 8": 0.0,
            "time period 9": 0.0,
            "time period 10": 0.0,
            "time period 11": 0.0,
            "time period 12": 0.0,
            "time period 13": 300.0000000000002,
            "time period 14": 0.0,
            "time period 15": 0.0,
            "time period 16": 0.0,
            "time period 17": 0.0,
            "time period 18": 216.75,
            "time period 19": 0.0,
            "time period 20": 0.0,
            "time period 21": 300.0000000000002,
            "time period 22": 300.0,
            "time period 23": 0.0,
            "time period 24": 0.0,
            "time period 25": 100.49999999999962,
            "time period 26": 300.0,
            "time period 27": 300.0,
            "time period 28": 0.0,
            "time period 29": 0.0,
            "time period 30": 0.0,
            "time period 31": 0.0,
            "time period 32": 0.0,
            "time period 33": 0.0,
            "time period 34": 0.0,
            "time period 35": 300.0000000000002,
            "time period 36": 300.0,
            "time period 37": 300.0,
            "time period 38": 0.0,
            "time period 39": 0.0,
            "time period 40": 0.0,
            "time period 41": 0.0,
            "time period 42": 300.0,
            "time period 43": 0.0,
            "time period 44": 0.0,
            "time period 45": 300.0,
            "time period 46": 300.0,
            "time period 47": 299.9999999999999,
            "time period 48": 0.0
        },
        "Charging power (MW)": {
            "time period 1": 300.0,
            "time period 2": 29.411764705882355,
            "time period 3": 0.0,
            "time period 4": 300.0,
            "time period 5": 300.0,
            "time period 6": 300.0,
            "time period 7": 300.0,
            "time period 8": 0.0,
            "time period 9": 0.0,
            "time period 10": 0.0,
            "time period 11": 0.0,
            "time period 12": 0.0,
            "time period 13": 0.0,
            "time period 14": 0.0,
            "time period 15": 0.0,
            "time period 16": 300.0,
            "time period 17": 115.22491349481002,
            "time period 18": 0.0,
            "time period 19": 0.0,
            "time period 20": 300.0,
            "time period 21": 0.0,
            "time period 22": 0.0,
            "time period 23": 300.0,
            "time period 24": 300.0,
            "time period 25": 0.0,
            "time period 26": 0.0,
            "time period 27": 0.0,
            "time period 28": 0.0,
            "time period 29": 299.99999999999994,
            "time period 30": 300.0,
            "time period 31": 300.0,
            "time period 32": 300.0,
            "time period 33": 0.0,
            "time period 34": 0.0,
            "time period 35": 0.0,
            "time period 36": 0.0,
            "time period 37": 0.0,
            "time period 38": 300.0,
            "time period 39": 299.99999999999994,
            "time period 40": 177.16262975778585,
            "time period 41": 0.0,
            "time period 42": 0.0,
            "time period 43": 300.0,
            "time period 44": 300.0,
            "time period 45": 0.0,
            "time period 46": 0.0,
            "time period 47": 0.0,
            "time period 48": 0.0
        },
        "Net discharging power (MW)": {
            "time period 1": -300.0,
            "time period 2": -29.411764705882355,
            "time period 3": 0.0,
            "time period 4": -300.0,
            "time period 5": -300.0,
            "time period 6": -300.0,
            "time period 7": -300.0,
            "time period 8": 0.0,
            "time period 9": 0.0,
            "time period 10": 0.0,
            "time period 11": 0.0,
            "time period 12": 0.0,
            "time period 13": 300.0000000000002,
            "time period 14": 0.0,
            "time period 15": 0.0,
            "time period 16": -300.0,
            "time period 17": -115.22491349481002,
            "time period 18": 216.75,
            "time period 19": 0.0,
            "time period 20": -300.0,
            "time period 21": 300.0000000000002,
            "time period 22": 300.0,
            "time period 23": -300.0,
            "time period 24": -300.0,
            "time period 25": 100.49999999999962,
            "time period 26": 300.0,
            "time period 27": 300.0,
            "time period 28": 0.0,
            "time period 29": -299.99999999999994,
            "time period 30": -300.0,
            "time period 31": -300.0,
            "time period 32": -300.0,
            "time period 33": 0.0,
            "time period 34": 0.0,
            "time period 35": 300.0000000000002,
            "time period 36": 300.0,
            "time period 37": 300.0,
            "time period 38": -300.0,
            "time period 39": -299.99999999999994,
            "time period 40": -177.16262975778585,
            "time period 41": 0.0,
            "time period 42": 300.0,
            "time period 43": -300.0,
            "time period 44": -300.0,
            "time period 45": 300.0,
            "time period 46": 300.0,
            "time period 47": 299.9999999999999,
            "time period 48": 0.0
        },
        "Stored energy (MWh)": {
            "time period 1": 127.5,
            "time period 2": 140.0,
            "time period 3": 140.0,
            "time period 4": 267.5,
            "time period 5": 395.0,
            "time period 6": 522.5,
            "time period 7": 650.0,
            "time period 8": 650.0,
            "time period 9": 650.0,
            "time period 10": 650.0,
            "time period 11": 650.0,
            "time period 12": 650.0,
            "time period 13": 473.52941176470574,
            "time period 14": 473.52941176470574,
            "time period 15": 473.52941176470574,
            "time period 16": 601.0294117647057,
            "time period 17": 650.0,
            "time period 18": 522.5,
            "time period 19": 522.5,
            "time period 20": 650.0,
            "time period 21": 473.52941176470574,
            "time period 22": 297.0588235294116,
            "time period 23": 424.5588235294116,
            "time period 24": 552.0588235294116,
            "time period 25": 492.9411764705883,
            "time period 26": 316.47058823529414,
            "time period 27": 140.00000000000003,
            "time period 28": 140.00000000000003,
            "time period 29": 267.5,
            "time period 30": 395.0,
            "time period 31": 522.5,
            "time period 32": 650.0,
            "time period 33": 650.0,
            "time period 34": 650.0,
            "time period 35": 473.52941176470574,
            "time period 36": 297.0588235294116,
            "time period 37": 120.58823529411748,
            "time period 38": 248.08823529411748,
            "time period 39": 375.58823529411745,
            "time period 40": 450.88235294117646,
            "time period 41": 450.88235294117646,
            "time period 42": 274.4117647058823,
            "time period 43": 401.9117647058823,
            "time period 44": 529.4117647058823,
            "time period 45": 352.9411764705882,
            "time period 46": 176.47058823529406,
            "time period 47": 0.0,
            "time period 48": 0.0
        },
        "Hourly average cost ($)": {
            "time period 1": 32482.41692284311,
            "time period 2": 3156.6095022395207,
            "time period 3": 0.0,
            "time period 4": 32017.416922843106,
            "time period 5": 30256.416922843106,