{
  "Storage unit 1": {
    "Discharging power (MW)": {
      "time period 1": 215.25,
      "time period 2": 300.0,
      "time period 3": 0.0,
      "time period 4": 0.0,
      "time period 5": 0.0,
      "time period 6": 0.0,
      "time period 7": 0.0,
      "time period 8": 300.0,
      "time period 9": 0.0,
      "time period 10": 0.0,
      "time period 11": 300.0,
      "time period 12": 0.0,
      "time period 13": 300.0,
      "time period 14": 0.0
    },
    "Charging power (MW)": {
      "time period 1": 0.0,
      "time period 2": 0.0,
      "time period 3": 0.0,
      "time period 4": 300.0,
      "time period 5": 300.0,
      "time period 6": 0.0,
      "time period 7": 0.0,
      "time period 8": 0.0,
      "time period 9": 300.0,
      "time period 10": 0.0,
      "time period 11": 0.0,
      "time period 12": 0.0,
      "time period 13": 0.0,
      "time period 14": 0.0
    },
    "Net discharging power (MW)": {
      "time period 1": 215.25,
      "time period 2": 300.0,
      "time period 3": 0.0,
      "time period 4": -300.0,
      "time period 5": -300.0,
      "time period 6": 0.0,
      "time period 7": 0.0,
      "time period 8": 300.0,
      "time period 9": -300.0,
      "time period 10": 0.0,
      "time period 11": 300.0,
      "time period 12": 0.0,
      "time period 13": 300.0,
      "time period 14": 0.0
    },
    "Stored energy (MWh)": {
      "time period 1": 323.38235294117646,
      "time period 2": 146.91176470588232,
      "time period 3": 146.91176470588232,
      "time period 4": 274.4117647058823,
      "time period 5": 401.9117647058823,
      "time period 6": 401.9117647058823,
      "time period 7": 401.9117647058823,
      "time period 8": 225.44117647058823,
      "time period 9": 352.94117647058823,
      "time period 10": 352.94117647058823,
      "time period 11": 176.47058823529412,
      "time period 12": 176.47058823529412,
      "time period 13": 0.0,
      "time period 14": 0.0
    },
    "Final energy (MWh)": 0.0,
    "Hourly average cost ($)": {
      "time period 1": 0.0,
      "time period 2": 0.0,
      "time period 3": 0.0,
      "time period 4": 40539.09609757414,
      "time period 5": 45304.165198192524,
      "time period 6": 0.0,
      "time period 7": 0.0,
      "time period 8": 0.0,
      "time period 9": 40121.389125928785,
      "time period 10": 0.0,
      "time period 11": 0.0,
      "time period 12": 0.0,
      "time period 13": 0.0,
      "time period 14": 0.0
    },
    "Hourly average revenue ($)": {
      "time period 1": 59670.469142139926,
      "time period 2": 91415.95119346619,
      "time period 3": 0.0,
      "time period 4": 0.0,
      "time period 5": 0.0,
      "time period 6": 0.0,
      "time period 7": 0.0,
      "time period 8": 88516.37669242859,
      "time period 9": 0.0,
      "time period 10": 0.0,
      "time period 11": 90074.69055460143,
      "time period 12": 0.0,
      "time period 13": 88940.36993087774,
      "time period 14": 0.0
    },
    "Total average cost ($)": 125964.65042169543,
    "Total average revenue ($)": 418617.8575135139,
    "Total average profit ($)": 292653.20709181845
  }
}
