{
  "Storage unit 1": {
    "Discharging power (MW)": {
      "time period 1": 300.0000000000003,
      "time period 2": 300.0,
      "time period 3": 0.0,
      "time period 4": 0.0,
      "time period 5": 0.0,
      "time period 6": 0.0,
      "time period 7": 0.0,
      "time period 8": 0.0,
      "time period 9": 0.0,
      "time period 10": 300.0,
      "time period 11": 300.0,
      "time period 12": 0.0,
      "time period 13": 0.0,
      "time period 14": 0.0,
      "time period 15": 0.0,
      "time period 16": 0.0,
      "time period 17": 300.0,
      "time period 18": 0.0,
      "time period 19": 0.0,
      "time period 20": 300.0,
      "time period 21": 0.0,
      "time period 22": 133.5,
      "time period 23": 0.0
    },
    "Charging power (MW)": {
      "time period 1": 0.0,
      "time period 2": 0.0,
      "time period 3": 0.0,
      "time period 4": 300.0,
      "time period 5": 300.0,
      "time period 6": 300.0,
      "time period 7": 0.0,
      "time period 8": 0.0,
      "time period 9": 0.0,
      "time period 10": 0.0,
      "time period 11": 0.0,
      "time period 12": 0.0,
      "time period 13": 186.85121107266443,
      "time period 14": 0.0,
      "time period 15": 0.0,
      "time period 16": 0.0,
      "time period 17": 0.0,
      "time period 18": 300.0,
      "time period 19": 300.0,
      "time period 20": 0.0,
      "time period 21": 0.0,
      "time period 22": 0.0,
      "time period 23": 0.0
    },
    "Net discharging power (MW)": {
      "time period 1": 300.0000000000003,
      "time period 2": 300.0,
      "time period 3": 0.0,
      "time period 4": -300.0,
      "time period 5": -300.0,
      "time period 6": -300.0,
      "time period 7": 0.0,
      "time period 8": 0.0,
      "time period 9": 0.0,
      "time period 10": 300.0,
      "time period 11": 300.0,
      "time period 12": 0.0,
      "time period 13": -186.85121107266443,
      "time period 14": 0.0,
      "time period 15": 0.0,
      "time period 16": 0.0,
      "time period 17": 300.0,
      "time period 18": -300.0,
      "time period 19": -300.0,
      "time period 20": 300.0,
      "time period 21": 0.0,
      "time period 22": 133.5,
      "time period 23": 0.0
    },
    "Stored energy (MWh)": {
      "time period 1": 243.97058823529395,
      "time period 2": 67.49999999999983,
      "time period 3": 67.49999999999983,
      "time period 4": 194.99999999999983,
      "time period 5": 322.49999999999983,
      "time period 6": 449.99999999999983,
      "time period 7": 450.0,
      "time period 8": 450.0,
      "time period 9": 450.0,
      "time period 10": 273.52941176470586,
      "time period 11": 97.05882352941174,
      "time period 12": 97.05882352941174,
      "time period 13": 176.47058823529412,
      "time period 14": 176.47058823529412,
      "time period 15": 176.47058823529412,
      "time period 16": 176.47058823529412,
      "time period 17": 0.0,
      "time period 18": 127.5,
      "time period 19": 255.0,
      "time period 20": 78.52941176470588,
      "time period 21": 78.52941176470588,
      "time period 22": 0.0,
      "time period 23": 0.0
    },
    "Final energy (MWh)": 0.0,
    "Hourly average cost ($)": {
      "time period 1": 0.0,
      "time period 2": 0.0,
      "time period 3": 0.0,
      "time period 4": 29649.09609757415,
      "time period 5": 33088.16519819252,
      "time period 6": 40506.37058125489,
      "time period 7": 0.0,
      "time period 8": 0.0,
      "time period 9": 0.0,
      "time period 10": 0.0,
      "time period 11": 0.0,
      "time period 12": 0.0,
      "time period 13": 32050.195804698928,
      "time period 14": 0.0,
      "time period 15": 0.0,
      "time period 16": 0.0,
      "time period 17": 0.0,
      "time period 18": 43033.96929611207,
      "time period 19": 43412.34347213745,
      "time period 20": 0.0,
      "time period 21": 0.0,
      "time period 22": 0.0,
      "time period 23": 0.0
    },
    "Hourly average revenue ($)": {
      "time period 1": 75874.41692284316,
      "time period 2": 76478.95119346619,
      "time period 3": 0.0,
      "time period 4": 0.0,
      "time period 5": 0.0,
      "time period 6": 0.0,
      "time period 7": 0.0,
      "time period 8": 0.0,
      "time period 9": 0.0,
      "time period 10": 91127.87531243316,
      "time period 11": 101168.69055460143,
      "time period 12": 0.0,
      "time period 13": 0.0,
      "time period 14": 0.0,
      "time period 15": 0.0,
      "time period 16": 0.0,
      "time period 17": 91962.36488021853,
      "time period 18": 0.0,
      "time period 19": 0.0,
      "time period 20": 87101.76520980838,
      "time period 21": 0.0,
      "time period 22": 37674.15271983603,
      "time period 23": 0.0
    },
    "Total average cost ($)": 221740.14044997003,
    "Total average revenue ($)": 561388.2167932069,
    "Total average profit ($)": 339648.07634323684
  }
}
