{
  "Storage unit 1": {
    "Discharging power (MW)": {
      "time period 1": 0.0,
      "time period 2": 0.0,
      "time period 3": 125.0000000000001,
      "time period 4": 300.0,
      "time period 5": 0.0,
      "time period 6": 0.0,
      "time period 7": 0.0,
      "time period 8": 0.0,
      "time period 9": 0.0,
      "time period 10": 0.0,
      "time period 11": 0.0,
      "time period 12": 125.0,
      "time period 13": 300.0,
      "time period 14": 0.0,
      "time period 15": 0.0,
      "time period 16": 0.0,
      "time period 17": 0.0,
      "time period 18": 125.0,
      "time period 19": 300.0,
      "time period 20": 0.0,
      "time period 21": 0.0,
      "time period 22": 300.0,
      "time period 23": 0.0,
      "time period 24": 125.0,
      "time period 25": 0.0
    },
    "Charging power (MW)": {
      "time period 1": 288.2352941176472,
      "time period 2": 0.0,
      "time period 3": 0.0,
      "time period 4": 0.0,
      "time period 5": 0.0,
      "time period 6": 300.0,
      "time period 7": 288.2352941176471,
      "time period 8": 0.0,
      "time period 9": 0.0,
      "time period 10": 0.0,
      "time period 11": 0.0,
      "time period 12": 0.0,
      "time period 13": 0.0,
      "time period 14": 0.0,
      "time period 15": 300.0,
      "time period 16": 288.2352941176471,
      "time period 17": 0.0,
      "time period 18": 0.0,
      "time period 19": 0.0,
      "time period 20": 300.0,
      "time period 21": 288.2352941176471,
      "time period 22": 0.0,
      "time period 23": 0.0,
      "time period 24": 0.0,
      "time period 25": 0.0
    },
    "Net discharging power (MW)": {
      "time period 1": -288.2352941176472,
      "time period 2": 0.0,
      "time period 3": 125.0000000000001,
      "time period 4": 300.0,
      "time period 5": 0.0,
      "time period 6": -300.0,
      "time period 7": -288.2352941176471,
      "time period 8": 0.0,
      "time period 9": 0.0,
      "time period 10": 0.0,
      "time period 11": 0.0,
      "time period 12": 125.0,
      "time period 13": 300.0,
      "time period 14": 0.0,
      "time period 15": -300.0,
      "time period 16": -288.2352941176471,
      "time period 17": 0.0,
      "time period 18": 125.0,
      "time period 19": 300.0,
      "time period 20": -300.0,
      "time period 21": -288.2352941176471,
      "time period 22": 300.0,
      "time period 23": 0.0,
      "time period 24": 125.0,
      "time period 25": 0.0
    },
    "Stored energy (MWh)": {
      "time period 1": 250.00000000000006,
      "time period 2": 250.00000000000006,
      "time period 3": 176.47058823529412,
      "time period 4": 0.0,
      "time period 5": 0.0,
      "time period 6": 127.5,
      "time period 7": 250.0,
      "time period 8": 250.0,
      "time period 9": 250.0,
      "time period 10": 250.0,
      "time period 11": 250.0,
      "time period 12": 176.47058823529412,
      "time period 13": 0.0,
      "time period 14": 0.0,
      "time period 15": 127.5,
      "time period 16": 250.0,
      "time period 17": 250.0,
      "time period 18": 176.47058823529412,
      "time period 19": 0.0,
      "time period 20": 127.5,
      "time period 21": 250.0,
      "time period 22": 73.52941176470588,
      "time period 23": 73.52941176470588,
      "time period 24": 0.0,
      "time period 25": 0.0
    },
    "Final energy (MWh)": 0.0,
    "Hourly average cost ($)": {
      "time period 1": 39743.2437101826,
      "time period 2": 0.0,
      "time period 3": 0.0,
      "time period 4": 0.0,
      "time period 5": 0.0,
      "time period 6": 32943.37058125487,
      "time period 7": 34391.18024945514,
      "time period 8": 0.0,
      "time period 9": 0.0,
      "time period 10": 0.0,
      "time period 11": 0.0,
      "time period 12": 0.0,
      "time period 13": 0.0,
      "time period 14": 0.0,
      "time period 15": 48511.59510292054,
      "time period 16": 50561.507462396046,
      "time period 17": 0.0,
      "time period 18": 0.0,
      "time period 19": 0.0,
      "time period 20": 41609.76520980835,
      "time period 21": 41015.02684924857,
      "time period 22": 0.0,
      "time period 23": 0.0,
      "time period 24": 0.0,
      "time period 25": 0.0
    },
    "Hourly average revenue ($)": {
      "time period 1": 0.0,
      "time period 2": 0.0,
      "time period 3": 31616.908722071435,
      "time period 4": 76959.09609757415,
      "time period 5": 0.0,
      "time period 6": 0.0,
      "time period 7": 0.0,
      "time period 8": 0.0,
      "time period 9": 0.0,
      "time period 10": 0.0,
      "time period 11": 0.0,
      "time period 12": 38315.883113785545,
      "time period 13": 102815.36993087768,
      "time period 14": 0.0,
      "time period 15": 0.0,
      "time period 16": 0.0,
      "time period 17": 0.0,
      "time period 18": 32113.3205400467,
      "time period 19": 92867.34347213744,
      "time period 20": 0.0,
      "time period 21": 0.0,
      "time period 22": 87442.0173479462,
      "time period 23": 0.0,
      "time period 24": 35623.039826011656,
      "time period 25": 0.0
    },
    "Total average cost ($)": 288775.6891652661,
    "Total average revenue ($)": 497752.97905045084,
    "Total average profit ($)": 208977.28988518473
  }
}
