{
  "Storage unit 1": {
    "Discharging power (MW)": {
      "time period 1": 0.0,
      "time period 2": 0.0,
      "time period 3": 0.0,
      "time period 4": 0.0,
      "time period 5": 0.0,
      "time period 6": 0.0,
      "time period 7": 0.0,
      "time period 8": 125.0,
      "time period 9": 300.0,
      "time period 10": 0.0,
      "time period 11": 0.0,
      "time period 12": 0.0,
      "time period 13": 0.0,
      "time period 14": 125.0,
      "time period 15": 300.0,
      "time period 16": 0.0,
      "time period 17": 0.0,
      "time period 18": 300.0,
      "time period 19": 0.0,
      "time period 20": 125.0,
      "time period 21": 0.0
    },
    "Charging power (MW)": {
      "time period 1": 0.0,
      "time period 2": 300.0,
      "time period 3": 288.2352941176471,
      "time period 4": 0.0,
      "time period 5": 0.0,
      "time period 6": 0.0,
      "time period 7": 0.0,
      "time period 8": 0.0,
      "time period 9": 0.0,
      "time period 10": 0.0,
      "time period 11": 300.0,
      "time period 12": 288.2352941176471,
      "time period 13": 0.0,
      "time period 14": 0.0,
      "time period 15": 0.0,
      "time period 16": 288.2352941176471,
      "time period 17": 300.0,
      "time period 18": 0.0,
      "time period 19": 0.0,
      "time period 20": 0.0,
      "time period 21": 0.0
    },
    "Net discharging power (MW)": {
      "time period 1": 0.0,
      "time period 2": -300.0,
      "time period 3": -288.2352941176471,
      "time period 4": 0.0,
      "time period 5": 0.0,
      "time period 6": 0.0,
      "time period 7": 0.0,
      "time period 8": 125.0,
      "time period 9": 300.0,
      "time period 10": 0.0,
      "time period 11": -300.0,
      "time period 12": -288.2352941176471,
      "time period 13": 0.0,
      "time period 14": 125.0,
      "time period 15": 300.0,
      "time period 16": -288.2352941176471,
      "time period 17": -300.0,
      "time period 18": 300.0,
      "time period 19": 0.0,
      "time period 20": 125.0,
      "time period 21": 0.0
    },
    "Stored energy (MWh)": {
      "time period 1": 0.0,
      "time period 2": 127.5,
      "time period 3": 250.0,
      "time period 4": 250.0,
      "time period 5": 250.0,
      "time period 6": 250.0,
      "time period 7": 250.0,
      "time period 8": 176.47058823529412,
      "time period 9": 0.0,
      "time period 10": 0.0,
      "time period 11": 127.5,
      "time period 12": 250.0,
      "time period 13": 250.0,
      "time period 14": 176.47058823529412,
      "time period 15": 0.0,
      "time period 16": 122.5,
      "time period 17": 250.0,
      "time period 18": 73.52941176470588,
      "time period 19": 73.52941176470588,
      "time period 20": 0.0,
      "time period 21": 0.0
    },
    "Final energy (MWh)": 0.0,
    "Hourly average cost ($)": {
      "time period 1": 0.0,
      "time period 2": 29168.951193466186,
      "time period 3": 31845.754229717608,
      "time period 4": 0.0,
      "time period 5": 0.0,
      "time period 6": 0.0,
      "time period 7": 0.0,
      "time period 8": 0.0,
      "time period 9": 0.0,
      "time period 10": 0.0,
      "time period 11": 49811.69055460146,
      "time period 12": 52025.62459178786,
      "time period 13": 0.0,
      "time period 14": 0.0,
      "time period 15": 0.0,
      "time period 16": 41038.21334474899,
      "time period 17": 42507.364880218505,
      "time period 18": 0.0,
      "time period 19": 0.0,
      "time period 20": 0.0,
      "time period 21": 0.0
    },
    "Hourly average revenue ($)": {
      "time period 1": 0.0,
      "time period 2": 0.0,
      "time period 3": 0.0,
      "time period 4": 0.0,
      "time period 5": 0.0,
      "time period 6": 0.0,
      "time period 7": 0.0,
      "time period 8": 36000.573621845244,
      "time period 9": 96707.38912592885,
      "time period 10": 0.0,
      "time period 11": 0.0,
      "time period 12": 0.0,
      "time period 13": 0.0,
      "time period 14": 32426.593338108076,
      "time period 15": 93118.59510292047,
      "time period 16": 0.0,
      "time period 17": 0.0,
      "time period 18": 88525.9692961121,
      "time period 19": 0.0,
      "time period 20": 35133.65217075347,
      "time period 21": 0.0
    },
    "Total average cost ($)": 246397.59879454062,
    "Total average revenue ($)": 381912.7726556682,
    "Total average profit ($)": 135515.17386112758
  }
}
