{
  "Storage unit 1": {
    "Discharging power (MW)": {
      "time period 1": 125.0,
      "time period 2": 300.0,
      "time period 3": 0.0,
      "time period 4": 0.0,
      "time period 5": 0.0,
      "time period 6": 0.0,
      "time period 7": 125.0,
      "time period 8": 300.0,
      "time period 9": 0.0,
      "time period 10": 0.0,
      "time period 11": 300.0,
      "time period 12": 0.0,
      "time period 13": 125.0,
      "time period 14": 0.0
    },
    "Charging power (MW)": {
      "time period 1": 0.0,
      "time period 2": 0.0,
      "time period 3": 0.0,
      "time period 4": 300.0,
      "time period 5": 288.2352941176471,
      "time period 6": 0.0,
      "time period 7": 0.0,
      "time period 8": 0.0,
      "time period 9": 300.0,
      "time period 10": 288.2352941176471,
      "time period 11": 0.0,
      "time period 12": 0.0,
      "time period 13": 0.0,
      "time period 14": 0.0
    },
    "Net discharging power (MW)": {
      "time period 1": 125.0,
      "time period 2": 300.0,
      "time period 3": 0.0,
      "time period 4": -300.0,
      "time period 5": -288.2352941176471,
      "time period 6": 0.0,
      "time period 7": 125.0,
      "time period 8": 300.0,
      "time period 9": -300.0,
      "time period 10": -288.2352941176471,
      "time period 11": 300.0,
      "time period 12": 0.0,
      "time period 13": 125.0,
      "time period 14": 0.0
    },
    "Stored energy (MWh)": {
      "time period 1": 176.47058823529412,
      "time period 2": 0.0,
      "time period 3": 0.0,
      "time period 4": 127.5,
      "time period 5": 250.0,
      "time period 6": 250.0,
      "time period 7": 176.47058823529412,
      "time period 8": 0.0,
      "time period 9": 127.5,
      "time period 10": 250.0,
      "time period 11": 73.52941176470588,
      "time period 12": 73.52941176470588,
      "time period 13": 0.0,
      "time period 14": 0.0
    },
    "Final energy (MWh)": 0.0,
    "Hourly average cost ($)": {
      "time period 1": 0.0,
      "time period 2": 0.0,
      "time period 3": 0.0,
      "time period 4": 40539.09609757414,
      "time period 5": 43527.53126885164,
      "time period 6": 0.0,
      "time period 7": 0.0,
      "time period 8": 0.0,
      "time period 9": 40121.389125928785,
      "time period 10": 42070.703731553425,
      "time period 11": 0.0,
      "time period 12": 0.0,
      "time period 13": 0.0,
      "time period 14": 0.0
    },
    "Hourly average revenue ($)": {
      "time period 1": 34651.840384517964,
      "time period 2": 91415.95119346619,
      "time period 3": 0.0,
      "time period 4": 0.0,
      "time period 5": 0.0,
      "time period 6": 0.0,
      "time period 7": 30057.042455120838,
      "time period 8": 88516.37669242859,
      "time period 9": 0.0,
      "time period 10": 0.0,
      "time period 11": 90074.69055460143,
      "time period 12": 0.0,
      "time period 13": 37058.487471199056,
      "time period 14": 0.0
    },
    "Total average cost ($)": 166258.720223908,
    "Total average revenue ($)": 371774.38875133405,
    "Total average profit ($)": 205515.66852742605
  }
}
