{
  "Storage unit 1": {
    "Discharging power (MW)": {
      "time period 1": 0.0,
      "time period 2": 0.0,
      "time period 3": 300.0,
      "time period 4": 0.0,
      "time period 5": 125.0,
      "time period 6": 0.0
    },
    "Charging power (MW)": {
      "time period 1": 288.2352941176471,
      "time period 2": 300.0,
      "time period 3": 0.0,
      "time period 4": 0.0,
      "time period 5": 0.0,
      "time period 6": 0.0
    },
    "Net discharging power (MW)": {
      "time period 1": -288.2352941176471,
      "time period 2": -300.0,
      "time period 3": 300.0,
      "time period 4": 0.0,
      "time period 5": 125.0,
      "time period 6": 0.0
    },
    "Stored energy (MWh)": {
      "time period 1": 122.5,
      "time period 2": 250.0,
      "time period 3": 73.52941176470588,
      "time period 4": 73.52941176470588,
      "time period 5": 0.0,
      "time period 6": 0.0
    },
    "Final energy (MWh)": 0.0,
    "Hourly average cost ($)": {
      "time period 1": 34053.479004300214,
      "time period 2": 35210.95119346619,
      "time period 3": 0.0,
      "time period 4": 0.0,
      "time period 5": 0.0,
      "time period 6": 0.0
    },
    "Hourly average revenue ($)": {
      "time period 1": 0.0,
      "time period 2": 0.0,
      "time period 3": 80941.58093297138,
      "time period 4": 0.0,
      "time period 5": 32542.985499246883,
      "time period 6": 0.0
    },
    "Total average cost ($)": 69264.4301977664,
    "Total average revenue ($)": 113484.56643221827,
    "Total average profit ($)": 44220.13623445187
  }
}
