{
  "Storage unit 1": {
    "Discharging power (MW)": {
      "time period 1": 0.0,
      "time period 2": 0.0,
      "time period 3": 0.0,
      "time period 4": 300.0,
      "time period 5": 0.0,
      "time period 6": 0.0,
      "time period 7": 300.0,
      "time period 8": 0.0,
      "time period 9": 298.4999999999999,
      "time period 10": 0.0
    },
    "Charging power (MW)": {
      "time period 1": 0.0,
      "time period 2": 0.0,
      "time period 3": 0.0,
      "time period 4": 0.0,
      "time period 5": 300.0,
      "time period 6": 0.0,
      "time period 7": 0.0,
      "time period 8": 0.0,
      "time period 9": 0.0,
      "time period 10": 0.0
    },
    "Net discharging power (MW)": {
      "time period 1": 0.0,
      "time period 2": 0.0,
      "time period 3": 0.0,
      "time period 4": 300.0,
      "time period 5": -300.0,
      "time period 6": 0.0,
      "time period 7": 300.0,
      "time period 8": 0.0,
      "time period 9": 298.4999999999999,
      "time period 10": 0.0
    },
    "Stored energy (MWh)": {
      "time period 1": 401.0294117647058,
      "time period 2": 401.0294117647058,
      "time period 3": 401.0294117647058,
      "time period 4": 224.55882352941168,
      "time period 5": 352.0588235294117,
      "time period 6": 352.0588235294117,
      "time period 7": 175.5882352941176,
      "time period 8": 175.5882352941176,
      "time period 9": 0.0,
      "time period 10": 0.0
    },
    "Final energy (MWh)": 0.0,
    "Hourly average cost ($)": {
      "time period 1": 0.0,
      "time period 2": 0.0,
      "time period 3": 0.0,
      "time period 4": 0.0,
      "time period 5": 35392.16519819252,
      "time period 6": 0.0,
      "time period 7": 0.0,
      "time period 8": 0.0,
      "time period 9": 0.0,
      "time period 10": 0.0
    },
    "Hourly average revenue ($)": {
      "time period 1": 0.0,
      "time period 2": 0.0,
      "time period 3": 0.0,
      "time period 4": 85146.09609757415,
      "time period 5": 0.0,
      "time period 6": 0.0,
      "time period 7": 83590.90189228998,
      "time period 8": 0.0,
      "time period 9": 82418.22718029913,
      "time period 10": 0.0
    },
    "Total average cost ($)": 35392.16519819252,
    "Total average revenue ($)": 251155.22517016326,
    "Total average profit ($)": 215763.05997197074
  }
}
