{
  "Storage unit 1": {
    "Discharging power (MW)": {
      "time period 1": 0.0,
      "time period 2": 300.0,
      "time period 3": 0.0,
      "time period 4": 0.0,
      "time period 5": 300.0,
      "time period 6": 0.0,
      "time period 7": 81.74999999999986,
      "time period 8": 0.0
    },
    "Charging power (MW)": {
      "time period 1": 0.0,
      "time period 2": 0.0,
      "time period 3": 300.0,
      "time period 4": 0.0,
      "time period 5": 0.0,
      "time period 6": 0.0,
      "time period 7": 0.0,
      "time period 8": 0.0
    },
    "Net discharging power (MW)": {
      "time period 1": 0.0,
      "time period 2": 300.0,
      "time period 3": -300.0,
      "time period 4": 0.0,
      "time period 5": 300.0,
      "time period 6": 0.0,
      "time period 7": 81.74999999999986,
      "time period 8": 0.0
    },
    "Stored energy (MWh)": {
      "time period 1": 273.5294117647058,
      "time period 2": 97.05882352941168,
      "time period 3": 224.55882352941168,
      "time period 4": 224.55882352941168,
      "time period 5": 48.08823529411757,
      "time period 6": 48.08823529411757,
      "time period 7": 0.0,
      "time period 8": 0.0
    },
    "Final energy (MWh)": 0.0,
    "Hourly average cost ($)": {
      "time period 1": 0.0,
      "time period 2": 0.0,
      "time period 3": 35449.580932971396,
      "time period 4": 0.0,
      "time period 5": 0.0,
      "time period 6": 0.0,
      "time period 7": 0.0,
      "time period 8": 0.0
    },
    "Hourly average revenue ($)": {
      "time period 1": 0.0,
      "time period 2": 84665.95119346622,
      "time period 3": 0.0,
      "time period 4": 0.0,
      "time period 5": 80884.16519819251,
      "time period 6": 0.0,
      "time period 7": 22020.698265649,
      "time period 8": 0.0
    },
    "Total average cost ($)": 35449.580932971396,
    "Total average revenue ($)": 187570.81465730772,
    "Total average profit ($)": 152121.2337243363
  }
}
