{
    "Parameters": {
        "Time step (min)": 30,
        "Problem horizon (min)": 60,
        "Alpha chr parameter": 0.95,
        "Scenario number": 100
    },
    "Units": {
        "Storage unit 1": {
            "Initial energy (MWh)": 0.0,
            "Minimum energy (MWh)": 0,
            "Maximum energy (MWh)": 8.0,
            "Minimum final energy (MWh)": 0,
            "Maximum final energy (MWh)": 8.0,
            "Minimum discharging power (MW)": 0,
            "Maximum discharging power (MW)": 30,
            "Minimum charging power (MW)": 0,
            "Maximum charging power (MW)": 30,
            "Efficiency": 0.85
        }
    },
    "CVaR chr constraint parameter": 0.5,
    "CVaR dis constraint parameter": 0.0,
    "Prices": {
        "s1": {
            "Price ($/MWh)": [
                277.5499694824219,
                260.257780456543
            ],
            "Probability": 0.01
        },
        "s2": {
            "Price ($/MWh)": [
                228.38,
                204.1622204589844
            ],
            "Probability": 0.01
        },
        "s3": {
            "Price ($/MWh)": [
                296.01,
                278.78244720458986
            ],
            "Probability": 0.01
        },
        "s4": {
            "Price ($/MWh)": [
                250.91999237060548,
                243.0199923706055
            ],
            "Probability": 0.01
        },
        "s5": {
            "Price ($/MWh)": [
                266.87,
                258.97
            ],
            "Probability": 0.01
        },
        "s6": {
            "Price ($/MWh)": [
                266.6138400268555,
                258.7936206054688
            ],
            "Probability": 0.01
        },
        "s7": {
            "Price ($/MWh)": [
                135.09,
                126.7909216308594
            ],
            "Probability": 0.01
        },
        "s8": {
            "Price ($/MWh)": [
                383.8665072631836,
                374.22354156494146
            ],
            "Probability": 0.01
        },
        "s9": {
            "Price ($/MWh)": [
                272.2018601989746,
                259.88286911010744
            ],
            "Probability": 0.01
        },
        "s10": {
            "Price ($/MWh)": [
                271.99996185302734,
                264.09996185302737
            ],
            "Probability": 0.01
        },
        "s11": {
            "Price ($/MWh)": [
                273.4324981689453,
                269.82534103393556
            ],
            "Probability": 0.01
        },
        "s12": {
            "Price ($/MWh)": [
                275.63903076171874,
                245.08694641113283
            ],
            "Probability": 0.01
        },
        "s13": {
            "Price ($/MWh)": [
                262.89,
                257.43715118408204
            ],
            "Probability": 0.01
        },
        "s14": {
            "Price ($/MWh)": [
                273.5181300354004,
                265.3840487670899
            ],
            "Probability": 0.01
        },
        "s15": {
            "Price ($/MWh)": [
                268.43000091552733,
                260.53000091552735
            ],
            "Probability": 0.01
        },
        "s16": {
            "Price ($/MWh)": [
                272.40276000976564,
                265.99245269775395
            ],
            "Probability": 0.01
        },
        "s17": {
            "Price ($/MWh)": [
                267.17271820068356,
                268.51
            ],
            "Probability": 0.01
        },
        "s18": {
            "Price ($/MWh)": [
                283.07150695800783,
                267.47975738525395
            ],
            "Probability": 0.01
        },
        "s19": {
            "Price ($/MWh)": [
                273.0201107788086,
                279.01062133789065
            ],
            "Probability": 0.01
        },
        "s20": {
            "Price ($/MWh)": [
                276.27723693847656,
                265.2758270263672
            ],
            "Probability": 0.01
        },
        "s21": {
            "Price ($/MWh)": [
                250.1672592163086,
                247.0351272583008
            ],
            "Probability": 0.01
        },
        "s22": {
            "Price ($/MWh)": [
                268.5292510986328,
                265.7690063476563
            ],
            "Probability": 0.01
        },
        "s23": {
            "Price ($/MWh)": [
                268.11280059814453,
                257.519059753418
            ],
            "Probability": 0.01
        },
        "s24": {
            "Price ($/MWh)": [
                281.9260704040527,
                260.6747482299805
            ],
            "Probability": 0.01
        },
        "s25": {
            "Price ($/MWh)": [
                269.4143997192383,
                265.56728668212895
            ],
            "Probability": 0.01
        },
        "s26": {
            "Price ($/MWh)": [
                271.41999908447264,
                259.2231088256836
            ],
            "Probability": 0.01
        },
        "s27": {
            "Price ($/MWh)": [
                288.6922311401367,
                287.74031311035156
            ],
            "Probability": 0.01
        },
        "s28": {
            "Price ($/MWh)": [
                151.5999999141693,
                108.74195991516115
            ],
            "Probability": 0.01
        },
        "s29": {
            "Price ($/MWh)": [
                264.03663940429686,
                256.8
            ],
            "Probability": 0.01
        },
        "s30": {
            "Price ($/MWh)": [
                155.83680908203127,
                152.0822482299805
            ],
            "Probability": 0.01
        },
        "s31": {
            "Price ($/MWh)": [
                270.5564669799805,
                263.9188418579102
            ],
            "Probability": 0.01
        },
        "s32": {
            "Price ($/MWh)": [
                282.97828674316406,
                277.7433334350586
            ],
            "Probability": 0.01
        },
        "s33": {
            "Price ($/MWh)": [
                282.99919982910154,
                266.86506896972656
            ],
            "Probability": 0.01
        },
        "s34": {
            "Price ($/MWh)": [
                279.13195159912107,
                270.10601318359375
            ],
            "Probability": 0.01
        },
        "s35": {
            "Price ($/MWh)": [
                264.83,
                256.93
            ],
            "Probability": 0.01
        },
        "s36": {
            "Price ($/MWh)": [
                267.55736145019534,
                260.6391271972657
            ],
            "Probability": 0.01
        },
        "s37": {
            "Price ($/MWh)": [
                276.724873046875,
                268.2050610351563
            ],
            "Probability": 0.01
        },
        "s38": {
            "Price ($/MWh)": [
                273.74979000000167,
                250.6943002700806
            ],
            "Probability": 0.01
        },
        "s39": {
            "Price ($/MWh)": [
                269.1419888305664,
                261.92996185302735
            ],
            "Probability": 0.01
        },
        "s40": {
            "Price ($/MWh)": [
                283.1695182800293,
                255.31156005859378
            ],
            "Probability": 0.01
        },
        "s41": {
            "Price ($/MWh)": [
                275.98646759033204,
                267.2925299072266
            ],
            "Probability": 0.01
        },
        "s42": {
            "Price ($/MWh)": [
                263.59000213623045,
                263.48650329589844
            ],