{
  "Storage unit 1": {
    "Discharging power (MW)": {
      "time period 1": 0.0,
      "time period 2": 0.0,
      "time period 3": 0.0,
      "time period 4": 300.0,
      "time period 5": 300.0,
      "time period 6": 83.49999999999991,
      "time period 7": 0.0,
      "time period 8": 0.0,
      "time period 9": 0.0,
      "time period 10": 0.0,
      "time period 11": 0.0,
      "time period 12": 0.0,
      "time period 13": 300.0,
      "time period 14": 300.0,
      "time period 15": 249.99999999999994,
      "time period 16": 0.0,
      "time period 17": 0.0,
      "time period 18": 0.0,
      "time period 19": 0.0,
      "time period 20": 300.0,
      "time period 21": 0.0,
      "time period 22": 0.0,
      "time period 23": 300.0,
      "time period 24": 0.0,
      "time period 25": 300.0,
      "time period 26": 0.0
    },
    "Charging power (MW)": {
      "time period 1": 300.0,
      "time period 2": 300.0,
      "time period 3": 0.0,
      "time period 4": 0.0,
      "time period 5": 0.0,
      "time period 6": 0.0,
      "time period 7": 300.0,
      "time period 8": 300.0,
      "time period 9": 300.0,
      "time period 10": 276.47058823529414,
      "time period 11": 0.0,
      "time period 12": 0.0,
      "time period 13": 0.0,
      "time period 14": 0.0,
      "time period 15": 0.0,
      "time period 16": 300.0,
      "time period 17": 300.0,
      "time period 18": 45.67474048442899,
      "time period 19": 0.0,
      "time period 20": 0.0,
      "time period 21": 300.0,
      "time period 22": 300.0,
      "time period 23": 0.0,
      "time period 24": 0.0,
      "time period 25": 0.0,
      "time period 26": 0.0
    },
    "Net discharging power (MW)": {
      "time period 1": -300.0,
      "time period 2": -300.0,
      "time period 3": 0.0,
      "time period 4": 300.0,
      "time period 5": 300.0,
      "time period 6": 83.49999999999991,
      "time period 7": -300.0,
      "time period 8": -300.0,
      "time period 9": -300.0,
      "time period 10": -276.47058823529414,
      "time period 11": 0.0,
      "time period 12": 0.0,
      "time period 13": 300.0,
      "time period 14": 300.0,
      "time period 15": 249.99999999999994,
      "time period 16": -300.0,
      "time period 17": -300.0,
      "time period 18": -45.67474048442899,
      "time period 19": 0.0,
      "time period 20": 300.0,
      "time period 21": -300.0,
      "time period 22": -300.0,
      "time period 23": 300.0,
      "time period 24": 0.0,
      "time period 25": 300.0,
      "time period 26": 0.0
    },
    "Stored energy (MWh)": {
      "time period 1": 274.5588235294117,
      "time period 2": 402.0588235294117,
      "time period 3": 402.0588235294117,
      "time period 4": 225.5882352941176,
      "time period 5": 49.11764705882348,
      "time period 6": 0.0,
      "time period 7": 127.5,
      "time period 8": 255.0,
      "time period 9": 382.5,
      "time period 10": 500.0,
      "time period 11": 500.0,
      "time period 12": 500.0,
      "time period 13": 323.52941176470586,
      "time period 14": 147.05882352941174,
      "time period 15": 0.0,
      "time period 16": 127.5,
      "time period 17": 255.0,
      "time period 18": 274.4117647058823,
      "time period 19": 274.4117647058823,
      "time period 20": 97.94117647058823,
      "time period 21": 225.44117647058823,
      "time period 22": 352.94117647058823,
      "time period 23": 176.47058823529412,
      "time period 24": 176.47058823529412,
      "time period 25": 0.0,
      "time period 26": 0.0
    },
    "Final energy (MWh)": 0.0,
    "Hourly average cost ($)": {
      "time period 1": 31258.41692284309,
      "time period 2": 40751.9511934662,
      "time period 3": 0.0,
      "time period 4": 0.0,
      "time period 5": 0.0,
      "time period 6": 0.0,
      "time period 7": 32437.901892290032,
      "time period 8": 36376.376692428574,
      "time period 9": 42023.38912592881,
      "time period 10": 43964.23803302664,
      "time period 11": 0.0,
      "time period 12": 0.0,
      "time period 13": 0.0,
      "time period 14": 0.0,
      "time period 15": 0.0,
      "time period 16": 47942.24246086122,
      "time period 17": 52038.3648802185,
      "time period 18": 9236.64584439075,
      "time period 19": 0.0,
      "time period 20": 0.0,
      "time period 21": 42308.109577789306,
      "time period 22": 42331.01734794619,
      "time period 23": 0.0,
      "time period 24": 0.0,
      "time period 25": 0.0,
      "time period 26": 0.0
    },
    "Hourly average revenue ($)": {
      "time period 1": 0.0,
      "time period 2": 0.0,
      "time period 3": 0.0,
      "time period 4": 75741.09609757416,
      "time period 5": 77041.16519819251,
      "time period 6": 18404.33814511593,
      "time period 7": 0.0,
      "time period 8": 0.0,
      "time period 9": 0.0,
      "time period 10": 0.0,
      "time period 11": 0.0,
      "time period 12": 0.0,
      "time period 13": 93950.36993087768,
      "time period 14": 100371.82401145932,
      "time period 15": 71641.32925243377,
      "time period 16": 0.0,
      "time period 17": 0.0,
      "time period 18": 0.0,
      "time period 19": 0.0,
      "time period 20": 91445.76520980835,
      "time period 21": 0.0,
      "time period 22": 0.0,
      "time period 23": 87752.26774086001,
      "time period 24": 0.0,
      "time period 25": 85114.57963623047,
      "time period 26": 0.0
    },
    "Total average cost ($)": 420668.6539711893,
    "Total average revenue ($)": 701462.7352225522,
    "Total average profit ($)": 280794.0812513629
  }
}
