{
  "Storage unit 1": {
    "Discharging power (MW)": {
      "time period 1": 300.0,
      "time period 2": 0.0,
      "time period 3": 0.0,
      "time period 4": 300.0,
      "time period 5": 249.99999999999994,
      "time period 6": 300.0,
      "time period 7": 0.0
    },
    "Charging power (MW)": {
      "time period 1": 0.0,
      "time period 2": 300.0,
      "time period 3": 300.0,
      "time period 4": 0.0,
      "time period 5": 0.0,
      "time period 6": 0.0,
      "time period 7": 0.0
    },
    "Net discharging power (MW)": {
      "time period 1": 300.0,
      "time period 2": -300.0,
      "time period 3": -300.0,
      "time period 4": 300.0,
      "time period 5": 249.99999999999994,
      "time period 6": 300.0,
      "time period 7": 0.0
    },
    "Stored energy (MWh)": {
      "time period 1": 245.00000000000003,
      "time period 2": 372.5,
      "time period 3": 500.0,
      "time period 4": 323.52941176470586,
      "time period 5": 176.47058823529412,
      "time period 6": 0.0,
      "time period 7": 0.0
    },
    "Final energy (MWh)": 0.0,
    "Hourly average cost ($)": {
      "time period 1": 0.0,
      "time period 2": 34829.95119346617,
      "time period 3": 35830.580932971396,
      "time period 4": 0.0,
      "time period 5": 0.0,
      "time period 6": 0.0,
      "time period 7": 0.0
    },
    "Hourly average revenue ($)": {
      "time period 1": 85279.41692284307,
      "time period 2": 0.0,
      "time period 3": 0.0,
      "time period 4": 80802.09609757418,
      "time period 5": 60085.97099849377,
      "time period 6": 81315.37058125486,
      "time period 7": 0.0
    },
    "Total average cost ($)": 70660.53212643757,
    "Total average revenue ($)": 307482.85460016585,
    "Total average profit ($)": 236822.32247372827
  }
}
