{
  "Storage unit 1": {
    "Discharging power (MW)": {
      "time period 1": 0.0,
      "time period 2": 0.0,
      "time period 3": 0.0,
      "time period 4": 300.0,
      "time period 5": 0.0,
      "time period 6": 0.0,
      "time period 7": 300.0,
      "time period 8": 0.0,
      "time period 9": 81.74999999999986,
      "time period 10": 0.0
    },
    "Charging power (MW)": {
      "time period 1": 0.0,
      "time period 2": 0.0,
      "time period 3": 0.0,
      "time period 4": 0.0,
      "time period 5": 300.0,
      "time period 6": 0.0,
      "time period 7": 0.0,
      "time period 8": 0.0,
      "time period 9": 0.0,
      "time period 10": 0.0
    },
    "Net discharging power (MW)": {
      "time period 1": 0.0,
      "time period 2": 0.0,
      "time period 3": 0.0,
      "time period 4": 300.0,
      "time period 5": -300.0,
      "time period 6": 0.0,
      "time period 7": 300.0,
      "time period 8": 0.0,
      "time period 9": 81.74999999999986,
      "time period 10": 0.0
    },
    "Stored energy (MWh)": {
      "time period 1": 273.5294117647058,
      "time period 2": 273.5294117647058,
      "time period 3": 273.5294117647058,
      "time period 4": 97.05882352941168,
      "time period 5": 224.55882352941168,
      "time period 6": 224.55882352941168,
      "time period 7": 48.08823529411757,
      "time period 8": 48.08823529411757,
      "time period 9": 0.0,
      "time period 10": 0.0
    },
    "Final energy (MWh)": 0.0,
    "Hourly average cost ($)": {
      "time period 1": 0.0,
      "time period 2": 0.0,
      "time period 3": 0.0,
      "time period 4": 0.0,
      "time period 5": 35392.16519819252,
      "time period 6": 0.0,
      "time period 7": 0.0,
      "time period 8": 0.0,
      "time period 9": 0.0,
      "time period 10": 0.0
    },
    "Hourly average revenue ($)": {
      "time period 1": 0.0,
      "time period 2": 0.0,
      "time period 3": 0.0,
      "time period 4": 85146.09609757415,
      "time period 5": 0.0,
      "time period 6": 0.0,
      "time period 7": 83590.90189228998,
      "time period 8": 0.0,
      "time period 9": 22571.82603681556,
      "time period 10": 0.0
    },
    "Total average cost ($)": 35392.16519819252,
    "Total average revenue ($)": 191308.8240266797,
    "Total average profit ($)": 155916.65882848718
  }
}
