{
  "Storage unit 1": {
    "Discharging power (MW)": {
      "time period 1": 0.0,
      "time period 2": 0.0,
      "time period 3": 300.0,
      "time period 4": 0.0,
      "time period 5": 0.0,
      "time period 6": 300.0,
      "time period 7": 0.0,
      "time period 8": 298.4999999999999,
      "time period 9": 0.0
    },
    "Charging power (MW)": {
      "time period 1": 0.0,
      "time period 2": 0.0,
      "time period 3": 0.0,
      "time period 4": 300.0,
      "time period 5": 300.0,
      "time period 6": 0.0,
      "time period 7": 0.0,
      "time period 8": 0.0,
      "time period 9": 0.0
    },
    "Net discharging power (MW)": {
      "time period 1": 0.0,
      "time period 2": 0.0,
      "time period 3": 300.0,
      "time period 4": -300.0,
      "time period 5": -300.0,
      "time period 6": 300.0,
      "time period 7": 0.0,
      "time period 8": 298.4999999999999,
      "time period 9": 0.0
    },
    "Stored energy (MWh)": {
      "time period 1": 273.5294117647058,
      "time period 2": 273.5294117647058,
      "time period 3": 97.05882352941168,
      "time period 4": 224.55882352941168,
      "time period 5": 352.0588235294117,
      "time period 6": 175.5882352941176,
      "time period 7": 175.5882352941176,
      "time period 8": 0.0,
      "time period 9": 0.0
    },
    "Final energy (MWh)": 0.0,
    "Hourly average cost ($)": {
      "time period 1": 0.0,
      "time period 2": 0.0,
      "time period 3": 0.0,
      "time period 4": 35310.09609757415,
      "time period 5": 35773.165198192524,
      "time period 6": 0.0,
      "time period 7": 0.0,
      "time period 8": 0.0,
      "time period 9": 0.0
    },
    "Hourly average revenue ($)": {
      "time period 1": 0.0,
      "time period 2": 0.0,
      "time period 3": 85285.58093297142,
      "time period 4": 0.0,
      "time period 5": 0.0,
      "time period 6": 84096.37058125489,
      "time period 7": 0.0,
      "time period 8": 80984.41980896643,
      "time period 9": 0.0
    },
    "Total average cost ($)": 71083.26129576667,
    "Total average revenue ($)": 250366.37132319275,
    "Total average profit ($)": 179283.1100274261
  }
}
