{
  "Storage unit 1": {
    "Discharging power (MW)": {
      "time period 1": 300.00000000000017,
      "time period 2": 0.0,
      "time period 3": 0.0,
      "time period 4": 0.0,
      "time period 5": 0.0,
      "time period 6": 0.0,
      "time period 7": 300.0,
      "time period 8": 0.0,
      "time period 9": 0.0,
      "time period 10": 300.0,
      "time period 11": 0.0,
      "time period 12": 300.0,
      "time period 13": 0.0
    },
    "Charging power (MW)": {
      "time period 1": 0.0,
      "time period 2": 0.0,
      "time period 3": 300.0,
      "time period 4": 0.0,
      "time period 5": 0.0,
      "time period 6": 0.0,
      "time period 7": 0.0,
      "time period 8": 300.0,
      "time period 9": 2.0761245674741664,
      "time period 10": 0.0,
      "time period 11": 0.0,
      "time period 12": 0.0,
      "time period 13": 0.0
    },
    "Net discharging power (MW)": {
      "time period 1": 300.00000000000017,
      "time period 2": 0.0,
      "time period 3": -300.0,
      "time period 4": 0.0,
      "time period 5": 0.0,
      "time period 6": 0.0,
      "time period 7": 300.0,
      "time period 8": -300.0,
      "time period 9": -2.0761245674741664,
      "time period 10": 300.0,
      "time period 11": 0.0,
      "time period 12": 300.0,
      "time period 13": 0.0
    },
    "Stored energy (MWh)": {
      "time period 1": 273.5294117647058,
      "time period 2": 273.5294117647058,
      "time period 3": 401.0294117647058,
      "time period 4": 401.0294117647058,
      "time period 5": 401.0294117647058,
      "time period 6": 401.0294117647058,
      "time period 7": 224.55882352941168,
      "time period 8": 352.0588235294117,
      "time period 9": 352.94117647058823,
      "time period 10": 176.47058823529412,
      "time period 11": 176.47058823529412,
      "time period 12": 0.0,
      "time period 13": 0.0
    },
    "Final energy (MWh)": 0.0,
    "Hourly average cost ($)": {
      "time period 1": 0.0,
      "time period 2": 0.0,
      "time period 3": 40678.58093297141,
      "time period 4": 0.0,
      "time period 5": 0.0,
      "time period 6": 0.0,
      "time period 7": 0.0,
      "time period 8": 38680.376692428596,
      "time period 9": 280.2933503524645,
      "time period 10": 0.0,
      "time period 11": 0.0,
      "time period 12": 0.0,
      "time period 13": 0.0
    },
    "Hourly average revenue ($)": {
      "time period 1": 92029.41692284316,
      "time period 2": 0.0,
      "time period 3": 0.0,
      "time period 4": 0.0,
      "time period 5": 0.0,
      "time period 6": 0.0,
      "time period 7": 87934.90189229,
      "time period 8": 0.0,
      "time period 9": 0.0,
      "time period 10": 88898.8753124332,
      "time period 11": 0.0,
      "time period 12": 86948.1194730853,
      "time period 13": 0.0
    },
    "Total average cost ($)": 79639.25097575248,
    "Total average revenue ($)": 355811.3136006517,
    "Total average profit ($)": 276172.0626248992
  }
}
