{
  "Storage unit 1": {
    "Discharging power (MW)": {
      "time period 1": 300.00000000000017,
      "time period 2": 298.4999999999999,
      "time period 3": 0.0,
      "time period 4": 0.0,
      "time period 5": 0.0,
      "time period 6": 0.0,
      "time period 7": 0.0,
      "time period 8": 300.0,
      "time period 9": 300.0,
      "time period 10": 0.0
    },
    "Charging power (MW)": {
      "time period 1": 0.0,
      "time period 2": 0.0,
      "time period 3": 0.0,
      "time period 4": 300.0,
      "time period 5": 0.0,
      "time period 6": 300.0,
      "time period 7": 0.0,
      "time period 8": 0.0,
      "time period 9": 0.0,
      "time period 10": 0.0
    },
    "Net discharging power (MW)": {
      "time period 1": 300.00000000000017,
      "time period 2": 298.4999999999999,
      "time period 3": 0.0,
      "time period 4": -300.0,
      "time period 5": 0.0,
      "time period 6": -300.0,
      "time period 7": 0.0,
      "time period 8": 300.0,
      "time period 9": 300.0,
      "time period 10": 0.0
    },
    "Stored energy (MWh)": {
      "time period 1": 273.5294117647058,
      "time period 2": 97.94117647058823,
      "time period 3": 97.94117647058823,
      "time period 4": 225.44117647058823,
      "time period 5": 225.44117647058823,
      "time period 6": 352.94117647058823,
      "time period 7": 352.94117647058823,
      "time period 8": 176.47058823529412,
      "time period 9": 0.0,
      "time period 10": 0.0
    },
    "Final energy (MWh)": 0.0,
    "Hourly average cost ($)": {
      "time period 1": 0.0,
      "time period 2": 0.0,
      "time period 3": 0.0,
      "time period 4": 197364.09609757413,
      "time period 5": 0.0,
      "time period 6": 110301.37058125492,
      "time period 7": 0.0,
      "time period 8": 0.0,
      "time period 9": 0.0,
      "time period 10": 0.0
    },
    "Hourly average revenue ($)": {
      "time period 1": 305089.4169228433,
      "time period 2": 293231.4264374988,
      "time period 3": 0.0,
      "time period 4": 0.0,
      "time period 5": 0.0,
      "time period 6": 0.0,
      "time period 7": 0.0,
      "time period 8": 1.0880473766924292e6,
      "time period 9": 322061.3891259287,
      "time period 10": 0.0
    },
    "Total average cost ($)": 307665.46667882905,
    "Total average revenue ($)": 2.0084296091787e6,
    "Total average profit ($)": 1.700764142499871e6
  }
}
