{
  "Storage unit 1": {
    "Discharging power (MW)": {
      "time period 1": 0.0,
      "time period 2": 0.0,
      "time period 3": 300.0,
      "time period 4": 0.0,
      "time period 5": 300.0,
      "time period 6": 0.0
    },
    "Charging power (MW)": {
      "time period 1": 0.0,
      "time period 2": 249.13494809688615,
      "time period 3": 0.0,
      "time period 4": 0.0,
      "time period 5": 0.0,
      "time period 6": 0.0
    },
    "Net discharging power (MW)": {
      "time period 1": 0.0,
      "time period 2": -249.13494809688615,
      "time period 3": 300.0,
      "time period 4": 0.0,
      "time period 5": 300.0,
      "time period 6": 0.0
    },
    "Stored energy (MWh)": {
      "time period 1": 247.05882352941163,
      "time period 2": 352.94117647058823,
      "time period 3": 176.47058823529412,
      "time period 4": 176.47058823529412,
      "time period 5": 0.0,
      "time period 6": 0.0
    },
    "Final energy (MWh)": 0.0,
    "Hourly average cost ($)": {
      "time period 1": 0.0,
      "time period 2": 29240.928326753972,
      "time period 3": 0.0,
      "time period 4": 0.0,
      "time period 5": 0.0,
      "time period 6": 0.0
    },
    "Hourly average revenue ($)": {
      "time period 1": 0.0,
      "time period 2": 0.0,
      "time period 3": 80941.58093297138,
      "time period 4": 0.0,
      "time period 5": 78103.16519819251,
      "time period 6": 0.0
    },
    "Total average cost ($)": 29240.928326753972,
    "Total average revenue ($)": 159044.7461311639,
    "Total average profit ($)": 129803.81780440993
  }
}
