{
  "Storage unit 1": {
    "Discharging power (MW)": {
      "time period 1": 300.0,
      "time period 2": 0.0,
      "time period 3": 0.0,
      "time period 4": 81.74999999999986,
      "time period 5": 0.0,
      "time period 6": 300.0,
      "time period 7": 0.0
    },
    "Charging power (MW)": {
      "time period 1": 0.0,
      "time period 2": 300.0,
      "time period 3": 0.0,
      "time period 4": 0.0,
      "time period 5": 0.0,
      "time period 6": 0.0,
      "time period 7": 0.0
    },
    "Net discharging power (MW)": {
      "time period 1": 300.0,
      "time period 2": -300.0,
      "time period 3": 0.0,
      "time period 4": 81.74999999999986,
      "time period 5": 0.0,
      "time period 6": 300.0,
      "time period 7": 0.0
    },
    "Stored energy (MWh)": {
      "time period 1": 97.05882352941168,
      "time period 2": 224.55882352941168,
      "time period 3": 224.55882352941168,
      "time period 4": 176.47058823529412,
      "time period 5": 176.47058823529412,
      "time period 6": 0.0,
      "time period 7": 0.0
    },
    "Final energy (MWh)": 0.0,
    "Hourly average cost ($)": {
      "time period 1": 0.0,
      "time period 2": 34829.95119346617,
      "time period 3": 0.0,
      "time period 4": 0.0,
      "time period 5": 0.0,
      "time period 6": 0.0,
      "time period 7": 0.0
    },
    "Hourly average revenue ($)": {
      "time period 1": 85279.41692284307,
      "time period 2": 0.0,
      "time period 3": 0.0,
      "time period 4": 22018.571186588924,
      "time period 5": 0.0,
      "time period 6": 81315.37058125486,
      "time period 7": 0.0
    },
    "Total average cost ($)": 34829.95119346617,
    "Total average revenue ($)": 188613.35869068684,
    "Total average profit ($)": 153783.40749722067
  }
}
