{
  "Storage unit 1": {
    "Discharging power (MW)": {
      "time period 1": 0.0,
      "time period 2": 0.0,
      "time period 3": 216.75,
      "time period 4": 0.0,
      "time period 5": 0.0,
      "time period 6": 298.50000000000006,
      "time period 7": 300.0,
      "time period 8": 0.0,
      "time period 9": 0.0,
      "time period 10": 0.0,
      "time period 11": 300.0,
      "time period 12": 300.0,
      "time period 13": 0.0,
      "time period 14": 0.0,
      "time period 15": 0.0,
      "time period 16": 0.0,
      "time period 17": 0.0,
      "time period 18": 0.0,
      "time period 19": 0.0,
      "time period 20": 300.0,
      "time period 21": 300.0,
      "time period 22": 164.99999999999994,
      "time period 23": 0.0,
      "time period 24": 0.0,
      "time period 25": 0.0,
      "time period 26": 0.0,
      "time period 27": 300.0,
      "time period 28": 0.0,
      "time period 29": 0.0,
      "time period 30": 300.0,
      "time period 31": 0.0,
      "time period 32": 266.99999999999994,
      "time period 33": 0.0
    },
    "Charging power (MW)": {
      "time period 1": 299.99999999999994,
      "time period 2": 300.0,
      "time period 3": 0.0,
      "time period 4": 0.0,
      "time period 5": 300.0,
      "time period 6": 0.0,
      "time period 7": 0.0,
      "time period 8": 300.0,
      "time period 9": 300.0,
      "time period 10": 0.0,
      "time period 11": 0.0,
      "time period 12": 0.0,
      "time period 13": 0.0,
      "time period 14": 300.0,
      "time period 15": 300.0,
      "time period 16": 300.0,
      "time period 17": 158.8235294117647,
      "time period 18": 0.0,
      "time period 19": 0.0,
      "time period 20": 0.0,
      "time period 21": 0.0,
      "time period 22": 0.0,
      "time period 23": 300.0,
      "time period 24": 300.0,
      "time period 25": 0.0,
      "time period 26": 0.0,
      "time period 27": 0.0,
      "time period 28": 300.0,
      "time period 29": 300.0,
      "time period 30": 0.0,
      "time period 31": 0.0,
      "time period 32": 0.0,
      "time period 33": 0.0
    },
    "Net discharging power (MW)": {
      "time period 1": -299.99999999999994,
      "time period 2": -300.0,
      "time period 3": 216.75,
      "time period 4": 0.0,
      "time period 5": -300.0,
      "time period 6": 298.50000000000006,
      "time period 7": 300.0,
      "time period 8": -300.0,
      "time period 9": -300.0,
      "time period 10": 0.0,
      "time period 11": 300.0,
      "time period 12": 300.0,
      "time period 13": 0.0,
      "time period 14": -300.0,
      "time period 15": -300.0,
      "time period 16": -300.0,
      "time period 17": -158.8235294117647,
      "time period 18": 0.0,
      "time period 19": 0.0,
      "time period 20": 300.0,
      "time period 21": 300.0,
      "time period 22": 164.99999999999994,
      "time period 23": -300.0,
      "time period 24": -300.0,
      "time period 25": 0.0,
      "time period 26": 0.0,
      "time period 27": 300.0,
      "time period 28": -300.0,
      "time period 29": -300.0,
      "time period 30": 300.0,
      "time period 31": 0.0,
      "time period 32": 266.99999999999994,
      "time period 33": 0.0
    },
    "Stored energy (MWh)": {
      "time period 1": 322.5,
      "time period 2": 450.0,
      "time period 3": 322.5,
      "time period 4": 322.5,
      "time period 5": 450.0,
      "time period 6": 274.4117647058823,
      "time period 7": 97.94117647058823,
      "time period 8": 225.44117647058823,
      "time period 9": 352.94117647058823,
      "time period 10": 352.94117647058823,
      "time period 11": 176.47058823529412,
      "time period 12": 0.0,
      "time period 13": 0.0,
      "time period 14": 127.5,
      "time period 15": 255.0,
      "time period 16": 382.5,
      "time period 17": 450.0,
      "time period 18": 450.0,
      "time period 19": 450.0,
      "time period 20": 273.52941176470586,
      "time period 21": 97.05882352941174,
      "time period 22": 0.0,
      "time period 23": 127.5,
      "time period 24": 255.0,
      "time period 25": 255.0,
      "time period 26": 255.0,
      "time period 27": 78.52941176470588,
      "time period 28": 206.02941176470588,
      "time period 29": 333.52941176470586,
      "time period 30": 157.05882352941174,
      "time period 31": 157.05882352941174,
      "time period 32": 0.0,
      "time period 33": 0.0
    },
    "Final energy (MWh)": 0.0,
    "Hourly average cost ($)": {
      "time period 1": 28027.49542236327,
      "time period 2": 41661.0001373291,
      "time period 3": 0.0,
      "time period 4": 0.0,
      "time period 5": 31532.719116210938,
      "time period 6": 0.0,
      "time period 7": 0.0,
      "time period 8": 26846.703964233402,
      "time period 9": 39217.35905456543,
      "time period 10": 0.0,
      "time period 11": 0.0,
      "time period 12": 0.0,
      "time period 13": 0.0,
      "time period 14": 34458.293895721436,
      "time period 15": 37664.28395462036,
      "time period 16": 41424.6198348999,
      "time period 17": 22754.09425062292,
      "time period 18": 0.0,
      "time period 19": 0.0,
      "time period 20": 0.0,
      "time period 21": 0.0,
      "time period 22": 0.0,
      "time period 23": 43798.11269760132,
      "time period 24": 48490.01791763306,
      "time period 25": 0.0,
      "time period 26": 0.0,
      "time period 27": 0.0,
      "time period 28": 38559.729972839355,
      "time period 29": 40268.810817718506,
      "time period 30": 0.0,
      "time period 31": 0.0,
      "time period 32": 0.0,
      "time period 33": 0.0
    },
    "Hourly average revenue ($)": {
      "time period 1": 0.0,
      "time period 2": 0.0,
      "time period 3": 42062.731850624084,
      "time period 4": 0.0,
      "time period 5": 0.0,
      "time period 6": 69028.86938255312,
      "time period 7": 72638.63594055176,
      "time period 8": 0.0,
      "time period 9": 0.0,
      "time period 10": 0.0,
      "time period 11": 73609.49542236328,
      "time period 12": 74827.49542236328,
      "time period 13": 0.0,
      "time period 14": 0.0,
      "time period 15": 0.0,
      "time period 16": 0.0,
      "time period 17": 0.0,
      "time period 18": 0.0,
      "time period 19": 0.0,
      "time period 20": 85797.62049865721,
      "time period 21": 94658.76956176759,
      "time period 22": 43162.51788654326,
      "time period 23": 0.0,
      "time period 24": 0.0,
      "time period 25": 0.0,
      "time period 26": 0.0,
      "time period 27": 87997.03984451295,
      "time period 28": 0.0,
      "time period 29": 0.0,
      "time period 30": 81390.90739059448,
      "time period 31": 0.0,
      "time period 32": 69110.63088157654,
      "time period 33": 0.0
    },
    "Total average cost ($)": 474703.241036359,
    "Total average revenue ($)": 794284.7140821076,
    "Total average profit ($)": 319581.47304574866
  }
}
