{
  "Storage unit 1": {
    "Discharging power (MW)": {
      "time period 1": 0.0,
      "time period 2": 300.0,
      "time period 3": 0.0,
      "time period 4": 0.0,
      "time period 5": 298.50000000000006,
      "time period 6": 300.0,
      "time period 7": 0.0,
      "time period 8": 0.0,
      "time period 9": 0.0,
      "time period 10": 300.0,
      "time period 11": 300.0,
      "time period 12": 0.0,
      "time period 13": 0.0,
      "time period 14": 0.0,
      "time period 15": 0.0,
      "time period 16": 0.0,
      "time period 17": 0.0,
      "time period 18": 0.0,
      "time period 19": 300.0,
      "time period 20": 300.0,
      "time period 21": 164.99999999999994,
      "time period 22": 0.0,
      "time period 23": 0.0,
      "time period 24": 0.0,
      "time period 25": 0.0,
      "time period 26": 300.0,
      "time period 27": 0.0,
      "time period 28": 0.0,
      "time period 29": 300.0,
      "time period 30": 0.0,
      "time period 31": 266.99999999999994,
      "time period 32": 0.0
    },
    "Charging power (MW)": {
      "time period 1": 115.22491349480968,
      "time period 2": 0.0,
      "time period 3": 300.0,
      "time period 4": 300.0,
      "time period 5": 0.0,
      "time period 6": 0.0,
      "time period 7": 300.0,
      "time period 8": 300.0,
      "time period 9": 0.0,
      "time period 10": 0.0,
      "time period 11": 0.0,
      "time period 12": 0.0,
      "time period 13": 300.0,
      "time period 14": 300.0,
      "time period 15": 300.0,
      "time period 16": 158.8235294117647,
      "time period 17": 0.0,
      "time period 18": 0.0,
      "time period 19": 0.0,
      "time period 20": 0.0,
      "time period 21": 0.0,
      "time period 22": 300.0,
      "time period 23": 300.0,
      "time period 24": 0.0,
      "time period 25": 0.0,
      "time period 26": 0.0,
      "time period 27": 300.0,
      "time period 28": 300.0,
      "time period 29": 0.0,
      "time period 30": 0.0,
      "time period 31": 0.0,
      "time period 32": 0.0
    },
    "Net discharging power (MW)": {
      "time period 1": -115.22491349480968,
      "time period 2": 300.0,
      "time period 3": -300.0,
      "time period 4": -300.0,
      "time period 5": 298.50000000000006,
      "time period 6": 300.0,
      "time period 7": -300.0,
      "time period 8": -300.0,
      "time period 9": 0.0,
      "time period 10": 300.0,
      "time period 11": 300.0,
      "time period 12": 0.0,
      "time period 13": -300.0,
      "time period 14": -300.0,
      "time period 15": -300.0,
      "time period 16": -158.8235294117647,
      "time period 17": 0.0,
      "time period 18": 0.0,
      "time period 19": 300.0,
      "time period 20": 300.0,
      "time period 21": 164.99999999999994,
      "time period 22": -300.0,
      "time period 23": -300.0,
      "time period 24": 0.0,
      "time period 25": 0.0,
      "time period 26": 300.0,
      "time period 27": -300.0,
      "time period 28": -300.0,
      "time period 29": 300.0,
      "time period 30": 0.0,
      "time period 31": 266.99999999999994,
      "time period 32": 0.0
    },
    "Stored energy (MWh)": {
      "time period 1": 371.47058823529414,
      "time period 2": 195.0,
      "time period 3": 322.5,
      "time period 4": 450.0,
      "time period 5": 274.4117647058823,
      "time period 6": 97.94117647058823,
      "time period 7": 225.44117647058823,
      "time period 8": 352.94117647058823,
      "time period 9": 352.94117647058823,
      "time period 10": 176.47058823529412,
      "time period 11": 0.0,
      "time period 12": 0.0,
      "time period 13": 127.5,
      "time period 14": 255.0,
      "time period 15": 382.5,
      "time period 16": 450.0,
      "time period 17": 450.0,
      "time period 18": 450.0,
      "time period 19": 273.52941176470586,
      "time period 20": 97.05882352941174,
      "time period 21": 0.0,
      "time period 22": 127.5,
      "time period 23": 255.0,
      "time period 24": 255.0,
      "time period 25": 255.0,
      "time period 26": 78.52941176470588,
      "time period 27": 206.02941176470588,
      "time period 28": 333.52941176470586,
      "time period 29": 157.05882352941174,
      "time period 30": 157.05882352941174,
      "time period 31": 0.0,
      "time period 32": 0.0
    },
    "Final energy (MWh)": 0.0,
    "Hourly average cost ($)": {
      "time period 1": 17482.49824180735,
      "time period 2": 0.0,
      "time period 3": 43470.31398010254,
      "time period 4": 30339.466552734375,
      "time period 5": 0.0,
      "time period 6": 0.0,
      "time period 7": 26549.63594055176,
      "time period 8": 36953.7039642334,
      "time period 9": 0.0,
      "time period 10": 0.0,
      "time period 11": 0.0,
      "time period 12": 0.0,
      "time period 13": 33581.54857635498,
      "time period 14": 37815.293895721436,
      "time period 15": 41870.28395462036,
      "time period 16": 23199.681089064656,
      "time period 17": 0.0,
      "time period 18": 0.0,
      "time period 19": 0.0,
      "time period 20": 0.0,
      "time period 21": 0.0,
      "time period 22": 41019.3052482605,
      "time period 23": 48481.11269760132,
      "time period 24": 0.0,
      "time period 25": 0.0,
      "time period 26": 0.0,
      "time period 27": 38161.03984451294,
      "time period 28": 38940.729972839355,
      "time period 29": 0.0,
      "time period 30": 0.0,
      "time period 31": 0.0,
      "time period 32": 0.0
    },
    "Hourly average revenue ($)": {
      "time period 1": 0.0,
      "time period 2": 63306.0001373291,
      "time period 3": 0.0,
      "time period 4": 0.0,
      "time period 5": 68323.3855206299,
      "time period 6": 72306.74812316895,
      "time period 7": 0.0,
      "time period 8": 0.0,
      "time period 9": 0.0,
      "time period 10": 78836.06707763672,
      "time period 11": 74827.49542236328,
      "time period 12": 0.0,
      "time period 13": 0.0,
      "time period 14": 0.0,
      "time period 15": 0.0,
      "time period 16": 0.0,
      "time period 17": 0.0,
      "time period 18": 0.0,
      "time period 19": 86013.02748870848,
      "time period 20": 94662.62049865724,
      "time period 21": 44417.87325897215,
      "time period 22": 0.0,
      "time period 23": 0.0,
      "time period 24": 0.0,
      "time period 25": 0.0,
      "time period 26": 88721.30236816408,
      "time period 27": 0.0,
      "time period 28": 0.0,
      "time period 29": 85379.8108177185,
      "time period 30": 0.0,
      "time period 31": 69212.09982421875,
      "time period 32": 0.0
    },
    "Total average cost ($)": 457864.6139584049,
    "Total average revenue ($)": 826006.4305375672,
    "Total average profit ($)": 368141.8165791623
  }
}
