{
  "Storage unit 1": {
    "Discharging power (MW)": {
      "time period 1": 0.0,
      "time period 2": 0.0,
      "time period 3": 0.0,
      "time period 4": 0.0,
      "time period 5": 0.0,
      "time period 6": 0.0,
      "time period 7": 300.0,
      "time period 8": 300.0,
      "time period 9": 164.99999999999994,
      "time period 10": 0.0,
      "time period 11": 0.0,
      "time period 12": 0.0,
      "time period 13": 18.749999999999954,
      "time period 14": 300.0,
      "time period 15": 0.0,
      "time period 16": 0.0,
      "time period 17": 300.0,
      "time period 18": 164.99999999999994,
      "time period 19": 300.0,
      "time period 20": 0.0
    },
    "Charging power (MW)": {
      "time period 1": 300.0,
      "time period 2": 300.0,
      "time period 3": 300.0,
      "time period 4": 158.8235294117647,
      "time period 5": 0.0,
      "time period 6": 0.0,
      "time period 7": 0.0,
      "time period 8": 0.0,
      "time period 9": 0.0,
      "time period 10": 300.0,
      "time period 11": 300.0,
      "time period 12": 300.0,
      "time period 13": 0.0,
      "time period 14": 0.0,
      "time period 15": 300.0,
      "time period 16": 300.0,
      "time period 17": 0.0,
      "time period 18": 0.0,
      "time period 19": 0.0,
      "time period 20": 0.0
    },
    "Net discharging power (MW)": {
      "time period 1": -300.0,
      "time period 2": -300.0,
      "time period 3": -300.0,
      "time period 4": -158.8235294117647,
      "time period 5": 0.0,
      "time period 6": 0.0,
      "time period 7": 300.0,
      "time period 8": 300.0,
      "time period 9": 164.99999999999994,
      "time period 10": -300.0,
      "time period 11": -300.0,
      "time period 12": -300.0,
      "time period 13": 18.749999999999954,
      "time period 14": 300.0,
      "time period 15": -300.0,
      "time period 16": -300.0,
      "time period 17": 300.0,
      "time period 18": 164.99999999999994,
      "time period 19": 300.0,
      "time period 20": 0.0
    },
    "Stored energy (MWh)": {
      "time period 1": 127.5,
      "time period 2": 255.0,
      "time period 3": 382.5,
      "time period 4": 450.0,
      "time period 5": 450.0,
      "time period 6": 450.0,
      "time period 7": 273.52941176470586,
      "time period 8": 97.05882352941174,
      "time period 9": 0.0,
      "time period 10": 127.5,
      "time period 11": 255.0,
      "time period 12": 382.5,
      "time period 13": 371.47058823529414,
      "time period 14": 195.0,
      "time period 15": 322.5,
      "time period 16": 450.0,
      "time period 17": 273.52941176470586,
      "time period 18": 176.47058823529412,
      "time period 19": 0.0,
      "time period 20": 0.0
    },
    "Final energy (MWh)": 0.0,
    "Hourly average cost ($)": {
      "time period 1": 27517.49542236328,
      "time period 2": 27018.000137329098,
      "time period 3": 26136.313980102535,
      "time period 4": 17364.42346909467,
      "time period 5": 0.0,
      "time period 6": 0.0,
      "time period 7": 0.0,
      "time period 8": 0.0,
      "time period 9": 0.0,
      "time period 10": 43634.06707763672,
      "time period 11": 43090.49542236328,
      "time period 12": 50812.49542236328,
      "time period 13": 0.0,
      "time period 14": 0.0,
      "time period 15": 39968.28395462036,
      "time period 16": 39903.6198348999,
      "time period 17": 0.0,
      "time period 18": 0.0,
      "time period 19": 0.0,
      "time period 20": 0.0
    },
    "Hourly average revenue ($)": {
      "time period 1": 0.0,
      "time period 2": 0.0,
      "time period 3": 0.0,
      "time period 4": 0.0,
      "time period 5": 0.0,
      "time period 6": 0.0,
      "time period 7": 78455.63594055174,
      "time period 8": 87617.70396423341,
      "time period 9": 41790.29748001097,
      "time period 10": 0.0,
      "time period 11": 0.0,
      "time period 12": 0.0,
      "time period 13": 4580.034286022175,
      "time period 14": 89955.29389572145,
      "time period 15": 0.0,
      "time period 16": 0.0,
      "time period 17": 84172.95580673218,
      "time period 18": 41251.82798252104,
      "time period 19": 81003.02748870851,
      "time period 20": 0.0
    },
    "Total average cost ($)": 315445.19472077314,
    "Total average revenue ($)": 508826.7768445015,
    "Total average profit ($)": 193381.58212372835
  }
}
