{
  "Storage unit 1": {
    "Discharging power (MW)": {
      "time period 1": 0.0,
      "time period 2": 0.0,
      "time period 3": 0.0,
      "time period 4": 0.0,
      "time period 5": 0.0,
      "time period 6": 300.0,
      "time period 7": 300.0,
      "time period 8": 164.99999999999994,
      "time period 9": 0.0,
      "time period 10": 0.0,
      "time period 11": 0.0,
      "time period 12": 0.0,
      "time period 13": 300.0,
      "time period 14": 0.0,
      "time period 15": 0.0,
      "time period 16": 300.0,
      "time period 17": 164.99999999999994,
      "time period 18": 300.0,
      "time period 19": 0.0
    },
    "Charging power (MW)": {
      "time period 1": 300.0,
      "time period 2": 158.8235294117647,
      "time period 3": 300.0,
      "time period 4": 0.0,
      "time period 5": 0.0,
      "time period 6": 0.0,
      "time period 7": 0.0,
      "time period 8": 0.0,
      "time period 9": 300.0,
      "time period 10": 300.0,
      "time period 11": 274.04844290657445,
      "time period 12": 0.0,
      "time period 13": 0.0,
      "time period 14": 300.0,
      "time period 15": 300.0,
      "time period 16": 0.0,
      "time period 17": 0.0,
      "time period 18": 0.0,
      "time period 19": 0.0
    },
    "Net discharging power (MW)": {
      "time period 1": -300.0,
      "time period 2": -158.8235294117647,
      "time period 3": -300.0,
      "time period 4": 0.0,
      "time period 5": 0.0,
      "time period 6": 300.0,
      "time period 7": 300.0,
      "time period 8": 164.99999999999994,
      "time period 9": -300.0,
      "time period 10": -300.0,
      "time period 11": -274.04844290657445,
      "time period 12": 0.0,
      "time period 13": 300.0,
      "time period 14": -300.0,
      "time period 15": -300.0,
      "time period 16": 300.0,
      "time period 17": 164.99999999999994,
      "time period 18": 300.0,
      "time period 19": 0.0
    },
    "Stored energy (MWh)": {
      "time period 1": 255.0,
      "time period 2": 322.5,
      "time period 3": 450.0,
      "time period 4": 450.0,
      "time period 5": 450.0,
      "time period 6": 273.52941176470586,
      "time period 7": 97.05882352941174,
      "time period 8": 0.0,
      "time period 9": 127.5,
      "time period 10": 255.0,
      "time period 11": 371.47058823529414,
      "time period 12": 371.47058823529414,
      "time period 13": 195.0,
      "time period 14": 322.5,
      "time period 15": 450.0,
      "time period 16": 273.52941176470586,
      "time period 17": 176.47058823529412,
      "time period 18": 0.0,
      "time period 19": 0.0
    },
    "Final energy (MWh)": 0.0,
    "Hourly average cost ($)": {
      "time period 1": 30874.495422363278,
      "time period 2": 16530.35301388011,
      "time period 3": 28533.31398010254,
      "time period 4": 0.0,
      "time period 5": 0.0,
      "time period 6": 0.0,
      "time period 7": 0.0,
      "time period 8": 0.0,
      "time period 9": 38524.35905456543,
      "time period 10": 48317.06707763672,
      "time period 11": 46416.95083565366,
      "time period 12": 0.0,
      "time period 13": 0.0,
      "time period 14": 40119.293895721436,
      "time period 15": 40349.28395462036,
      "time period 16": 0.0,
      "time period 17": 0.0,
      "time period 18": 0.0,
      "time period 19": 0.0
    },
    "Hourly average revenue ($)": {
      "time period 1": 0.0,
      "time period 2": 0.0,
      "time period 3": 0.0,
      "time period 4": 0.0,
      "time period 5": 0.0,
      "time period 6": 78123.74812316893,
      "time period 7": 87320.63594055177,
      "time period 8": 40545.287180328356,
      "time period 9": 0.0,
      "time period 10": 0.0,
      "time period 11": 0.0,
      "time period 12": 0.0,
      "time period 13": 89078.548576355,
      "time period 14": 0.0,
      "time period 15": 0.0,
      "time period 16": 85014.6198348999,
      "time period 17": 41465.57569370268,
      "time period 18": 81003.32360458375,
      "time period 19": 0.0
    },
    "Total average cost ($)": 289665.11723454355,
    "Total average revenue ($)": 502551.7389535904,
    "Total average profit ($)": 212886.62171904685
  }
}
