{
  "Storage unit 1": {
    "Discharging power (MW)": {
      "time period 1": 165.0,
      "time period 2": 300.0,
      "time period 3": 300.0,
      "time period 4": 0.0,
      "time period 5": 0.0,
      "time period 6": 0.0,
      "time period 7": 0.0,
      "time period 8": 0.0,
      "time period 9": 300.0,
      "time period 10": 0.0,
      "time period 11": 0.0,
      "time period 12": 300.0,
      "time period 13": 164.99999999999994,
      "time period 14": 300.0,
      "time period 15": 0.0
    },
    "Charging power (MW)": {
      "time period 1": 0.0,
      "time period 2": 0.0,
      "time period 3": 0.0,
      "time period 4": 0.0,
      "time period 5": 300.0,
      "time period 6": 300.0,
      "time period 7": 274.04844290657445,
      "time period 8": 0.0,
      "time period 9": 0.0,
      "time period 10": 300.0,
      "time period 11": 300.0,
      "time period 12": 0.0,
      "time period 13": 0.0,
      "time period 14": 0.0,
      "time period 15": 0.0
    },
    "Net discharging power (MW)": {
      "time period 1": 165.0,
      "time period 2": 300.0,
      "time period 3": 300.0,
      "time period 4": 0.0,
      "time period 5": -300.0,
      "time period 6": -300.0,
      "time period 7": -274.04844290657445,
      "time period 8": 0.0,
      "time period 9": 300.0,
      "time period 10": -300.0,
      "time period 11": -300.0,
      "time period 12": 300.0,
      "time period 13": 164.99999999999994,
      "time period 14": 300.0,
      "time period 15": 0.0
    },
    "Stored energy (MWh)": {
      "time period 1": 352.94117647058823,
      "time period 2": 176.47058823529412,
      "time period 3": 0.0,
      "time period 4": 0.0,
      "time period 5": 127.5,
      "time period 6": 255.0,
      "time period 7": 371.47058823529414,
      "time period 8": 371.47058823529414,
      "time period 9": 195.0,
      "time period 10": 322.5,
      "time period 11": 450.0,
      "time period 12": 273.52941176470586,
      "time period 13": 176.47058823529412,
      "time period 14": 0.0,
      "time period 15": 0.0
    },
    "Final energy (MWh)": 0.0,
    "Hourly average cost ($)": {
      "time period 1": 0.0,
      "time period 2": 0.0,
      "time period 3": 0.0,
      "time period 4": 0.0,
      "time period 5": 34922.71911621094,
      "time period 6": 40314.748123168945,
      "time period 7": 44184.49788341061,
      "time period 8": 0.0,
      "time period 9": 0.0,
      "time period 10": 38405.06707763672,
      "time period 11": 33559.49542236328,
      "time period 12": 0.0,
      "time period 13": 0.0,
      "time period 14": 0.0,
      "time period 15": 0.0
    },
    "Hourly average revenue ($)": {
      "time period 1": 39546.372482299805,
      "time period 2": 77043.00013732909,
      "time period 3": 80820.31398010255,
      "time period 4": 0.0,
      "time period 5": 0.0,
      "time period 6": 0.0,
      "time period 7": 0.0,
      "time period 8": 0.0,
      "time period 9": 83131.35905456544,
      "time period 10": 0.0,
      "time period 11": 0.0,
      "time period 12": 78670.49542236328,
      "time period 13": 41774.45171699522,
      "time period 14": 82830.29389572145,
      "time period 15": 0.0
    },
    "Total average cost ($)": 191386.52762279048,
    "Total average revenue ($)": 483816.2866893768,
    "Total average profit ($)": 292429.7590665863
  }
}
