{
  "Storage unit 1": {
    "Discharging power (MW)": {
      "time period 1": 300.0,
      "time period 2": 0.0,
      "time period 3": 0.0,
      "time period 4": 0.0,
      "time period 5": 0.0,
      "time period 6": 0.0,
      "time period 7": 300.0,
      "time period 8": 0.0,
      "time period 9": 0.0,
      "time period 10": 300.0,
      "time period 11": 164.99999999999994,
      "time period 12": 300.0,
      "time period 13": 0.0
    },
    "Charging power (MW)": {
      "time period 1": 0.0,
      "time period 2": 0.0,
      "time period 3": 300.0,
      "time period 4": 300.0,
      "time period 5": 274.04844290657445,
      "time period 6": 0.0,
      "time period 7": 0.0,
      "time period 8": 300.0,
      "time period 9": 300.0,
      "time period 10": 0.0,
      "time period 11": 0.0,
      "time period 12": 0.0,
      "time period 13": 0.0
    },
    "Net discharging power (MW)": {
      "time period 1": 300.0,
      "time period 2": 0.0,
      "time period 3": -300.0,
      "time period 4": -300.0,
      "time period 5": -274.04844290657445,
      "time period 6": 0.0,
      "time period 7": 300.0,
      "time period 8": -300.0,
      "time period 9": -300.0,
      "time period 10": 300.0,
      "time period 11": 164.99999999999994,
      "time period 12": 300.0,
      "time period 13": 0.0
    },
    "Stored energy (MWh)": {
      "time period 1": 0.0,
      "time period 2": 0.0,
      "time period 3": 127.5,
      "time period 4": 255.0,
      "time period 5": 371.47058823529414,
      "time period 6": 371.47058823529414,
      "time period 7": 195.0,
      "time period 8": 322.5,
      "time period 9": 450.0,
      "time period 10": 273.52941176470586,
      "time period 11": 176.47058823529412,
      "time period 12": 0.0,
      "time period 13": 0.0
    },
    "Final energy (MWh)": 0.0,
    "Hourly average cost ($)": {
      "time period 1": 0.0,
      "time period 2": 0.0,
      "time period 3": 29463.31398010254,
      "time period 4": 38412.466552734375,
      "time period 5": 43233.625767057754,
      "time period 6": 0.0,
      "time period 7": 0.0,
      "time period 8": 31031.7039642334,
      "time period 9": 33676.35905456543,
      "time period 10": 0.0,
      "time period 11": 0.0,
      "time period 12": 0.0,
      "time period 13": 0.0
    },
    "Hourly average revenue ($)": {
      "time period 1": 89764.4954223633,
      "time period 2": 0.0,
      "time period 3": 0.0,
      "time period 4": 0.0,
      "time period 5": 0.0,
      "time period 6": 0.0,
      "time period 7": 80570.63594055177,
      "time period 8": 0.0,
      "time period 9": 0.0,
      "time period 10": 83897.06707763672,
      "time period 11": 38439.22248229979,
      "time period 12": 75889.49542236328,
      "time period 13": 0.0
    },
    "Total average cost ($)": 175817.4693186935,
    "Total average revenue ($)": 368560.9163452149,
    "Total average profit ($)": 192743.44702652137
  }
}
