{
  "Storage unit 1": {
    "Discharging power (MW)": {
      "time period 1": 0.0,
      "time period 2": 0.0,
      "time period 3": 300.0,
      "time period 4": 0.0,
      "time period 5": 0.0,
      "time period 6": 300.0,
      "time period 7": 0.0,
      "time period 8": 300.0,
      "time period 9": 0.0
    },
    "Charging power (MW)": {
      "time period 1": 45.67474048442899,
      "time period 2": 0.0,
      "time period 3": 0.0,
      "time period 4": 300.0,
      "time period 5": 300.0,
      "time period 6": 0.0,
      "time period 7": 0.0,
      "time period 8": 0.0,
      "time period 9": 0.0
    },
    "Net discharging power (MW)": {
      "time period 1": -45.67474048442899,
      "time period 2": 0.0,
      "time period 3": 300.0,
      "time period 4": -300.0,
      "time period 5": -300.0,
      "time period 6": 300.0,
      "time period 7": 0.0,
      "time period 8": 300.0,
      "time period 9": 0.0
    },
    "Stored energy (MWh)": {
      "time period 1": 274.4117647058823,
      "time period 2": 274.4117647058823,
      "time period 3": 97.94117647058823,
      "time period 4": 225.44117647058823,
      "time period 5": 352.94117647058823,
      "time period 6": 176.47058823529412,
      "time period 7": 176.47058823529412,
      "time period 8": 0.0,
      "time period 9": 0.0
    },
    "Final energy (MWh)": 0.0,
    "Hourly average cost ($)": {
      "time period 1": 7736.1584726089295,
      "time period 2": 0.0,
      "time period 3": 0.0,
      "time period 4": 28500.466552734375,
      "time period 5": 30074.719116210938,
      "time period 6": 0.0,
      "time period 7": 0.0,
      "time period 8": 0.0,
      "time period 9": 0.0
    },
    "Hourly average revenue ($)": {
      "time period 1": 0.0,
      "time period 2": 0.0,
      "time period 3": 74070.31398010254,
      "time period 4": 0.0,
      "time period 5": 0.0,
      "time period 6": 75894.74812316895,
      "time period 7": 0.0,
      "time period 8": 73742.7039642334,
      "time period 9": 0.0
    },
    "Total average cost ($)": 66311.34414155423,
    "Total average revenue ($)": 223707.76606750488,
    "Total average profit ($)": 157396.42192595065
  }
}
