{
  "Storage unit 1": {
    "Discharging power (MW)": {
      "time period 1": 300.0000000000002,
      "time period 2": 0.0,
      "time period 3": 0.0,
      "time period 4": 0.0,
      "time period 5": 0.0,
      "time period 6": 216.75,
      "time period 7": 0.0,
      "time period 8": 0.0,
      "time period 9": 300.0,
      "time period 10": 300.0,
      "time period 11": 0.0,
      "time period 12": 0.0,
      "time period 13": 100.49999999999982,
      "time period 14": 300.0,
      "time period 15": 300.0,
      "time period 16": 0.0,
      "time period 17": 0.0,
      "time period 18": 0.0,
      "time period 19": 0.0,
      "time period 20": 0.0,
      "time period 21": 0.0,
      "time period 22": 87.00000000000011,
      "time period 23": 300.0,
      "time period 24": 300.0,
      "time period 25": 300.0,
      "time period 26": 0.0,
      "time period 27": 0.0,
      "time period 28": 0.0,
      "time period 29": 0.0,
      "time period 30": 300.0,
      "time period 31": 0.0,
      "time period 32": 0.0,
      "time period 33": 300.0,
      "time period 34": 0.0,
      "time period 35": 300.0,
      "time period 36": 0.0
    },
    "Charging power (MW)": {
      "time period 1": 0.0,
      "time period 2": 0.0,
      "time period 3": 0.0,
      "time period 4": 300.0,
      "time period 5": 115.22491349481002,
      "time period 6": 0.0,
      "time period 7": 0.0,
      "time period 8": 300.0,
      "time period 9": 0.0,
      "time period 10": 0.0,
      "time period 11": 300.0,
      "time period 12": 300.0,
      "time period 13": 0.0,
      "time period 14": 0.0,
      "time period 15": 0.0,
      "time period 16": 0.0,
      "time period 17": 300.0,
      "time period 18": 300.0,
      "time period 19": 300.0,
      "time period 20": 300.0,
      "time period 21": 0.0,
      "time period 22": 0.0,
      "time period 23": 0.0,
      "time period 24": 0.0,
      "time period 25": 0.0,
      "time period 26": 300.0,
      "time period 27": 300.0,
      "time period 28": 0.0,
      "time period 29": 0.0,
      "time period 30": 0.0,
      "time period 31": 300.0,
      "time period 32": 300.0,
      "time period 33": 0.0,
      "time period 34": 0.0,
      "time period 35": 0.0,
      "time period 36": 0.0
    },
    "Net discharging power (MW)": {
      "time period 1": 300.0000000000002,
      "time period 2": 0.0,
      "time period 3": 0.0,
      "time period 4": -300.0,
      "time period 5": -115.22491349481002,
      "time period 6": 216.75,
      "time period 7": 0.0,
      "time period 8": -300.0,
      "time period 9": 300.0,
      "time period 10": 300.0,
      "time period 11": -300.0,
      "time period 12": -300.0,
      "time period 13": 100.49999999999982,
      "time period 14": 300.0,
      "time period 15": 300.0,
      "time period 16": 0.0,
      "time period 17": -300.0,
      "time period 18": -300.0,
      "time period 19": -300.0,
      "time period 20": -300.0,
      "time period 21": 0.0,
      "time period 22": 87.00000000000011,
      "time period 23": 300.0,
      "time period 24": 300.0,
      "time period 25": 300.0,
      "time period 26": -300.0,
      "time period 27": -300.0,
      "time period 28": 0.0,
      "time period 29": 0.0,
      "time period 30": 300.0,
      "time period 31": -300.0,
      "time period 32": -300.0,
      "time period 33": 300.0,
      "time period 34": 0.0,
      "time period 35": 300.0,
      "time period 36": 0.0
    },
    "Stored energy (MWh)": {
      "time period 1": 423.52941176470574,
      "time period 2": 423.52941176470574,
      "time period 3": 423.52941176470574,
      "time period 4": 551.0294117647057,
      "time period 5": 600.0,
      "time period 6": 472.5,
      "time period 7": 472.5,
      "time period 8": 600.0,
      "time period 9": 423.52941176470586,
      "time period 10": 247.05882352941174,
      "time period 11": 374.5588235294117,
      "time period 12": 502.0588235294117,
      "time period 13": 442.9411764705883,
      "time period 14": 266.47058823529414,
      "time period 15": 90.0,
      "time period 16": 90.0,
      "time period 17": 217.5,
      "time period 18": 345.0,
      "time period 19": 472.5,
      "time period 20": 600.0,
      "time period 21": 600.0,
      "time period 22": 548.8235294117646,
      "time period 23": 372.35294117647055,
      "time period 24": 195.88235294117644,
      "time period 25": 19.41176470588232,
      "time period 26": 146.91176470588232,
      "time period 27": 274.4117647058823,
      "time period 28": 274.4117647058823,
      "time period 29": 274.4117647058823,
      "time period 30": 97.94117647058823,
      "time period 31": 225.44117647058823,
      "time period 32": 352.94117647058823,
      "time period 33": 176.47058823529412,
      "time period 34": 176.47058823529412,
      "time period 35": 0.0,
      "time period 36": 0.0
    },
    "Final energy (MWh)": 0.0,
    "Hourly average cost ($)": {
      "time period 1": 0.0,
      "time period 2": 0.0,
      "time period 3": 0.0,
      "time period 4": 30159.09609757415,
      "time period 5": 18332.731269894062,
      "time period 6": 0.0,
      "time period 7": 0.0,
      "time period 8": 40519.376692428596,
      "time period 9": 0.0,
      "time period 10": 0.0,
      "time period 11": 40397.69055460145,
      "time period 12": 50159.119473085324,
      "time period 13": 0.0,
      "time period 14": 0.0,
      "time period 15": 0.0,
      "time period 16": 0.0,
      "time period 17": 36465.36488021852,
      "time period 18": 40729.96929611207,
      "time period 19": 44933.34347213746,
      "time period 20": 45908.765209808334,
      "time period 21": 0.0,
      "time period 22": 0.0,
      "time period 23": 0.0,
      "time period 24": 0.0,
      "time period 25": 0.0,
      "time period 26": 47612.12775672912,
      "time period 27": 54610.98440803526,
      "time period 28": 0.0,
      "time period 29": 0.0,
      "time period 30": 0.0,
      "time period 31": 41702.12558163643,
      "time period 32": 45043.9278563404,
      "time period 33": 0.0,
      "time period 34": 0.0,
      "time period 35": 0.0,
      "time period 36": 0.0
    },
    "Hourly average revenue ($)": {
      "time period 1": 73342.41692284313,
      "time period 2": 0.0,
      "time period 3": 0.0,
      "time period 4": 0.0,
      "time period 5": 0.0,
      "time period 6": 52445.097744956634,
      "time period 7": 0.0,
      "time period 8": 0.0,
      "time period 9": 79094.38912592884,
      "time period 10": 85310.8753124332,
      "time period 11": 0.0,
      "time period 12": 0.0,
      "time period 13": 25692.61392684398,
      "time period 14": 84216.82401145934,
      "time period 15": 84931.59510292055,
      "time period 16": 0.0,
      "time period 17": 0.0,
      "time period 18": 0.0,
      "time period 19": 0.0,
      "time period 20": 0.0,
      "time period 21": 0.0,
      "time period 22": 23395.46503090441,
      "time period 23": 89981.26774085996,
      "time period 24": 99370.29558242802,
      "time period 25": 85090.57963623048,
      "time period 26": 0.0,
      "time period 27": 0.0,
      "time period 28": 0.0,
      "time period 29": 0.0,
      "time period 30": 91372.87327374457,
      "time period 31": 0.0,
      "time period 32": 0.0,
      "time period 33": 86743.89264930724,
      "time period 34": 0.0,
      "time period 35": 80977.01476086615,
      "time period 36": 0.0
    },
    "Total average cost ($)": 536574.6225486012,
    "Total average revenue ($)": 1.0419652008217266e6,
    "Total average profit ($)": 505390.57827312534
  }
}
