{
  "Storage unit 1": {
    "Discharging power (MW)": {
      "time period 1": 0.0,
      "time period 2": 0.0,
      "time period 3": 0.0,
      "time period 4": 300.0,
      "time period 5": 300.0,
      "time period 6": 100.49999999999967,
      "time period 7": 0.0,
      "time period 8": 0.0,
      "time period 9": 0.0,
      "time period 10": 0.0,
      "time period 11": 0.0,
      "time period 12": 87.00000000000011,
      "time period 13": 300.0,
      "time period 14": 300.0,
      "time period 15": 300.0,
      "time period 16": 0.0,
      "time period 17": 0.0,
      "time period 18": 0.0,
      "time period 19": 0.0,
      "time period 20": 300.0,
      "time period 21": 0.0,
      "time period 22": 0.0,
      "time period 23": 300.0,
      "time period 24": 0.0,
      "time period 25": 300.0,
      "time period 26": 0.0
    },
    "Charging power (MW)": {
      "time period 1": 299.99999999999994,
      "time period 2": 300.0,
      "time period 3": 0.0,
      "time period 4": 0.0,
      "time period 5": 0.0,
      "time period 6": 0.0,
      "time period 7": 300.0,
      "time period 8": 300.0,
      "time period 9": 300.0,
      "time period 10": 300.0,
      "time period 11": 0.0,
      "time period 12": 0.0,
      "time period 13": 0.0,
      "time period 14": 0.0,
      "time period 15": 0.0,
      "time period 16": 300.0,
      "time period 17": 300.0,
      "time period 18": 0.0,
      "time period 19": 0.0,
      "time period 20": 0.0,
      "time period 21": 300.0,
      "time period 22": 300.0,
      "time period 23": 0.0,
      "time period 24": 0.0,
      "time period 25": 0.0,
      "time period 26": 0.0
    },
    "Net discharging power (MW)": {
      "time period 1": -299.99999999999994,
      "time period 2": -300.0,
      "time period 3": 0.0,
      "time period 4": 300.0,
      "time period 5": 300.0,
      "time period 6": 100.49999999999967,
      "time period 7": -300.0,
      "time period 8": -300.0,
      "time period 9": -300.0,
      "time period 10": -300.0,
      "time period 11": 0.0,
      "time period 12": 87.00000000000011,
      "time period 13": 300.0,
      "time period 14": 300.0,
      "time period 15": 300.0,
      "time period 16": -300.0,
      "time period 17": -300.0,
      "time period 18": 0.0,
      "time period 19": 0.0,
      "time period 20": 300.0,
      "time period 21": -300.0,
      "time period 22": -300.0,
      "time period 23": 300.0,
      "time period 24": 0.0,
      "time period 25": 300.0,
      "time period 26": 0.0
    },
    "Stored energy (MWh)": {
      "time period 1": 374.5588235294116,
      "time period 2": 502.0588235294116,
      "time period 3": 502.0588235294116,
      "time period 4": 325.58823529411745,
      "time period 5": 149.11764705882334,
      "time period 6": 90.0,
      "time period 7": 217.5,
      "time period 8": 345.0,
      "time period 9": 472.5,
      "time period 10": 600.0,
      "time period 11": 600.0,
      "time period 12": 548.8235294117646,
      "time period 13": 372.35294117647055,
      "time period 14": 195.88235294117644,
      "time period 15": 19.41176470588232,
      "time period 16": 146.91176470588232,
      "time period 17": 274.4117647058823,
      "time period 18": 274.4117647058823,
      "time period 19": 274.4117647058823,
      "time period 20": 97.94117647058823,
      "time period 21": 225.44117647058823,
      "time period 22": 352.94117647058823,
      "time period 23": 176.47058823529412,
      "time period 24": 176.47058823529412,
      "time period 25": 0.0,
      "time period 26": 0.0
    },
    "Final energy (MWh)": 0.0,
    "Hourly average cost ($)": {
      "time period 1": 31258.416922843084,
      "time period 2": 40751.9511934662,
      "time period 3": 0.0,
      "time period 4": 0.0,
      "time period 5": 0.0,
      "time period 6": 0.0,
      "time period 7": 32437.901892290032,
      "time period 8": 36376.376692428574,
      "time period 9": 42023.38912592881,
      "time period 10": 47705.875312433156,
      "time period 11": 0.0,
      "time period 12": 0.0,
      "time period 13": 0.0,
      "time period 14": 0.0,
      "time period 15": 0.0,
      "time period 16": 47942.24246086122,
      "time period 17": 52038.3648802185,
      "time period 18": 0.0,
      "time period 19": 0.0,
      "time period 20": 0.0,
      "time period 21": 42308.109577789306,
      "time period 22": 42331.01734794619,
      "time period 23": 0.0,
      "time period 24": 0.0,
      "time period 25": 0.0,
      "time period 26": 0.0
    },
    "Hourly average revenue ($)": {
      "time period 1": 0.0,
      "time period 2": 0.0,
      "time period 3": 0.0,
      "time period 4": 75741.09609757416,
      "time period 5": 77041.16519819251,
      "time period 6": 22151.329144720323,
      "time period 7": 0.0,
      "time period 8": 0.0,
      "time period 9": 0.0,
      "time period 10": 0.0,
      "time period 11": 0.0,
      "time period 12": 24058.72464719478,
      "time period 13": 93950.36993087768,
      "time period 14": 100371.82401145932,
      "time period 15": 85969.59510292055,
      "time period 16": 0.0,
      "time period 17": 0.0,
      "time period 18": 0.0,
      "time period 19": 0.0,
      "time period 20": 91445.76520980835,
      "time period 21": 0.0,
      "time period 22": 0.0,
      "time period 23": 87752.26774086001,
      "time period 24": 0.0,
      "time period 25": 85114.57963623047,
      "time period 26": 0.0
    },
    "Total average cost ($)": 415173.6454062051,
    "Total average revenue ($)": 743596.7167198382,
    "Total average profit ($)": 328423.0713136331
  }
}
