{
  "Storage unit 1": {
    "Discharging power (MW)": {
      "time period 1": 0.0,
      "time period 2": 0.0,
      "time period 3": 0.0,
      "time period 4": 0.0,
      "time period 5": 0.0,
      "time period 6": 300.0,
      "time period 7": 300.0,
      "time period 8": 300.0,
      "time period 9": 0.0,
      "time period 10": 0.0,
      "time period 11": 0.0,
      "time period 12": 0.0,
      "time period 13": 300.0,
      "time period 14": 0.0,
      "time period 15": 0.0,
      "time period 16": 300.0,
      "time period 17": 87.00000000000001,
      "time period 18": 300.0,
      "time period 19": 0.0
    },
    "Charging power (MW)": {
      "time period 1": 299.99999999999994,
      "time period 2": 300.0,
      "time period 3": 300.0,
      "time period 4": 0.0,
      "time period 5": 0.0,
      "time period 6": 0.0,
      "time period 7": 0.0,
      "time period 8": 0.0,
      "time period 9": 300.0,
      "time period 10": 300.0,
      "time period 11": 0.0,
      "time period 12": 0.0,
      "time period 13": 0.0,
      "time period 14": 300.0,
      "time period 15": 300.0,
      "time period 16": 0.0,
      "time period 17": 0.0,
      "time period 18": 0.0,
      "time period 19": 0.0
    },
    "Net discharging power (MW)": {
      "time period 1": -299.99999999999994,
      "time period 2": -300.0,
      "time period 3": -300.0,
      "time period 4": 0.0,
      "time period 5": 0.0,
      "time period 6": 300.0,
      "time period 7": 300.0,
      "time period 8": 300.0,
      "time period 9": -300.0,
      "time period 10": -300.0,
      "time period 11": 0.0,
      "time period 12": 0.0,
      "time period 13": 300.0,
      "time period 14": -300.0,
      "time period 15": -300.0,
      "time period 16": 300.0,
      "time period 17": 87.00000000000001,
      "time period 18": 300.0,
      "time period 19": 0.0
    },
    "Stored energy (MWh)": {
      "time period 1": 345.0,
      "time period 2": 472.5,
      "time period 3": 600.0,
      "time period 4": 600.0,
      "time period 5": 600.0,
      "time period 6": 423.52941176470586,
      "time period 7": 247.05882352941174,
      "time period 8": 70.58823529411762,
      "time period 9": 198.08823529411762,
      "time period 10": 325.5882352941176,
      "time period 11": 325.5882352941176,
      "time period 12": 325.5882352941176,
      "time period 13": 149.1176470588235,
      "time period 14": 276.61764705882354,
      "time period 15": 404.11764705882354,
      "time period 16": 227.64705882352942,
      "time period 17": 176.47058823529412,
      "time period 18": 0.0,
      "time period 19": 0.0
    },
    "Final energy (MWh)": 0.0,
    "Hourly average cost ($)": {
      "time period 1": 33139.41692284309,
      "time period 2": 36731.95119346619,
      "time period 3": 39748.580932971396,
      "time period 4": 0.0,
      "time period 5": 0.0,
      "time period 6": 0.0,
      "time period 7": 0.0,
      "time period 8": 0.0,
      "time period 9": 45350.389125928814,
      "time period 10": 53318.87531243316,
      "time period 11": 0.0,
      "time period 12": 0.0,
      "time period 13": 0.0,
      "time period 14": 43785.82401145935,
      "time period 15": 43663.59510292053,
      "time period 16": 0.0,
      "time period 17": 0.0,
      "time period 18": 0.0,
      "time period 19": 0.0
    },
    "Hourly average revenue ($)": {
      "time period 1": 0.0,
      "time period 2": 0.0,
      "time period 3": 0.0,
      "time period 4": 0.0,
      "time period 5": 0.0,
      "time period 6": 86325.37058125489,
      "time period 7": 94684.90189229003,
      "time period 8": 81367.37669242862,
      "time period 9": 0.0,
      "time period 10": 0.0,
      "time period 11": 0.0,
      "time period 12": 0.0,
      "time period 13": 96065.36993087766,
      "time period 14": 0.0,
      "time period 15": 0.0,
      "time period 16": 88205.24246086122,
      "time period 17": 22862.835815263377,
      "time period 18": 85744.96929611206,
      "time period 19": 0.0
    },
    "Total average cost ($)": 295738.63260202255,
    "Total average revenue ($)": 555256.0666690879,
    "Total average profit ($)": 259517.4340670653
  }
}
