{
  "Storage unit 1": {
    "Discharging power (MW)": {
      "time period 1": 300.0000000000002,
      "time period 2": 300.0,
      "time period 3": 300.0,
      "time period 4": 0.0,
      "time period 5": 0.0,
      "time period 6": 0.0,
      "time period 7": 0.0,
      "time period 8": 300.0,
      "time period 9": 0.0,
      "time period 10": 0.0,
      "time period 11": 300.0,
      "time period 12": 300.0,
      "time period 13": 300.0,
      "time period 14": 0.0
    },
    "Charging power (MW)": {
      "time period 1": 0.0,
      "time period 2": 0.0,
      "time period 3": 0.0,
      "time period 4": 300.0,
      "time period 5": 300.0,
      "time period 6": 294.8096885813152,
      "time period 7": 0.0,
      "time period 8": 0.0,
      "time period 9": 300.0,
      "time period 10": 300.0,
      "time period 11": 0.0,
      "time period 12": 0.0,
      "time period 13": 0.0,
      "time period 14": 0.0
    },
    "Net discharging power (MW)": {
      "time period 1": 300.0000000000002,
      "time period 2": 300.0,
      "time period 3": 300.0,
      "time period 4": -300.0,
      "time period 5": -300.0,
      "time period 6": -294.8096885813152,
      "time period 7": 0.0,
      "time period 8": 300.0,
      "time period 9": -300.0,
      "time period 10": -300.0,
      "time period 11": 300.0,
      "time period 12": 300.0,
      "time period 13": 300.0,
      "time period 14": 0.0
    },
    "Stored energy (MWh)": {
      "time period 1": 423.52941176470574,
      "time period 2": 247.05882352941163,
      "time period 3": 70.58823529411751,
      "time period 4": 198.0882352941175,
      "time period 5": 325.5882352941175,
      "time period 6": 450.88235294117646,
      "time period 7": 450.88235294117646,
      "time period 8": 274.4117647058823,
      "time period 9": 401.9117647058823,
      "time period 10": 529.4117647058823,
      "time period 11": 352.94117647058823,
      "time period 12": 176.47058823529412,
      "time period 13": 0.0,
      "time period 14": 0.0
    },
    "Final energy (MWh)": 0.0,
    "Hourly average cost ($)": {
      "time period 1": 0.0,
      "time period 2": 0.0,
      "time period 3": 0.0,
      "time period 4": 40539.09609757414,
      "time period 5": 45304.165198192524,
      "time period 6": 55265.38839126784,
      "time period 7": 0.0,
      "time period 8": 0.0,
      "time period 9": 40121.389125928785,
      "time period 10": 43787.875312433156,
      "time period 11": 0.0,
      "time period 12": 0.0,
      "time period 13": 0.0,
      "time period 14": 0.0
    },
    "Hourly average revenue ($)": {
      "time period 1": 83164.41692284317,
      "time period 2": 91415.95119346619,
      "time period 3": 78136.5809329714,
      "time period 4": 0.0,
      "time period 5": 0.0,
      "time period 6": 0.0,
      "time period 7": 0.0,
      "time period 8": 88516.37669242859,
      "time period 9": 0.0,
      "time period 10": 0.0,
      "time period 11": 90074.69055460143,
      "time period 12": 80948.11947308535,
      "time period 13": 88940.36993087774,
      "time period 14": 0.0
    },
    "Total average cost ($)": 225017.9141253964,
    "Total average revenue ($)": 601196.5057002738,
    "Total average profit ($)": 376178.5915748774
  }
}
