{
  "Storage unit 1": {
    "Discharging power (MW)": {
      "time period 1": 0.0,
      "time period 2": 0.0,
      "time period 3": 0.0,
      "time period 4": 0.0,
      "time period 5": 300.0,
      "time period 6": 0.0,
      "time period 7": 0.0,
      "time period 8": 300.0,
      "time period 9": 300.0,
      "time period 10": 300.0,
      "time period 11": 0.0
    },
    "Charging power (MW)": {
      "time period 1": 300.0,
      "time period 2": 300.0,
      "time period 3": 294.8096885813152,
      "time period 4": 0.0,
      "time period 5": 0.0,
      "time period 6": 300.0,
      "time period 7": 300.0,
      "time period 8": 0.0,
      "time period 9": 0.0,
      "time period 10": 0.0,
      "time period 11": 0.0
    },
    "Net discharging power (MW)": {
      "time period 1": -300.0,
      "time period 2": -300.0,
      "time period 3": -294.8096885813152,
      "time period 4": 0.0,
      "time period 5": 300.0,
      "time period 6": -300.0,
      "time period 7": -300.0,
      "time period 8": 300.0,
      "time period 9": 300.0,
      "time period 10": 300.0,
      "time period 11": 0.0
    },
    "Stored energy (MWh)": {
      "time period 1": 198.0882352941175,
      "time period 2": 325.5882352941175,
      "time period 3": 450.88235294117646,
      "time period 4": 450.88235294117646,
      "time period 5": 274.4117647058823,
      "time period 6": 401.9117647058823,
      "time period 7": 529.4117647058823,
      "time period 8": 352.94117647058823,
      "time period 9": 176.47058823529412,
      "time period 10": 0.0,
      "time period 11": 0.0
    },
    "Final energy (MWh)": 0.0,
    "Hourly average cost ($)": {
      "time period 1": 40672.41692284309,
      "time period 2": 44741.95119346619,
      "time period 3": 52165.17987876781,
      "time period 4": 0.0,
      "time period 5": 0.0,
      "time period 6": 38604.37058125487,
      "time period 7": 38479.901892290036,
      "time period 8": 0.0,
      "time period 9": 0.0,
      "time period 10": 0.0,
      "time period 11": 0.0
    },
    "Hourly average revenue ($)": {
      "time period 1": 0.0,
      "time period 2": 0.0,
      "time period 3": 0.0,
      "time period 4": 0.0,
      "time period 5": 85228.16519819251,
      "time period 6": 0.0,
      "time period 7": 0.0,
      "time period 8": 84172.37669242856,
      "time period 9": 76832.38912592878,
      "time period 10": 86117.87531243314,
      "time period 11": 0.0
    },
    "Total average cost ($)": 214663.82046862203,
    "Total average revenue ($)": 332350.806328983,
    "Total average profit ($)": 117686.98586036096
  }
}
