{
  "Storage unit 1": {
    "Discharging power (MW)": {
      "time period 1": 133.49999999999994,
      "time period 2": 300.0,
      "time period 3": 0.0,
      "time period 4": 0.0,
      "time period 5": 300.0,
      "time period 6": 300.0,
      "time period 7": 300.0,
      "time period 8": 0.0
    },
    "Charging power (MW)": {
      "time period 1": 0.0,
      "time period 2": 0.0,
      "time period 3": 300.0,
      "time period 4": 300.0,
      "time period 5": 0.0,
      "time period 6": 0.0,
      "time period 7": 0.0,
      "time period 8": 0.0
    },
    "Net discharging power (MW)": {
      "time period 1": 133.49999999999994,
      "time period 2": 300.0,
      "time period 3": -300.0,
      "time period 4": -300.0,
      "time period 5": 300.0,
      "time period 6": 300.0,
      "time period 7": 300.0,
      "time period 8": 0.0
    },
    "Stored energy (MWh)": {
      "time period 1": 450.88235294117646,
      "time period 2": 274.4117647058823,
      "time period 3": 401.9117647058823,
      "time period 4": 529.4117647058823,
      "time period 5": 352.94117647058823,
      "time period 6": 176.47058823529412,
      "time period 7": 0.0,
      "time period 8": 0.0
    },
    "Final energy (MWh)": 0.0,
    "Hourly average cost ($)": {
      "time period 1": 0.0,
      "time period 2": 0.0,
      "time period 3": 35449.580932971396,
      "time period 4": 35691.09609757417,
      "time period 5": 0.0,
      "time period 6": 0.0,
      "time period 7": 0.0,
      "time period 8": 0.0
    },
    "Hourly average revenue ($)": {
      "time period 1": 30919.23053066516,
      "time period 2": 84665.95119346622,
      "time period 3": 0.0,
      "time period 4": 0.0,
      "time period 5": 80884.16519819251,
      "time period 6": 75315.37058125489,
      "time period 7": 80809.90189229004,
      "time period 8": 0.0
    },
    "Total average cost ($)": 71140.67703054557,
    "Total average revenue ($)": 352594.6193958688,
    "Total average profit ($)": 281453.9423653232
  }
}
