{
  "Storage unit 1": {
    "Discharging power (MW)": {
      "time period 1": 300.0000000000001,
      "time period 2": 0.0,
      "time period 3": 0.0,
      "time period 4": 0.0,
      "time period 5": 0.0,
      "time period 6": 216.75,
      "time period 7": 0.0,
      "time period 8": 0.0,
      "time period 9": 300.0,
      "time period 10": 300.0,
      "time period 11": 0.0,
      "time period 12": 0.0,
      "time period 13": 83.49999999999991,
      "time period 14": 300.0,
      "time period 15": 300.0,
      "time period 16": 0.0,
      "time period 17": 0.0,
      "time period 18": 0.0,
      "time period 19": 0.0,
      "time period 20": 0.0,
      "time period 21": 0.0,
      "time period 22": 0.0,
      "time period 23": 300.0,
      "time period 24": 300.0,
      "time period 25": 249.99999999999994,
      "time period 26": 0.0,
      "time period 27": 0.0,
      "time period 28": 0.0,
      "time period 29": 0.0,
      "time period 30": 300.0,
      "time period 31": 0.0,
      "time period 32": 0.0,
      "time period 33": 300.0,
      "time period 34": 0.0,
      "time period 35": 266.99999999999994,
      "time period 36": 0.0
    },
    "Charging power (MW)": {
      "time period 1": 0.0,
      "time period 2": 0.0,
      "time period 3": 0.0,
      "time period 4": 300.0,
      "time period 5": 115.22491349480988,
      "time period 6": 0.0,
      "time period 7": 0.0,
      "time period 8": 300.0,
      "time period 9": 0.0,
      "time period 10": 0.0,
      "time period 11": 300.0,
      "time period 12": 300.0,
      "time period 13": 0.0,
      "time period 14": 0.0,
      "time period 15": 0.0,
      "time period 16": 0.0,
      "time period 17": 300.0,
      "time period 18": 300.0,
      "time period 19": 300.0,
      "time period 20": 276.47058823529414,
      "time period 21": 0.0,
      "time period 22": 0.0,
      "time period 23": 0.0,
      "time period 24": 0.0,
      "time period 25": 0.0,
      "time period 26": 300.0,
      "time period 27": 300.0,
      "time period 28": 0.0,
      "time period 29": 0.0,
      "time period 30": 0.0,
      "time period 31": 300.0,
      "time period 32": 300.0,
      "time period 33": 0.0,
      "time period 34": 0.0,
      "time period 35": 0.0,
      "time period 36": 0.0
    },
    "Net discharging power (MW)": {
      "time period 1": 300.0000000000001,
      "time period 2": 0.0,
      "time period 3": 0.0,
      "time period 4": -300.0,
      "time period 5": -115.22491349480988,
      "time period 6": 216.75,
      "time period 7": 0.0,
      "time period 8": -300.0,
      "time period 9": 300.0,
      "time period 10": 300.0,
      "time period 11": -300.0,
      "time period 12": -300.0,
      "time period 13": 83.49999999999991,
      "time period 14": 300.0,
      "time period 15": 300.0,
      "time period 16": 0.0,
      "time period 17": -300.0,
      "time period 18": -300.0,
      "time period 19": -300.0,
      "time period 20": -276.47058823529414,
      "time period 21": 0.0,
      "time period 22": 0.0,
      "time period 23": 300.0,
      "time period 24": 300.0,
      "time period 25": 249.99999999999994,
      "time period 26": -300.0,
      "time period 27": -300.0,
      "time period 28": 0.0,
      "time period 29": 0.0,
      "time period 30": 300.0,
      "time period 31": -300.0,
      "time period 32": -300.0,
      "time period 33": 300.0,
      "time period 34": 0.0,
      "time period 35": 266.99999999999994,
      "time period 36": 0.0
    },
    "Stored energy (MWh)": {
      "time period 1": 323.5294117647058,
      "time period 2": 323.5294117647058,
      "time period 3": 323.5294117647058,
      "time period 4": 451.0294117647058,
      "time period 5": 500.0,
      "time period 6": 372.5,
      "time period 7": 372.5,
      "time period 8": 500.0,
      "time period 9": 323.52941176470586,
      "time period 10": 147.05882352941174,
      "time period 11": 274.5588235294117,
      "time period 12": 402.0588235294117,
      "time period 13": 352.94117647058823,
      "time period 14": 176.47058823529412,
      "time period 15": 0.0,
      "time period 16": 0.0,
      "time period 17": 127.5,
      "time period 18": 255.0,
      "time period 19": 382.5,
      "time period 20": 500.0,
      "time period 21": 500.0,
      "time period 22": 500.0,
      "time period 23": 323.52941176470586,
      "time period 24": 147.05882352941174,
      "time period 25": 0.0,
      "time period 26": 127.5,
      "time period 27": 255.0,
      "time period 28": 255.0,
      "time period 29": 255.0,
      "time period 30": 78.52941176470588,
      "time period 31": 206.02941176470588,
      "time period 32": 333.52941176470586,
      "time period 33": 157.05882352941174,
      "time period 34": 157.05882352941174,
      "time period 35": 0.0,
      "time period 36": 0.0
    },
    "Final energy (MWh)": 0.0,
    "Hourly average cost ($)": {
      "time period 1": 0.0,
      "time period 2": 0.0,
      "time period 3": 0.0,
      "time period 4": 30159.09609757415,
      "time period 5": 18332.73126989404,
      "time period 6": 0.0,
      "time period 7": 0.0,
      "time period 8": 40519.376692428596,
      "time period 9": 0.0,
      "time period 10": 0.0,
      "time period 11": 40397.69055460145,
      "time period 12": 50159.119473085324,
      "time period 13": 0.0,
      "time period 14": 0.0,
      "time period 15": 0.0,
      "time period 16": 0.0,
      "time period 17": 36465.36488021852,
      "time period 18": 40729.96929611207,
      "time period 19": 44933.34347213746,
      "time period 20": 42308.07774237239,
      "time period 21": 0.0,
      "time period 22": 0.0,
      "time period 23": 0.0,
      "time period 24": 0.0,
      "time period 25": 0.0,
      "time period 26": 47612.12775672912,
      "time period 27": 54610.98440803526,
      "time period 28": 0.0,
      "time period 29": 0.0,
      "time period 30": 0.0,
      "time period 31": 41702.12558163643,
      "time period 32": 45043.9278563404,
      "time period 33": 0.0,
      "time period 34": 0.0,
      "time period 35": 0.0,
      "time period 36": 0.0
    },
    "Hourly average revenue ($)": {
      "time period 1": 73342.4169228431,
      "time period 2": 0.0,
      "time period 3": 0.0,
      "time period 4": 0.0,
      "time period 5": 0.0,
      "time period 6": 52445.097744956634,
      "time period 7": 0.0,
      "time period 8": 0.0,
      "time period 9": 79094.38912592884,
      "time period 10": 85310.8753124332,
      "time period 11": 0.0,
      "time period 12": 0.0,
      "time period 13": 21346.59963076094,
      "time period 14": 84216.82401145934,
      "time period 15": 84931.59510292055,
      "time period 16": 0.0,
      "time period 17": 0.0,
      "time period 18": 0.0,
      "time period 19": 0.0,
      "time period 20": 0.0,
      "time period 21": 0.0,
      "time period 22": 0.0,
      "time period 23": 89981.26774085996,
      "time period 24": 99370.29558242802,
      "time period 25": 70908.81636352539,
      "time period 26": 0.0,
      "time period 27": 0.0,
      "time period 28": 0.0,
      "time period 29": 0.0,
      "time period 30": 91372.87327374457,
      "time period 31": 0.0,
      "time period 32": 0.0,
      "time period 33": 86743.89264930724,
      "time period 34": 0.0,
      "time period 35": 72069.54313717087,
      "time period 36": 0.0
    },
    "Total average cost ($)": 532973.9350811653,
    "Total average revenue ($)": 991134.4865983387,
    "Total average profit ($)": 458160.5515171734
  }
}
