{
  "Storage unit 1": {
    "Discharging power (MW)": {
      "time period 1": 0.0,
      "time period 2": 0.0,
      "time period 3": 0.0,
      "time period 4": 216.75,
      "time period 5": 0.0,
      "time period 6": 0.0,
      "time period 7": 300.0,
      "time period 8": 300.0,
      "time period 9": 0.0,
      "time period 10": 0.0,
      "time period 11": 83.49999999999991,
      "time period 12": 300.0,
      "time period 13": 300.0,
      "time period 14": 0.0,
      "time period 15": 0.0,
      "time period 16": 0.0,
      "time period 17": 0.0,
      "time period 18": 0.0,
      "time period 19": 0.0,
      "time period 20": 0.0,
      "time period 21": 300.0,
      "time period 22": 300.0,
      "time period 23": 249.99999999999994,
      "time period 24": 0.0,
      "time period 25": 0.0,
      "time period 26": 0.0,
      "time period 27": 0.0,
      "time period 28": 300.0,
      "time period 29": 0.0,
      "time period 30": 0.0,
      "time period 31": 300.0,
      "time period 32": 0.0,
      "time period 33": 300.0,
      "time period 34": 0.0
    },
    "Charging power (MW)": {
      "time period 1": 0.0,
      "time period 2": 300.0,
      "time period 3": 115.22491349480988,
      "time period 4": 0.0,
      "time period 5": 0.0,
      "time period 6": 300.0,
      "time period 7": 0.0,
      "time period 8": 0.0,
      "time period 9": 300.0,
      "time period 10": 300.0,
      "time period 11": 0.0,
      "time period 12": 0.0,
      "time period 13": 0.0,
      "time period 14": 0.0,
      "time period 15": 300.0,
      "time period 16": 300.0,
      "time period 17": 300.0,
      "time period 18": 276.47058823529414,
      "time period 19": 0.0,
      "time period 20": 0.0,
      "time period 21": 0.0,
      "time period 22": 0.0,
      "time period 23": 0.0,
      "time period 24": 300.0,
      "time period 25": 300.0,
      "time period 26": 45.67474048442899,
      "time period 27": 0.0,
      "time period 28": 0.0,
      "time period 29": 300.0,
      "time period 30": 300.0,
      "time period 31": 0.0,
      "time period 32": 0.0,
      "time period 33": 0.0,
      "time period 34": 0.0
    },
    "Net discharging power (MW)": {
      "time period 1": 0.0,
      "time period 2": -300.0,
      "time period 3": -115.22491349480988,
      "time period 4": 216.75,
      "time period 5": 0.0,
      "time period 6": -300.0,
      "time period 7": 300.0,
      "time period 8": 300.0,
      "time period 9": -300.0,
      "time period 10": -300.0,
      "time period 11": 83.49999999999991,
      "time period 12": 300.0,
      "time period 13": 300.0,
      "time period 14": 0.0,
      "time period 15": -300.0,
      "time period 16": -300.0,
      "time period 17": -300.0,
      "time period 18": -276.47058823529414,
      "time period 19": 0.0,
      "time period 20": 0.0,
      "time period 21": 300.0,
      "time period 22": 300.0,
      "time period 23": 249.99999999999994,
      "time period 24": -300.0,
      "time period 25": -300.0,
      "time period 26": -45.67474048442899,
      "time period 27": 0.0,
      "time period 28": 300.0,
      "time period 29": -300.0,
      "time period 30": -300.0,
      "time period 31": 300.0,
      "time period 32": 0.0,
      "time period 33": 300.0,
      "time period 34": 0.0
    },
    "Stored energy (MWh)": {
      "time period 1": 323.5294117647058,
      "time period 2": 451.0294117647058,
      "time period 3": 500.0,
      "time period 4": 372.5,
      "time period 5": 372.5,
      "time period 6": 500.0,
      "time period 7": 323.52941176470586,
      "time period 8": 147.05882352941174,
      "time period 9": 274.5588235294117,
      "time period 10": 402.0588235294117,
      "time period 11": 352.94117647058823,
      "time period 12": 176.47058823529412,
      "time period 13": 0.0,
      "time period 14": 0.0,
      "time period 15": 127.5,
      "time period 16": 255.0,
      "time period 17": 382.5,
      "time period 18": 500.0,
      "time period 19": 500.0,
      "time period 20": 500.0,
      "time period 21": 323.52941176470586,
      "time period 22": 147.05882352941174,
      "time period 23": 0.0,
      "time period 24": 127.5,
      "time period 25": 255.0,
      "time period 26": 274.4117647058823,
      "time period 27": 274.4117647058823,
      "time period 28": 97.94117647058823,
      "time period 29": 225.44117647058823,
      "time period 30": 352.94117647058823,
      "time period 31": 176.47058823529412,
      "time period 32": 176.47058823529412,
      "time period 33": 0.0,
      "time period 34": 0.0
    },
    "Final energy (MWh)": 0.0,
    "Hourly average cost ($)": {
      "time period 1": 0.0,
      "time period 2": 29678.95119346619,
      "time period 3": 18354.78368013784,
      "time period 4": 0.0,
      "time period 5": 0.0,
      "time period 6": 40443.370581254894,
      "time period 7": 0.0,
      "time period 8": 0.0,
      "time period 9": 35936.3891259288,
      "time period 10": 49328.87531243318,
      "time period 11": 0.0,
      "time period 12": 0.0,
      "time period 13": 0.0,
      "time period 14": 0.0,
      "time period 15": 37621.595102920524,
      "time period 16": 40409.2424608612,
      "time period 17": 44028.36488021851,
      "time period 18": 43620.5795473974,
      "time period 19": 0.0,
      "time period 20": 0.0,
      "time period 21": 0.0,
      "time period 22": 0.0,
      "time period 23": 0.0,
      "time period 24": 48013.29558242798,
      "time period 25": 52315.579636230475,
      "time period 26": 9137.555783031406,
      "time period 27": 0.0,
      "time period 28": 0.0,
      "time period 29": 44485.049041643135,
      "time period 30": 41917.87327374458,
      "time period 31": 0.0,
      "time period 32": 0.0,
      "time period 33": 0.0,
      "time period 34": 0.0
    },
    "Hourly average revenue ($)": {
      "time period 1": 0.0,
      "time period 2": 0.0,
      "time period 3": 0.0,
      "time period 4": 50064.98443049733,
      "time period 5": 0.0,
      "time period 6": 0.0,
      "time period 7": 77071.90189229006,
      "time period 8": 80584.37669242859,
      "time period 9": 0.0,
      "time period 10": 0.0,
      "time period 11": 20888.27387103071,
      "time period 12": 84668.11947308527,
      "time period 13": 87878.36993087761,
      "time period 14": 0.0,
      "time period 15": 0.0,
      "time period 16": 0.0,
      "time period 17": 0.0,
      "time period 18": 0.0,
      "time period 19": 0.0,
      "time period 20": 0.0,
      "time period 21": 90029.10957778932,
      "time period 22": 98536.01734794621,
      "time period 23": 70789.38978404996,
      "time period 24": 0.0,
      "time period 25": 0.0,
      "time period 26": 0.0,
      "time period 27": 0.0,
      "time period 28": 91767.1312261963,
      "time period 29": 0.0,
      "time period 30": 0.0,
      "time period 31": 87194.12558163641,
      "time period 32": 0.0,
      "time period 33": 83962.8926493073,
      "time period 34": 0.0
    },
    "Total average cost ($)": 535291.5052016961,
    "Total average revenue ($)": 923434.6924571351,
    "Total average profit ($)": 388143.187255439
  }
}
