{
  "Storage unit 1": {
    "Discharging power (MW)": {
      "time period 1": 0.0,
      "time period 2": 0.0,
      "time period 3": 216.75,
      "time period 4": 0.0,
      "time period 5": 0.0,
      "time period 6": 300.0,
      "time period 7": 300.0,
      "time period 8": 0.0,
      "time period 9": 0.0,
      "time period 10": 83.49999999999991,
      "time period 11": 300.0,
      "time period 12": 300.0,
      "time period 13": 0.0,
      "time period 14": 0.0,
      "time period 15": 0.0,
      "time period 16": 0.0,
      "time period 17": 0.0,
      "time period 18": 0.0,
      "time period 19": 0.0,
      "time period 20": 300.0,
      "time period 21": 300.0,
      "time period 22": 249.99999999999994,
      "time period 23": 0.0,
      "time period 24": 0.0,
      "time period 25": 0.0,
      "time period 26": 0.0,
      "time period 27": 300.0,
      "time period 28": 0.0,
      "time period 29": 0.0,
      "time period 30": 300.0,
      "time period 31": 0.0,
      "time period 32": 300.0,
      "time period 33": 0.0
    },
    "Charging power (MW)": {
      "time period 1": 300.0,
      "time period 2": 115.22491349480988,
      "time period 3": 0.0,
      "time period 4": 0.0,
      "time period 5": 300.0,
      "time period 6": 0.0,
      "time period 7": 0.0,
      "time period 8": 300.0,
      "time period 9": 300.0,
      "time period 10": 0.0,
      "time period 11": 0.0,
      "time period 12": 0.0,
      "time period 13": 0.0,
      "time period 14": 300.0,
      "time period 15": 300.0,
      "time period 16": 300.0,
      "time period 17": 276.47058823529414,
      "time period 18": 0.0,
      "time period 19": 0.0,
      "time period 20": 0.0,
      "time period 21": 0.0,
      "time period 22": 0.0,
      "time period 23": 300.0,
      "time period 24": 300.0,
      "time period 25": 45.67474048442899,
      "time period 26": 0.0,
      "time period 27": 0.0,
      "time period 28": 300.0,
      "time period 29": 300.0,
      "time period 30": 0.0,
      "time period 31": 0.0,
      "time period 32": 0.0,
      "time period 33": 0.0
    },
    "Net discharging power (MW)": {
      "time period 1": -300.0,
      "time period 2": -115.22491349480988,
      "time period 3": 216.75,
      "time period 4": 0.0,
      "time period 5": -300.0,
      "time period 6": 300.0,
      "time period 7": 300.0,
      "time period 8": -300.0,
      "time period 9": -300.0,
      "time period 10": 83.49999999999991,
      "time period 11": 300.0,
      "time period 12": 300.0,
      "time period 13": 0.0,
      "time period 14": -300.0,
      "time period 15": -300.0,
      "time period 16": -300.0,
      "time period 17": -276.47058823529414,
      "time period 18": 0.0,
      "time period 19": 0.0,
      "time period 20": 300.0,
      "time period 21": 300.0,
      "time period 22": 249.99999999999994,
      "time period 23": -300.0,
      "time period 24": -300.0,
      "time period 25": -45.67474048442899,
      "time period 26": 0.0,
      "time period 27": 300.0,
      "time period 28": -300.0,
      "time period 29": -300.0,
      "time period 30": 300.0,
      "time period 31": 0.0,
      "time period 32": 300.0,
      "time period 33": 0.0
    },
    "Stored energy (MWh)": {
      "time period 1": 451.0294117647058,
      "time period 2": 500.0,
      "time period 3": 372.5,
      "time period 4": 372.5,
      "time period 5": 500.0,
      "time period 6": 323.52941176470586,
      "time period 7": 147.05882352941174,
      "time period 8": 274.5588235294117,
      "time period 9": 402.0588235294117,
      "time period 10": 352.94117647058823,
      "time period 11": 176.47058823529412,
      "time period 12": 0.0,
      "time period 13": 0.0,
      "time period 14": 127.5,
      "time period 15": 255.0,
      "time period 16": 382.5,
      "time period 17": 500.0,
      "time period 18": 500.0,
      "time period 19": 500.0,
      "time period 20": 323.52941176470586,
      "time period 21": 147.05882352941174,
      "time period 22": 0.0,
      "time period 23": 127.5,
      "time period 24": 255.0,
      "time period 25": 274.4117647058823,
      "time period 26": 274.4117647058823,
      "time period 27": 97.94117647058823,
      "time period 28": 225.44117647058823,
      "time period 29": 352.94117647058823,
      "time period 30": 176.47058823529412,
      "time period 31": 176.47058823529412,
      "time period 32": 0.0,
      "time period 33": 0.0
    },
    "Final energy (MWh)": 0.0,
    "Hourly average cost ($)": {
      "time period 1": 30292.41692284309,
      "time period 2": 18116.794403026834,
      "time period 3": 0.0,
      "time period 4": 0.0,
      "time period 5": 37231.165198192524,
      "time period 6": 0.0,
      "time period 7": 0.0,
      "time period 8": 34495.376692428596,
      "time period 9": 46043.38912592881,
      "time period 10": 0.0,
      "time period 11": 0.0,
      "time period 12": 0.0,
      "time period 13": 0.0,
      "time period 14": 38124.82401145938,
      "time period 15": 40978.59510292053,
      "time period 16": 44615.24246086119,
      "time period 17": 42784.15979157391,
      "time period 18": 0.0,
      "time period 19": 0.0,
      "time period 20": 0.0,
      "time period 21": 0.0,
      "time period 22": 0.0,
      "time period 23": 47489.26774085996,
      "time period 24": 52696.295582427985,
      "time period 25": 9140.66956399355,
      "time period 26": 0.0,
      "time period 27": 0.0,
      "time period 28": 41931.13122619629,
      "time period 29": 44866.04904164313,
      "time period 30": 0.0,
      "time period 31": 0.0,
      "time period 32": 0.0,
      "time period 33": 0.0
    },
    "Hourly average revenue ($)": {
      "time period 1": 0.0,
      "time period 2": 0.0,
      "time period 3": 50165.762224071834,
      "time period 4": 0.0,
      "time period 5": 0.0,
      "time period 6": 77577.37058125492,
      "time period 7": 80002.90189229004,
      "time period 8": 0.0,
      "time period 9": 0.0,
      "time period 10": 20561.00529529387,
      "time period 11": 85013.69055460145,
      "time period 12": 85886.11947308535,
      "time period 13": 0.0,
      "time period 14": 0.0,
      "time period 15": 0.0,
      "time period 16": 0.0,
      "time period 17": 0.0,
      "time period 18": 0.0,
      "time period 19": 0.0,
      "time period 20": 89330.76520980833,
      "time period 21": 98894.10957778936,
      "time period 22": 70530.84778995514,
      "time period 23": 0.0,
      "time period 24": 0.0,
      "time period 25": 0.0,
      "time period 26": 0.0,
      "time period 27": 94534.98440803528,
      "time period 28": 0.0,
      "time period 29": 0.0,
      "time period 30": 87028.87327374463,
      "time period 31": 0.0,
      "time period 32": 87373.92785634038,
      "time period 33": 0.0
    },
    "Total average cost ($)": 528805.3768643558,
    "Total average revenue ($)": 926900.3581362705,
    "Total average profit ($)": 398094.9812719148
  }
}
