{
  "Storage unit 1": {
    "Discharging power (MW)": {
      "time period 1": 0.0,
      "time period 2": 216.75,
      "time period 3": 0.0,
      "time period 4": 0.0,
      "time period 5": 300.0,
      "time period 6": 300.0,
      "time period 7": 0.0,
      "time period 8": 0.0,
      "time period 9": 0.0,
      "time period 10": 300.0,
      "time period 11": 300.0,
      "time period 12": 83.49999999999991,
      "time period 13": 0.0,
      "time period 14": 0.0,
      "time period 15": 0.0,
      "time period 16": 0.0,
      "time period 17": 0.0,
      "time period 18": 0.0,
      "time period 19": 300.0,
      "time period 20": 300.0,
      "time period 21": 249.99999999999994,
      "time period 22": 0.0,
      "time period 23": 0.0,
      "time period 24": 0.0,
      "time period 25": 0.0,
      "time period 26": 300.0,
      "time period 27": 0.0,
      "time period 28": 0.0,
      "time period 29": 300.0,
      "time period 30": 0.0,
      "time period 31": 300.0,
      "time period 32": 0.0
    },
    "Charging power (MW)": {
      "time period 1": 115.22491349480988,
      "time period 2": 0.0,
      "time period 3": 0.0,
      "time period 4": 300.0,
      "time period 5": 0.0,
      "time period 6": 0.0,
      "time period 7": 300.0,
      "time period 8": 300.0,
      "time period 9": 0.0,
      "time period 10": 0.0,
      "time period 11": 0.0,
      "time period 12": 0.0,
      "time period 13": 300.0,
      "time period 14": 300.0,
      "time period 15": 300.0,
      "time period 16": 276.47058823529414,
      "time period 17": 0.0,
      "time period 18": 0.0,
      "time period 19": 0.0,
      "time period 20": 0.0,
      "time period 21": 0.0,
      "time period 22": 300.0,
      "time period 23": 300.0,
      "time period 24": 45.67474048442899,
      "time period 25": 0.0,
      "time period 26": 0.0,
      "time period 27": 300.0,
      "time period 28": 300.0,
      "time period 29": 0.0,
      "time period 30": 0.0,
      "time period 31": 0.0,
      "time period 32": 0.0
    },
    "Net discharging power (MW)": {
      "time period 1": -115.22491349480988,
      "time period 2": 216.75,
      "time period 3": 0.0,
      "time period 4": -300.0,
      "time period 5": 300.0,
      "time period 6": 300.0,
      "time period 7": -300.0,
      "time period 8": -300.0,
      "time period 9": 0.0,
      "time period 10": 300.0,
      "time period 11": 300.0,
      "time period 12": 83.49999999999991,
      "time period 13": -300.0,
      "time period 14": -300.0,
      "time period 15": -300.0,
      "time period 16": -276.47058823529414,
      "time period 17": 0.0,
      "time period 18": 0.0,
      "time period 19": 300.0,
      "time period 20": 300.0,
      "time period 21": 249.99999999999994,
      "time period 22": -300.0,
      "time period 23": -300.0,
      "time period 24": -45.67474048442899,
      "time period 25": 0.0,
      "time period 26": 300.0,
      "time period 27": -300.0,
      "time period 28": -300.0,
      "time period 29": 300.0,
      "time period 30": 0.0,
      "time period 31": 300.0,
      "time period 32": 0.0
    },
    "Stored energy (MWh)": {
      "time period 1": 500.0,
      "time period 2": 372.5,
      "time period 3": 372.5,
      "time period 4": 500.0,
      "time period 5": 323.52941176470586,
      "time period 6": 147.05882352941174,
      "time period 7": 274.5588235294117,
      "time period 8": 402.0588235294117,
      "time period 9": 402.0588235294117,
      "time period 10": 225.5882352941176,
      "time period 11": 49.11764705882348,
      "time period 12": 0.0,
      "time period 13": 127.5,
      "time period 14": 255.0,
      "time period 15": 382.5,
      "time period 16": 500.0,
      "time period 17": 500.0,
      "time period 18": 500.0,
      "time period 19": 323.52941176470586,
      "time period 20": 147.05882352941174,
      "time period 21": 0.0,
      "time period 22": 127.5,
      "time period 23": 255.0,
      "time period 24": 274.4117647058823,
      "time period 25": 274.4117647058823,
      "time period 26": 97.94117647058823,
      "time period 27": 225.44117647058823,
      "time period 28": 352.94117647058823,
      "time period 29": 176.47058823529412,
      "time period 30": 176.47058823529412,
      "time period 31": 0.0,
      "time period 32": 0.0
    },
    "Final energy (MWh)": 0.0,
    "Hourly average cost ($)": {
      "time period 1": 18352.41618835845,
      "time period 2": 0.0,
      "time period 3": 0.0,
      "time period 4": 37149.09609757415,
      "time period 5": 0.0,
      "time period 6": 0.0,
      "time period 7": 33913.90189229002,
      "time period 8": 44602.376692428574,
      "time period 9": 0.0,
      "time period 10": 0.0,
      "time period 11": 0.0,
      "time period 12": 0.0,
      "time period 13": 40568.3699308777,
      "time period 14": 41481.82401145936,
      "time period 15": 45184.59510292054,
      "time period 16": 43325.00775804856,
      "time period 17": 0.0,
      "time period 18": 0.0,
      "time period 19": 0.0,
      "time period 20": 0.0,
      "time period 21": 0.0,
      "time period 22": 47179.017347946196,
      "time period 23": 52172.26774085997,
      "time period 24": 9198.633237463067,
      "time period 25": 0.0,
      "time period 26": 0.0,
      "time period 27": 44698.98440803527,
      "time period 28": 42312.13122619627,
      "time period 29": 0.0,
      "time period 30": 0.0,
      "time period 31": 0.0,
      "time period 32": 0.0
    },
    "Hourly average revenue ($)": {
      "time period 1": 0.0,
      "time period 2": 49718.07973727932,
      "time period 3": 0.0,
      "time period 4": 0.0,
      "time period 5": 74365.16519819252,
      "time period 6": 80508.37058125486,
      "time period 7": 0.0,
      "time period 8": 0.0,
      "time period 9": 0.0,
      "time period 10": 83837.87531243316,
      "time period 11": 86231.69055460142,
      "time period 12": 19972.11992000873,
      "time period 13": 0.0,
      "time period 14": 0.0,
      "time period 15": 0.0,
      "time period 16": 0.0,
      "time period 17": 0.0,
      "time period 18": 0.0,
      "time period 19": 90752.34347213744,
      "time period 20": 98195.76520980836,
      "time period 21": 70829.25798149109,
      "time period 22": 0.0,
      "time period 23": 0.0,
      "time period 24": 0.0,
      "time period 25": 0.0,
      "time period 26": 92219.12775672914,
      "time period 27": 0.0,
      "time period 28": 0.0,
      "time period 29": 89977.04904164317,
      "time period 30": 0.0,
      "time period 31": 84413.12558163646,
      "time period 32": 0.0
    },
    "Total average cost ($)": 500138.62163445813,
    "Total average revenue ($)": 921019.9703472157,
    "Total average profit ($)": 420881.3487127575
  }
}
