{
  "Storage unit 1": {
    "Discharging power (MW)": {
      "time period 1": 216.75,
      "time period 2": 0.0,
      "time period 3": 0.0,
      "time period 4": 300.0,
      "time period 5": 300.0,
      "time period 6": 0.0,
      "time period 7": 0.0,
      "time period 8": 0.0,
      "time period 9": 300.0,
      "time period 10": 300.0,
      "time period 11": 83.49999999999991,
      "time period 12": 0.0,
      "time period 13": 0.0,
      "time period 14": 0.0,
      "time period 15": 0.0,
      "time period 16": 0.0,
      "time period 17": 0.0,
      "time period 18": 300.0,
      "time period 19": 300.0,
      "time period 20": 249.99999999999994,
      "time period 21": 0.0,
      "time period 22": 0.0,
      "time period 23": 0.0,
      "time period 24": 0.0,
      "time period 25": 300.0,
      "time period 26": 0.0,
      "time period 27": 0.0,
      "time period 28": 300.0,
      "time period 29": 0.0,
      "time period 30": 300.0,
      "time period 31": 0.0
    },
    "Charging power (MW)": {
      "time period 1": 0.0,
      "time period 2": 0.0,
      "time period 3": 300.0,
      "time period 4": 0.0,
      "time period 5": 0.0,
      "time period 6": 300.0,
      "time period 7": 300.0,
      "time period 8": 0.0,
      "time period 9": 0.0,
      "time period 10": 0.0,
      "time period 11": 0.0,
      "time period 12": 300.0,
      "time period 13": 300.0,
      "time period 14": 300.0,
      "time period 15": 276.47058823529414,
      "time period 16": 0.0,
      "time period 17": 0.0,
      "time period 18": 0.0,
      "time period 19": 0.0,
      "time period 20": 0.0,
      "time period 21": 300.0,
      "time period 22": 300.0,
      "time period 23": 45.67474048442899,
      "time period 24": 0.0,
      "time period 25": 0.0,
      "time period 26": 300.0,
      "time period 27": 300.0,
      "time period 28": 0.0,
      "time period 29": 0.0,
      "time period 30": 0.0,
      "time period 31": 0.0
    },
    "Net discharging power (MW)": {
      "time period 1": 216.75,
      "time period 2": 0.0,
      "time period 3": -300.0,
      "time period 4": 300.0,
      "time period 5": 300.0,
      "time period 6": -300.0,
      "time period 7": -300.0,
      "time period 8": 0.0,
      "time period 9": 300.0,
      "time period 10": 300.0,
      "time period 11": 83.49999999999991,
      "time period 12": -300.0,
      "time period 13": -300.0,
      "time period 14": -300.0,
      "time period 15": -276.47058823529414,
      "time period 16": 0.0,
      "time period 17": 0.0,
      "time period 18": 300.0,
      "time period 19": 300.0,
      "time period 20": 249.99999999999994,
      "time period 21": -300.0,
      "time period 22": -300.0,
      "time period 23": -45.67474048442899,
      "time period 24": 0.0,
      "time period 25": 300.0,
      "time period 26": -300.0,
      "time period 27": -300.0,
      "time period 28": 300.0,
      "time period 29": 0.0,
      "time period 30": 300.0,
      "time period 31": 0.0
    },
    "Stored energy (MWh)": {
      "time period 1": 372.5,
      "time period 2": 372.5,
      "time period 3": 500.0,
      "time period 4": 323.52941176470586,
      "time period 5": 147.05882352941174,
      "time period 6": 274.5588235294117,
      "time period 7": 402.0588235294117,
      "time period 8": 402.0588235294117,
      "time period 9": 225.5882352941176,
      "time period 10": 49.11764705882348,
      "time period 11": 0.0,
      "time period 12": 127.5,
      "time period 13": 255.0,
      "time period 14": 382.5,
      "time period 15": 500.0,
      "time period 16": 500.0,
      "time period 17": 500.0,
      "time period 18": 323.52941176470586,
      "time period 19": 147.05882352941174,
      "time period 20": 0.0,
      "time period 21": 127.5,
      "time period 22": 255.0,
      "time period 23": 274.4117647058823,
      "time period 24": 274.4117647058823,
      "time period 25": 97.94117647058823,
      "time period 26": 225.44117647058823,
      "time period 27": 352.94117647058823,
      "time period 28": 176.47058823529412,
      "time period 29": 176.47058823529412,
      "time period 30": 0.0,
      "time period 31": 0.0
    },
    "Final energy (MWh)": 0.0,
    "Hourly average cost ($)": {
      "time period 1": 0.0,
      "time period 2": 0.0,
      "time period 3": 37288.5809329714,
      "time period 4": 0.0,
      "time period 5": 0.0,
      "time period 6": 34419.37058125488,
      "time period 7": 44020.90189229002,
      "time period 8": 0.0,
      "time period 9": 0.0,
      "time period 10": 0.0,
      "time period 11": 0.0,
      "time period 12": 38576.11947308534,
      "time period 13": 43925.36993087769,
      "time period 14": 45687.82401145934,
      "time period 15": 43849.705290926795,
      "time period 16": 0.0,
      "time period 17": 0.0,
      "time period 18": 0.0,
      "time period 19": 0.0,
      "time period 20": 0.0,
      "time period 21": 47537.10957778932,
      "time period 22": 51862.017347946145,
      "time period 23": 9118.850451895623,
      "time period 24": 0.0,
      "time period 25": 0.0,
      "time period 26": 42383.127756729125,
      "time period 27": 45079.9844080353,
      "time period 28": 0.0,
      "time period 29": 0.0,
      "time period 30": 0.0,
      "time period 31": 0.0
    },
    "Hourly average revenue ($)": {
      "time period 1": 50161.30872675412,
      "time period 2": 0.0,
      "time period 3": 0.0,
      "time period 4": 74283.09609757415,
      "time period 5": 77296.16519819255,
      "time period 6": 0.0,
      "time period 7": 0.0,
      "time period 8": 0.0,
      "time period 9": 80552.38912592879,
      "time period 10": 85055.87531243316,
      "time period 11": 20068.303871030723,
      "time period 12": 0.0,
      "time period 13": 0.0,
      "time period 14": 0.0,
      "time period 15": 0.0,
      "time period 16": 0.0,
      "time period 17": 0.0,
      "time period 18": 90754.96929611202,
      "time period 19": 99617.34347213744,
      "time period 20": 70247.30434150693,
      "time period 21": 0.0,
      "time period 22": 0.0,
      "time period 23": 0.0,
      "time period 24": 0.0,
      "time period 25": 92239.57963623047,
      "time period 26": 0.0,
      "time period 27": 0.0,
      "time period 28": 87423.13122619629,
      "time period 29": 0.0,
      "time period 30": 84247.87327374455,
      "time period 31": 0.0
    },
    "Total average cost ($)": 483748.96165526094,
    "Total average revenue ($)": 911947.3395778412,
    "Total average profit ($)": 428198.3779225803
  }
}
