{
  "Storage unit 1": {
    "Discharging power (MW)": {
      "time period 1": 300.00000000000017,
      "time period 2": 300.0,
      "time period 3": 164.99999999999986,
      "time period 4": 0.0,
      "time period 5": 0.0,
      "time period 6": 0.0,
      "time period 7": 0.0,
      "time period 8": 300.0,
      "time period 9": 0.0,
      "time period 10": 0.0,
      "time period 11": 300.0,
      "time period 12": 164.99999999999994,
      "time period 13": 300.0,
      "time period 14": 0.0
    },
    "Charging power (MW)": {
      "time period 1": 0.0,
      "time period 2": 0.0,
      "time period 3": 0.0,
      "time period 4": 300.0,
      "time period 5": 300.0,
      "time period 6": 274.04844290657445,
      "time period 7": 0.0,
      "time period 8": 0.0,
      "time period 9": 300.0,
      "time period 10": 300.0,
      "time period 11": 0.0,
      "time period 12": 0.0,
      "time period 13": 0.0,
      "time period 14": 0.0
    },
    "Net discharging power (MW)": {
      "time period 1": 300.00000000000017,
      "time period 2": 300.0,
      "time period 3": 164.99999999999986,
      "time period 4": -300.0,
      "time period 5": -300.0,
      "time period 6": -274.04844290657445,
      "time period 7": 0.0,
      "time period 8": 300.0,
      "time period 9": -300.0,
      "time period 10": -300.0,
      "time period 11": 300.0,
      "time period 12": 164.99999999999994,
      "time period 13": 300.0,
      "time period 14": 0.0
    },
    "Stored energy (MWh)": {
      "time period 1": 273.5294117647058,
      "time period 2": 97.05882352941168,
      "time period 3": 0.0,
      "time period 4": 127.5,
      "time period 5": 255.0,
      "time period 6": 371.47058823529414,
      "time period 7": 371.47058823529414,
      "time period 8": 195.0,
      "time period 9": 322.5,
      "time period 10": 450.0,
      "time period 11": 273.52941176470586,
      "time period 12": 176.47058823529412,
      "time period 13": 0.0,
      "time period 14": 0.0
    },
    "Final energy (MWh)": 0.0,
    "Hourly average cost ($)": {
      "time period 1": 0.0,
      "time period 2": 0.0,
      "time period 3": 0.0,
      "time period 4": 40539.09609757414,
      "time period 5": 45304.165198192524,
      "time period 6": 51373.45963131936,
      "time period 7": 0.0,
      "time period 8": 0.0,
      "time period 9": 40121.389125928785,
      "time period 10": 43787.875312433156,
      "time period 11": 0.0,
      "time period 12": 0.0,
      "time period 13": 0.0,
      "time period 14": 0.0
    },
    "Hourly average revenue ($)": {
      "time period 1": 83164.41692284316,
      "time period 2": 91415.95119346619,
      "time period 3": 42975.119513134225,
      "time period 4": 0.0,
      "time period 5": 0.0,
      "time period 6": 0.0,
      "time period 7": 0.0,
      "time period 8": 88516.37669242859,
      "time period 9": 0.0,
      "time period 10": 0.0,
      "time period 11": 90074.69055460143,
      "time period 12": 44521.46571019693,
      "time period 13": 88940.36993087774,
      "time period 14": 0.0
    },
    "Total average cost ($)": 221125.98536544794,
    "Total average revenue ($)": 529608.3905175483,
    "Total average profit ($)": 308482.4051521004
  }
}
