{
  "Storage unit 1": {
    "Discharging power (MW)": {
      "time period 1": 0.0,
      "time period 2": 0.0,
      "time period 3": 300.0,
      "time period 4": 0.0,
      "time period 5": 213.5,
      "time period 6": 0.0
    },
    "Charging power (MW)": {
      "time period 1": 300.0,
      "time period 2": 300.0,
      "time period 3": 0.0,
      "time period 4": 0.0,
      "time period 5": 0.0,
      "time period 6": 0.0
    },
    "Net discharging power (MW)": {
      "time period 1": -300.0,
      "time period 2": -300.0,
      "time period 3": 300.0,
      "time period 4": 0.0,
      "time period 5": 213.5,
      "time period 6": 0.0
    },
    "Stored energy (MWh)": {
      "time period 1": 174.55882352941177,
      "time period 2": 302.05882352941177,
      "time period 3": 125.58823529411765,
      "time period 4": 125.58823529411765,
      "time period 5": 0.0,
      "time period 6": 0.0
    },
    "Final energy (MWh)": 0.0,
    "Hourly average cost ($)": {
      "time period 1": 35443.416922843084,
      "time period 2": 35210.95119346619,
      "time period 3": 0.0,
      "time period 4": 0.0,
      "time period 5": 0.0,
      "time period 6": 0.0
    },
    "Hourly average revenue ($)": {
      "time period 1": 0.0,
      "time period 2": 0.0,
      "time period 3": 80941.58093297138,
      "time period 4": 0.0,
      "time period 5": 55583.41923271368,
      "time period 6": 0.0
    },
    "Total average cost ($)": 70654.36811630928,
    "Total average revenue ($)": 136525.00016568505,
    "Total average profit ($)": 65870.63204937577
  }
}
