{
  "Storage unit 1": {
    "Discharging power (MW)": {
      "time period 1": 0.0,
      "time period 2": 0.0,
      "time period 3": 300.0,
      "time period 4": 0.0,
      "time period 5": 0.0,
      "time period 6": 0.0,
      "time period 7": 0.0,
      "time period 8": 0.0,
      "time period 9": 300.0,
      "time period 10": 0.0,
      "time period 11": 0.0,
      "time period 12": 300.0,
      "time period 13": 0.0,
      "time period 14": 166.74999999999991,
      "time period 15": 0.0
    },
    "Charging power (MW)": {
      "time period 1": 0.0,
      "time period 2": 0.0,
      "time period 3": 0.0,
      "time period 4": 0.0,
      "time period 5": 300.0,
      "time period 6": 0.0,
      "time period 7": 0.0,
      "time period 8": 0.0,
      "time period 9": 0.0,
      "time period 10": 0.0,
      "time period 11": 0.0,
      "time period 12": 0.0,
      "time period 13": 0.0,
      "time period 14": 0.0,
      "time period 15": 0.0
    },
    "Net discharging power (MW)": {
      "time period 1": 0.0,
      "time period 2": 0.0,
      "time period 3": 300.0,
      "time period 4": 0.0,
      "time period 5": -300.0,
      "time period 6": 0.0,
      "time period 7": 0.0,
      "time period 8": 0.0,
      "time period 9": 300.0,
      "time period 10": 0.0,
      "time period 11": 0.0,
      "time period 12": 300.0,
      "time period 13": 0.0,
      "time period 14": 166.74999999999991,
      "time period 15": 0.0
    },
    "Stored energy (MWh)": {
      "time period 1": 500.0,
      "time period 2": 500.0,
      "time period 3": 323.52941176470586,
      "time period 4": 323.52941176470586,
      "time period 5": 451.02941176470586,
      "time period 6": 451.02941176470586,
      "time period 7": 451.02941176470586,
      "time period 8": 451.02941176470586,
      "time period 9": 274.5588235294117,
      "time period 10": 274.5588235294117,
      "time period 11": 274.5588235294117,
      "time period 12": 98.0882352941176,
      "time period 13": 98.0882352941176,
      "time period 14": 0.0,
      "time period 15": 0.0
    },
    "Final energy (MWh)": 0.0,
    "Hourly average cost ($)": {
      "time period 1": 0.0,
      "time period 2": 0.0,
      "time period 3": 0.0,
      "time period 4": 0.0,
      "time period 5": 40621.16519819251,
      "time period 6": 0.0,
      "time period 7": 0.0,
      "time period 8": 0.0,
      "time period 9": 0.0,
      "time period 10": 0.0,
      "time period 11": 0.0,
      "time period 12": 0.0,
      "time period 13": 0.0,
      "time period 14": 0.0,
      "time period 15": 0.0
    },
    "Hourly average revenue ($)": {
      "time period 1": 0.0,
      "time period 2": 0.0,
      "time period 3": 92035.58093297142,
      "time period 4": 0.0,
      "time period 5": 0.0,
      "time period 6": 0.0,
      "time period 7": 0.0,
      "time period 8": 0.0,
      "time period 9": 89957.38912592878,
      "time period 10": 0.0,
      "time period 11": 0.0,
      "time period 12": 89729.11947308529,
      "time period 13": 0.0,
      "time period 14": 48077.818013036165,
      "time period 15": 0.0
    },
    "Total average cost ($)": 40621.16519819251,
    "Total average revenue ($)": 319799.9075450216,
    "Total average profit ($)": 279178.7423468291
  }
}
