{
  "Storage unit 1": {
    "Discharging power (MW)": {
      "time period 1": 0.0,
      "time period 2": 0.0,
      "time period 3": 0.0,
      "time period 4": 0.0,
      "time period 5": 215.25,
      "time period 6": 300.0,
      "time period 7": 0.0,
      "time period 8": 0.0,
      "time period 9": 0.0,
      "time period 10": 0.0,
      "time period 11": 0.0,
      "time period 12": 300.0,
      "time period 13": 0.0,
      "time period 14": 0.0,
      "time period 15": 300.0,
      "time period 16": 0.0,
      "time period 17": 300.0,
      "time period 18": 0.0
    },
    "Charging power (MW)": {
      "time period 1": 230.44982698962025,
      "time period 2": 0.0,
      "time period 3": 0.0,
      "time period 4": 0.0,
      "time period 5": 0.0,
      "time period 6": 0.0,
      "time period 7": 0.0,
      "time period 8": 300.0,
      "time period 9": 0.0,
      "time period 10": 0.0,
      "time period 11": 0.0,
      "time period 12": 0.0,
      "time period 13": 300.0,
      "time period 14": 300.0,
      "time period 15": 0.0,
      "time period 16": 0.0,
      "time period 17": 0.0,
      "time period 18": 0.0
    },
    "Net discharging power (MW)": {
      "time period 1": -230.44982698962025,
      "time period 2": 0.0,
      "time period 3": 0.0,
      "time period 4": 0.0,
      "time period 5": 215.25,
      "time period 6": 300.0,
      "time period 7": 0.0,
      "time period 8": -300.0,
      "time period 9": 0.0,
      "time period 10": 0.0,
      "time period 11": 0.0,
      "time period 12": 300.0,
      "time period 13": -300.0,
      "time period 14": -300.0,
      "time period 15": 300.0,
      "time period 16": 0.0,
      "time period 17": 300.0,
      "time period 18": 0.0
    },
    "Stored energy (MWh)": {
      "time period 1": 450.0000000000001,
      "time period 2": 450.0,
      "time period 3": 450.0,
      "time period 4": 450.0,
      "time period 5": 323.38235294117646,
      "time period 6": 146.91176470588232,
      "time period 7": 146.91176470588232,
      "time period 8": 274.4117647058823,
      "time period 9": 274.4117647058823,
      "time period 10": 274.4117647058823,
      "time period 11": 274.4117647058823,
      "time period 12": 97.94117647058823,
      "time period 13": 225.44117647058823,
      "time period 14": 352.94117647058823,
      "time period 15": 176.47058823529412,
      "time period 16": 176.47058823529412,
      "time period 17": 0.0,
      "time period 18": 0.0
    },
    "Final energy (MWh)": 0.0,
    "Hourly average cost ($)": {
      "time period 1": 28687.482895748097,
      "time period 2": 0.0,
      "time period 3": 0.0,
      "time period 4": 0.0,
      "time period 5": 0.0,
      "time period 6": 0.0,
      "time period 7": 0.0,
      "time period 8": 43909.37669242859,
      "time period 9": 0.0,
      "time period 10": 0.0,
      "time period 11": 0.0,
      "time period 12": 0.0,
      "time period 13": 46229.36993087767,
      "time period 14": 44166.824011459335,
      "time period 15": 0.0,
      "time period 16": 0.0,
      "time period 17": 0.0,
      "time period 18": 0.0
    },
    "Hourly average revenue ($)": {
      "time period 1": 0.0,
      "time period 2": 0.0,
      "time period 3": 0.0,
      "time period 4": 0.0,
      "time period 5": 59633.696029703126,
      "time period 6": 95190.37058125486,
      "time period 7": 0.0,
      "time period 8": 0.0,
      "time period 9": 0.0,
      "time period 10": 0.0,
      "time period 11": 0.0,
      "time period 12": 94073.11947308533,
      "time period 13": 0.0,
      "time period 14": 0.0,
      "time period 15": 88774.59510292052,
      "time period 16": 0.0,
      "time period 17": 84837.36488021853,
      "time period 18": 0.0
    },
    "Total average cost ($)": 162993.0535305137,
    "Total average revenue ($)": 422509.14606718236,
    "Total average profit ($)": 259516.09253666867
  }
}
