{
  "Storage unit 1": {
    "Discharging power (MW)": {
      "time period 1": 2.1032064978498967e-13,
      "time period 2": 0.0,
      "time period 3": 0.0,
      "time period 4": 0.0,
      "time period 5": 300.0,
      "time period 6": 0.0,
      "time period 7": 0.0,
      "time period 8": 0.0,
      "time period 9": 0.0,
      "time period 10": 0.0,
      "time period 11": 300.0,
      "time period 12": 0.0,
      "time period 13": 0.0,
      "time period 14": 300.0,
      "time period 15": 0.0,
      "time period 16": 300.0,
      "time period 17": 0.0
    },
    "Charging power (MW)": {
      "time period 1": 0.0,
      "time period 2": 0.0,
      "time period 3": 0.0,
      "time period 4": 0.0,
      "time period 5": 0.0,
      "time period 6": 0.0,
      "time period 7": 300.0,
      "time period 8": 0.0,
      "time period 9": 0.0,
      "time period 10": 0.0,
      "time period 11": 0.0,
      "time period 12": 300.0,
      "time period 13": 2.0761245674741664,
      "time period 14": 0.0,
      "time period 15": 0.0,
      "time period 16": 0.0,
      "time period 17": 0.0
    },
    "Net discharging power (MW)": {
      "time period 1": 2.1032064978498967e-13,
      "time period 2": 0.0,
      "time period 3": 0.0,
      "time period 4": 0.0,
      "time period 5": 300.0,
      "time period 6": 0.0,
      "time period 7": -300.0,
      "time period 8": 0.0,
      "time period 9": 0.0,
      "time period 10": 0.0,
      "time period 11": 300.0,
      "time period 12": -300.0,
      "time period 13": -2.0761245674741664,
      "time period 14": 300.0,
      "time period 15": 0.0,
      "time period 16": 300.0,
      "time period 17": 0.0
    },
    "Stored energy (MWh)": {
      "time period 1": 450.0,
      "time period 2": 450.0,
      "time period 3": 450.0,
      "time period 4": 450.0,
      "time period 5": 273.52941176470586,
      "time period 6": 273.52941176470586,
      "time period 7": 401.02941176470586,
      "time period 8": 401.02941176470586,
      "time period 9": 401.02941176470586,
      "time period 10": 401.02941176470586,
      "time period 11": 224.55882352941174,
      "time period 12": 352.0588235294117,
      "time period 13": 352.94117647058823,
      "time period 14": 176.47058823529412,
      "time period 15": 176.47058823529412,
      "time period 16": 0.0,
      "time period 17": 0.0
    },
    "Final energy (MWh)": 0.0,
    "Hourly average cost ($)": {
      "time period 1": 0.0,
      "time period 2": 0.0,
      "time period 3": 0.0,
      "time period 4": 0.0,
      "time period 5": 0.0,
      "time period 6": 0.0,
      "time period 7": 43327.90189229003,
      "time period 8": 0.0,
      "time period 9": 0.0,
      "time period 10": 0.0,
      "time period 11": 0.0,
      "time period 12": 44237.119473085324,
      "time period 13": 322.5631137085142,
      "time period 14": 0.0,
      "time period 15": 0.0,
      "time period 16": 0.0,
      "time period 17": 0.0
    },
    "Hourly average revenue ($)": {
      "time period 1": 2.7862169837461104e-11,
      "time period 2": 0.0,
      "time period 3": 0.0,
      "time period 4": 0.0,
      "time period 5": 91978.16519819254,
      "time period 6": 0.0,
      "time period 7": 0.0,
      "time period 8": 0.0,
      "time period 9": 0.0,
      "time period 10": 0.0,
      "time period 11": 94418.69055460148,
      "time period 12": 0.0,
      "time period 13": 0.0,
      "time period 14": 89277.82401145932,
      "time period 15": 0.0,
      "time period 16": 85424.2424608612,
      "time period 17": 0.0
    },
    "Total average cost ($)": 87887.58447908386,
    "Total average revenue ($)": 361098.9222251146,
    "Total average profit ($)": 273211.33774603077
  }
}
