{
  "Storage unit 1": {
    "Discharging power (MW)": {
      "time period 1": 0.0,
      "time period 2": 0.0,
      "time period 3": 30.0,
      "time period 4": 0.0,
      "time period 5": 0.0,
      "time period 6": 0.0,
      "time period 7": 0.0,
      "time period 8": 21.675,
      "time period 9": 0.0,
      "time period 10": 0.0,
      "time period 11": 10.799999999999997,
      "time period 12": 30.0,
      "time period 13": 0.0,
      "time period 14": 0.0,
      "time period 15": 0.0,
      "time period 16": 10.799999999999997,
      "time period 17": 30.0,
      "time period 18": 0.0,
      "time period 19": 0.0,
      "time period 20": 0.0,
      "time period 21": 0.0,
      "time period 22": 0.0,
      "time period 23": 0.0,
      "time period 24": 0.0,
      "time period 25": 10.799999999999997,
      "time period 26": 30.0,
      "time period 27": 0.0,
      "time period 28": 0.0,
      "time period 29": 0.0,
      "time period 30": 0.0,
      "time period 31": 10.799999999999997,
      "time period 32": 30.0,
      "time period 33": 0.0,
      "time period 34": 0.0,
      "time period 35": 10.799999999999997,
      "time period 36": 0.0,
      "time period 37": 30.0,
      "time period 38": 0.0
    },
    "Charging power (MW)": {
      "time period 1": 0.0,
      "time period 2": 0.0,
      "time period 3": 0.0,
      "time period 4": 0.0,
      "time period 5": 0.0,
      "time period 6": 30.0,
      "time period 7": 11.522491349480973,
      "time period 8": 0.0,
      "time period 9": 0.0,
      "time period 10": 30.0,
      "time period 11": 0.0,
      "time period 12": 0.0,
      "time period 13": 30.0,
      "time period 14": 26.47058823529412,
      "time period 15": 0.0,
      "time period 16": 0.0,
      "time period 17": 0.0,
      "time period 18": 0.0,
      "time period 19": 30.0,
      "time period 20": 26.47058823529412,
      "time period 21": 0.0,
      "time period 22": 0.0,
      "time period 23": 0.0,
      "time period 24": 0.0,
      "time period 25": 0.0,
      "time period 26": 0.0,
      "time period 27": 0.0,
      "time period 28": 30.0,
      "time period 29": 26.47058823529412,
      "time period 30": 0.0,
      "time period 31": 0.0,
      "time period 32": 0.0,
      "time period 33": 30.0,
      "time period 34": 26.47058823529412,
      "time period 35": 0.0,
      "time period 36": 0.0,
      "time period 37": 0.0,
      "time period 38": 0.0
    },
    "Net discharging power (MW)": {
      "time period 1": 0.0,
      "time period 2": 0.0,
      "time period 3": 30.0,
      "time period 4": 0.0,
      "time period 5": 0.0,
      "time period 6": -30.0,
      "time period 7": -11.522491349480973,
      "time period 8": 21.675,
      "time period 9": 0.0,
      "time period 10": -30.0,
      "time period 11": 10.799999999999997,
      "time period 12": 30.0,
      "time period 13": -30.0,
      "time period 14": -26.47058823529412,
      "time period 15": 0.0,
      "time period 16": 10.799999999999997,
      "time period 17": 30.0,
      "time period 18": 0.0,
      "time period 19": -30.0,
      "time period 20": -26.47058823529412,
      "time period 21": 0.0,
      "time period 22": 0.0,
      "time period 23": 0.0,
      "time period 24": 0.0,
      "time period 25": 10.799999999999997,
      "time period 26": 30.0,
      "time period 27": 0.0,
      "time period 28": -30.0,
      "time period 29": -26.47058823529412,
      "time period 30": 0.0,
      "time period 31": 10.799999999999997,
      "time period 32": 30.0,
      "time period 33": -30.0,
      "time period 34": -26.47058823529412,
      "time period 35": 10.799999999999997,
      "time period 36": 0.0,
      "time period 37": 30.0,
      "time period 38": 0.0
    },
    "Stored energy (MWh)": {
      "time period 1": 24.0,
      "time period 2": 24.0,
      "time period 3": 6.352941176470587,
      "time period 4": 6.352941176470587,
      "time period 5": 6.352941176470587,
      "time period 6": 19.102941176470587,
      "time period 7": 24.0,
      "time period 8": 11.25,
      "time period 9": 11.25,
      "time period 10": 24.0,
      "time period 11": 17.647058823529413,
      "time period 12": 0.0,
      "time period 13": 12.75,
      "time period 14": 24.0,
      "time period 15": 24.0,
      "time period 16": 17.647058823529413,
      "time period 17": 0.0,
      "time period 18": 0.0,
      "time period 19": 12.75,
      "time period 20": 24.0,
      "time period 21": 24.0,
      "time period 22": 24.0,
      "time period 23": 24.0,
      "time period 24": 24.0,
      "time period 25": 17.647058823529413,
      "time period 26": 0.0,
      "time period 27": 0.0,
      "time period 28": 12.75,
      "time period 29": 24.0,
      "time period 30": 24.0,
      "time period 31": 17.647058823529413,
      "time period 32": 0.0,
      "time period 33": 12.75,
      "time period 34": 24.0,
      "time period 35": 17.647058823529413,
      "time period 36": 17.647058823529413,
      "time period 37": 0.0,
      "time period 38": 0.0
    },
    "Final energy (MWh)": 0.0,
    "Hourly average cost ($)": {
      "time period 1": 0.0,
      "time period 2": 0.0,
      "time period 3": 0.0,
      "time period 4": 0.0,
      "time period 5": 0.0,
      "time period 6": 3345.337058125489,
      "time period 7": 1937.2342941329405,
      "time period 8": 0.0,
      "time period 9": 0.0,
      "time period 10": 4524.587531243317,
      "time period 11": 0.0,
      "time period 12": 0.0,
      "time period 13": 4204.436993087767,
      "time period 14": 4385.984471599354,
      "time period 15": 0.0,
      "time period 16": 0.0,
      "time period 17": 0.0,
      "time period 18": 0.0,
      "time period 19": 3737.0343472137456,
      "time period 20": 3468.1557538066195,
      "time period 21": 0.0,
      "time period 22": 0.0,
      "time period 23": 0.0,
      "time period 24": 0.0,
      "time period 25": 0.0,
      "time period 26": 0.0,
      "time period 27": 0.0,
      "time period 28": 4716.01312261963,
      "time period 29": 4799.7396213214515,
      "time period 30": 0.0,
      "time period 31": 0.0,
      "time period 32": 0.0,
      "time period 33": 4125.189264930725,
      "time period 34": 3667.751554823483,
      "time period 35": 0.0,
      "time period 36": 0.0,
      "time period 37": 0.0,
      "time period 38": 0.0
    },
    "Hourly average revenue ($)": {
      "time period 1": 0.0,
      "time period 2": 0.0,
      "time period 3": 7334.858093297139,
      "time period 4": 0.0,
      "time period 5": 0.0,
      "time period 6": 0.0,
      "time period 7": 0.0,
      "time period 8": 5250.001216027965,
      "time period 9": 0.0,
      "time period 10": 0.0,
      "time period 11": 3008.0048599656525,
      "time period 12": 8614.111947308536,
      "time period 13": 0.0,
      "time period 14": 0.0,
      "time period 15": 0.0,
      "time period 16": 2993.1927285910024,
      "time period 17": 8377.536488021846,
      "time period 18": 0.0,
      "time period 19": 0.0,
      "time period 20": 0.0,
      "time period 21": 0.0,
      "time period 22": 0.0,
      "time period 23": 0.0,
      "time period 24": 0.0,
      "time period 25": 3244.4848669042963,
      "time period 26": 9896.912775672916,
      "time period 27": 0.0,
      "time period 28": 0.0,
      "time period 29": 0.0,
      "time period 30": 0.0,
      "time period 31": 2726.644520938911,
      "time period 32": 9449.892785634042,
      "time period 33": 0.0,
      "time period 34": 0.0,
      "time period 35": 3015.28853139118,
      "time period 36": 0.0,
      "time period 37": 8432.55499273682,
      "time period 38": 0.0
    },
    "Total average cost ($)": 42911.46401290452,
    "Total average revenue ($)": 72343.48380649032,
    "Total average profit ($)": 29432.019793585794
  }
}
