{
  "Storage unit 1": {
    "Discharging power (MW)": {
      "time period 1": 0.0,
      "time period 2": 0.0,
      "time period 3": 10.799999999999997,
      "time period 4": 30.0,
      "time period 5": 0.0,
      "time period 6": 0.0,
      "time period 7": 0.0,
      "time period 8": 10.799999999999997,
      "time period 9": 30.0,
      "time period 10": 0.0,
      "time period 11": 0.0,
      "time period 12": 0.0,
      "time period 13": 0.0,
      "time period 14": 0.0,
      "time period 15": 0.0,
      "time period 16": 0.0,
      "time period 17": 10.799999999999997,
      "time period 18": 30.0,
      "time period 19": 0.0,
      "time period 20": 0.0,
      "time period 21": 0.0,
      "time period 22": 0.0,
      "time period 23": 10.799999999999997,
      "time period 24": 30.0,
      "time period 25": 0.0,
      "time period 26": 0.0,
      "time period 27": 30.0,
      "time period 28": 0.0,
      "time period 29": 10.799999999999997,
      "time period 30": 0.0
    },
    "Charging power (MW)": {
      "time period 1": 0.0,
      "time period 2": 30.0,
      "time period 3": 0.0,
      "time period 4": 0.0,
      "time period 5": 30.0,
      "time period 6": 26.47058823529412,
      "time period 7": 0.0,
      "time period 8": 0.0,
      "time period 9": 0.0,
      "time period 10": 0.0,
      "time period 11": 30.0,
      "time period 12": 26.47058823529412,
      "time period 13": 0.0,
      "time period 14": 0.0,
      "time period 15": 0.0,
      "time period 16": 0.0,
      "time period 17": 0.0,
      "time period 18": 0.0,
      "time period 19": 0.0,
      "time period 20": 30.0,
      "time period 21": 26.47058823529412,
      "time period 22": 0.0,
      "time period 23": 0.0,
      "time period 24": 0.0,
      "time period 25": 30.0,
      "time period 26": 26.47058823529412,
      "time period 27": 0.0,
      "time period 28": 0.0,
      "time period 29": 0.0,
      "time period 30": 0.0
    },
    "Net discharging power (MW)": {
      "time period 1": 0.0,
      "time period 2": -30.0,
      "time period 3": 10.799999999999997,
      "time period 4": 30.0,
      "time period 5": -30.0,
      "time period 6": -26.47058823529412,
      "time period 7": 0.0,
      "time period 8": 10.799999999999997,
      "time period 9": 30.0,
      "time period 10": 0.0,
      "time period 11": -30.0,
      "time period 12": -26.47058823529412,
      "time period 13": 0.0,
      "time period 14": 0.0,
      "time period 15": 0.0,
      "time period 16": 0.0,
      "time period 17": 10.799999999999997,
      "time period 18": 30.0,
      "time period 19": 0.0,
      "time period 20": -30.0,
      "time period 21": -26.47058823529412,
      "time period 22": 0.0,
      "time period 23": 10.799999999999997,
      "time period 24": 30.0,
      "time period 25": -30.0,
      "time period 26": -26.47058823529412,
      "time period 27": 30.0,
      "time period 28": 0.0,
      "time period 29": 10.799999999999997,
      "time period 30": 0.0
    },
    "Stored energy (MWh)": {
      "time period 1": 11.25,
      "time period 2": 24.0,
      "time period 3": 17.647058823529413,
      "time period 4": 0.0,
      "time period 5": 12.75,
      "time period 6": 24.0,
      "time period 7": 24.0,
      "time period 8": 17.647058823529413,
      "time period 9": 0.0,
      "time period 10": 0.0,
      "time period 11": 12.75,
      "time period 12": 24.0,
      "time period 13": 24.0,
      "time period 14": 24.0,
      "time period 15": 24.0,
      "time period 16": 24.0,
      "time period 17": 17.647058823529413,
      "time period 18": 0.0,
      "time period 19": 0.0,
      "time period 20": 12.75,
      "time period 21": 24.0,
      "time period 22": 24.0,
      "time period 23": 17.647058823529413,
      "time period 24": 0.0,
      "time period 25": 12.75,
      "time period 26": 24.0,
      "time period 27": 6.352941176470587,
      "time period 28": 6.352941176470587,
      "time period 29": 0.0,
      "time period 30": 0.0
    },
    "Final energy (MWh)": 0.0,
    "Hourly average cost ($)": {
      "time period 1": 0.0,
      "time period 2": 3666.895119346619,
      "time period 3": 0.0,
      "time period 4": 0.0,
      "time period 5": 3120.7165198192533,
      "time period 6": 3928.797404228374,
      "time period 7": 0.0,
      "time period 8": 0.0,
      "time period 9": 0.0,
      "time period 10": 0.0,
      "time period 11": 3892.169055460145,
      "time period 12": 3699.981129978117,
      "time period 13": 0.0,
      "time period 14": 0.0,
      "time period 15": 0.0,
      "time period 16": 0.0,
      "time period 17": 0.0,
      "time period 18": 0.0,
      "time period 19": 0.0,
      "time period 20": 4683.876520980837,
      "time period 21": 4607.656727451997,
      "time period 22": 0.0,
      "time period 23": 0.0,
      "time period 24": 0.0,
      "time period 25": 4240.357963623042,
      "time period 26": 3773.305390299627,
      "time period 27": 0.0,
      "time period 28": 0.0,
      "time period 29": 0.0,
      "time period 30": 0.0
    },
    "Hourly average revenue ($)": {
      "time period 1": 0.0,
      "time period 2": 0.0,
      "time period 3": 2679.212913586971,
      "time period 4": 7721.409609757415,
      "time period 5": 0.0,
      "time period 6": 0.0,
      "time period 7": 0.0,
      "time period 8": 2848.009560927428,
      "time period 9": 8177.038912592878,
      "time period 10": 0.0,
      "time period 11": 0.0,
      "time period 12": 0.0,
      "time period 13": 0.0,
      "time period 14": 0.0,
      "time period 15": 0.0,
      "time period 16": 0.0,
      "time period 17": 3234.505135687866,
      "time period 18": 9961.996929611209,
      "time period 19": 0.0,
      "time period 20": 0.0,
      "time period 21": 0.0,
      "time period 22": 0.0,
      "time period 23": 2746.7376386709593,
      "time period 24": 9262.029558242795,
      "time period 25": 0.0,
      "time period 26": 0.0,
      "time period 27": 9019.098440803527,
      "time period 28": 0.0,
      "time period 29": 3139.0577654991516,
      "time period 30": 0.0
    },
    "Total average cost ($)": 35613.75583118801,
    "Total average revenue ($)": 58789.09646538019,
    "Total average profit ($)": 23175.34063419218
  }
}
