{
  "Storage unit 1": {
    "Discharging power (MW)": {
      "time period 1": 0.0,
      "time period 2": 0.0,
      "time period 3": 0.0,
      "time period 4": 10.799999999999997,
      "time period 5": 30.0,
      "time period 6": 0.0,
      "time period 7": 0.0,
      "time period 8": 0.0,
      "time period 9": 0.0,
      "time period 10": 0.0,
      "time period 11": 0.0,
      "time period 12": 0.0,
      "time period 13": 10.799999999999997,
      "time period 14": 30.0,
      "time period 15": 0.0,
      "time period 16": 0.0,
      "time period 17": 0.0,
      "time period 18": 0.0,
      "time period 19": 10.799999999999997,
      "time period 20": 30.0,
      "time period 21": 0.0,
      "time period 22": 0.0,
      "time period 23": 30.0,
      "time period 24": 0.0,
      "time period 25": 10.799999999999997,
      "time period 26": 0.0
    },
    "Charging power (MW)": {
      "time period 1": 30.0,
      "time period 2": 26.47058823529412,
      "time period 3": 0.0,
      "time period 4": 0.0,
      "time period 5": 0.0,
      "time period 6": 0.0,
      "time period 7": 30.0,
      "time period 8": 26.47058823529412,
      "time period 9": 0.0,
      "time period 10": 0.0,
      "time period 11": 0.0,
      "time period 12": 0.0,
      "time period 13": 0.0,
      "time period 14": 0.0,
      "time period 15": 0.0,
      "time period 16": 30.0,
      "time period 17": 26.47058823529412,
      "time period 18": 0.0,
      "time period 19": 0.0,
      "time period 20": 0.0,
      "time period 21": 30.0,
      "time period 22": 26.47058823529412,
      "time period 23": 0.0,
      "time period 24": 0.0,
      "time period 25": 0.0,
      "time period 26": 0.0
    },
    "Net discharging power (MW)": {
      "time period 1": -30.0,
      "time period 2": -26.47058823529412,
      "time period 3": 0.0,
      "time period 4": 10.799999999999997,
      "time period 5": 30.0,
      "time period 6": 0.0,
      "time period 7": -30.0,
      "time period 8": -26.47058823529412,
      "time period 9": 0.0,
      "time period 10": 0.0,
      "time period 11": 0.0,
      "time period 12": 0.0,
      "time period 13": 10.799999999999997,
      "time period 14": 30.0,
      "time period 15": 0.0,
      "time period 16": -30.0,
      "time period 17": -26.47058823529412,
      "time period 18": 0.0,
      "time period 19": 10.799999999999997,
      "time period 20": 30.0,
      "time period 21": -30.0,
      "time period 22": -26.47058823529412,
      "time period 23": 30.0,
      "time period 24": 0.0,
      "time period 25": 10.799999999999997,
      "time period 26": 0.0
    },
    "Stored energy (MWh)": {
      "time period 1": 12.75,
      "time period 2": 24.0,
      "time period 3": 24.0,
      "time period 4": 17.647058823529413,
      "time period 5": 0.0,
      "time period 6": 0.0,
      "time period 7": 12.75,
      "time period 8": 24.0,
      "time period 9": 24.0,
      "time period 10": 24.0,
      "time period 11": 24.0,
      "time period 12": 24.0,
      "time period 13": 17.647058823529413,
      "time period 14": 0.0,
      "time period 15": 0.0,
      "time period 16": 12.75,
      "time period 17": 24.0,
      "time period 18": 24.0,
      "time period 19": 17.647058823529413,
      "time period 20": 0.0,
      "time period 21": 12.75,
      "time period 22": 24.0,
      "time period 23": 6.352941176470587,
      "time period 24": 6.352941176470587,
      "time period 25": 0.0,
      "time period 26": 0.0
    },
    "Final energy (MWh)": 0.0,
    "Hourly average cost ($)": {
      "time period 1": 3125.841692284309,
      "time period 2": 3595.7603994234883,
      "time period 3": 0.0,
      "time period 4": 0.0,
      "time period 5": 0.0,
      "time period 6": 0.0,
      "time period 7": 3243.7901892290033,
      "time period 8": 3209.6802963907567,
      "time period 9": 0.0,
      "time period 10": 0.0,
      "time period 11": 0.0,
      "time period 12": 0.0,
      "time period 13": 0.0,
      "time period 14": 0.0,
      "time period 15": 0.0,
      "time period 16": 4794.224246086122,
      "time period 17": 4591.620430607515,
      "time period 18": 0.0,
      "time period 19": 0.0,
      "time period 20": 0.0,
      "time period 21": 4230.810957778931,
      "time period 22": 3735.0897659952525,
      "time period 23": 0.0,
      "time period 24": 0.0,
      "time period 25": 0.0,
      "time period 26": 0.0
    },
    "Hourly average revenue ($)": {
      "time period 1": 0.0,
      "time period 2": 0.0,
      "time period 3": 0.0,
      "time period 4": 2726.679459512669,
      "time period 5": 7704.116519819251,
      "time period 6": 0.0,
      "time period 7": 0.0,
      "time period 8": 0.0,
      "time period 9": 0.0,
      "time period 10": 0.0,
      "time period 11": 0.0,
      "time period 12": 0.0,
      "time period 13": 3382.213317511596,
      "time period 14": 10037.182401145932,
      "time period 15": 0.0,
      "time period 16": 0.0,
      "time period 17": 0.0,
      "time period 18": 0.0,
      "time period 19": 2774.4963649969472,
      "time period 20": 9144.576520980834,
      "time period 21": 0.0,
      "time period 22": 0.0,
      "time period 23": 8775.226774086,
      "time period 24": 0.0,
      "time period 25": 3064.1248669042957,
      "time period 26": 0.0
    },
    "Total average cost ($)": 30526.817977795377,
    "Total average revenue ($)": 47608.61622495753,
    "Total average profit ($)": 17081.79824716215
  }
}
