{
  "Storage unit 1": {
    "Discharging power (MW)": {
      "time period 1": 0.0,
      "time period 2": 10.799999999999997,
      "time period 3": 30.0,
      "time period 4": 0.0,
      "time period 5": 0.0,
      "time period 6": 0.0,
      "time period 7": 0.0,
      "time period 8": 0.0,
      "time period 9": 0.0,
      "time period 10": 0.0,
      "time period 11": 10.799999999999997,
      "time period 12": 30.0,
      "time period 13": 0.0,
      "time period 14": 0.0,
      "time period 15": 0.0,
      "time period 16": 0.0,
      "time period 17": 10.799999999999997,
      "time period 18": 30.0,
      "time period 19": 0.0,
      "time period 20": 0.0,
      "time period 21": 30.0,
      "time period 22": 0.0,
      "time period 23": 10.799999999999997,
      "time period 24": 0.0
    },
    "Charging power (MW)": {
      "time period 1": 0.0,
      "time period 2": 0.0,
      "time period 3": 0.0,
      "time period 4": 0.0,
      "time period 5": 30.0,
      "time period 6": 26.47058823529412,
      "time period 7": 0.0,
      "time period 8": 0.0,
      "time period 9": 0.0,
      "time period 10": 0.0,
      "time period 11": 0.0,
      "time period 12": 0.0,
      "time period 13": 0.0,
      "time period 14": 30.0,
      "time period 15": 26.47058823529412,
      "time period 16": 0.0,
      "time period 17": 0.0,
      "time period 18": 0.0,
      "time period 19": 26.47058823529412,
      "time period 20": 30.0,
      "time period 21": 0.0,
      "time period 22": 0.0,
      "time period 23": 0.0,
      "time period 24": 0.0
    },
    "Net discharging power (MW)": {
      "time period 1": 0.0,
      "time period 2": 10.799999999999997,
      "time period 3": 30.0,
      "time period 4": 0.0,
      "time period 5": -30.0,
      "time period 6": -26.47058823529412,
      "time period 7": 0.0,
      "time period 8": 0.0,
      "time period 9": 0.0,
      "time period 10": 0.0,
      "time period 11": 10.799999999999997,
      "time period 12": 30.0,
      "time period 13": 0.0,
      "time period 14": -30.0,
      "time period 15": -26.47058823529412,
      "time period 16": 0.0,
      "time period 17": 10.799999999999997,
      "time period 18": 30.0,
      "time period 19": -26.47058823529412,
      "time period 20": -30.0,
      "time period 21": 30.0,
      "time period 22": 0.0,
      "time period 23": 10.799999999999997,
      "time period 24": 0.0
    },
    "Stored energy (MWh)": {
      "time period 1": 24.0,
      "time period 2": 17.647058823529413,
      "time period 3": 0.0,
      "time period 4": 0.0,
      "time period 5": 12.75,
      "time period 6": 24.0,
      "time period 7": 24.0,
      "time period 8": 24.0,
      "time period 9": 24.0,
      "time period 10": 24.0,
      "time period 11": 17.647058823529413,
      "time period 12": 0.0,
      "time period 13": 0.0,
      "time period 14": 12.75,
      "time period 15": 24.0,
      "time period 16": 24.0,
      "time period 17": 17.647058823529413,
      "time period 18": 0.0,
      "time period 19": 11.25,
      "time period 20": 24.0,
      "time period 21": 6.352941176470587,
      "time period 22": 6.352941176470587,
      "time period 23": 0.0,
      "time period 24": 0.0
    },
    "Final energy (MWh)": 0.0,
    "Hourly average cost ($)": {
      "time period 1": 0.0,
      "time period 2": 0.0,
      "time period 3": 0.0,
      "time period 4": 0.0,
      "time period 5": 2973.1165198192516,
      "time period 6": 3202.973874816607,
      "time period 7": 0.0,
      "time period 8": 0.0,
      "time period 9": 0.0,
      "time period 10": 0.0,
      "time period 11": 0.0,
      "time period 12": 0.0,
      "time period 13": 0.0,
      "time period 14": 4901.482401145935,
      "time period 15": 4693.64074437534,
      "time period 16": 0.0,
      "time period 17": 0.0,
      "time period 18": 0.0,
      "time period 19": 3796.8832475415397,
      "time period 20": 4199.076520980835,
      "time period 21": 0.0,
      "time period 22": 0.0,
      "time period 23": 0.0,
      "time period 24": 0.0
    },
    "Hourly average revenue ($)": {
      "time period 1": 0.0,
      "time period 2": 2709.3942429647823,
      "time period 3": 7709.858093297138,
      "time period 4": 0.0,
      "time period 5": 0.0,
      "time period 6": 0.0,
      "time period 7": 0.0,
      "time period 8": 0.0,
      "time period 9": 0.0,
      "time period 10": 0.0,
      "time period 11": 3322.9328599656515,
      "time period 12": 10082.311947308528,
      "time period 13": 0.0,
      "time period 14": 0.0,
      "time period 15": 0.0,
      "time period 16": 0.0,
      "time period 17": 2741.917135687866,
      "time period 18": 9286.996929611207,
      "time period 19": 0.0,
      "time period 20": 0.0,
      "time period 21": 8780.010957778935,
      "time period 22": 0.0,
      "time period 23": 3058.965638670957,
      "time period 24": 0.0
    },
    "Total average cost ($)": 23767.173308679507,
    "Total average revenue ($)": 47692.387805285056,
    "Total average profit ($)": 23925.21449660555
  }
}
