{
  "Storage unit 1": {
    "Discharging power (MW)": {
      "time period 1": 0.0,
      "time period 2": 0.0,
      "time period 3": 0.0,
      "time period 4": 0.0,
      "time period 5": 0.0,
      "time period 6": 0.0,
      "time period 7": 0.0,
      "time period 8": 10.799999999999997,
      "time period 9": 30.0,
      "time period 10": 0.0,
      "time period 11": 0.0,
      "time period 12": 0.0,
      "time period 13": 0.0,
      "time period 14": 10.799999999999997,
      "time period 15": 30.0,
      "time period 16": 0.0,
      "time period 17": 0.0,
      "time period 18": 30.0,
      "time period 19": 0.0,
      "time period 20": 10.799999999999997,
      "time period 21": 0.0
    },
    "Charging power (MW)": {
      "time period 1": 0.0,
      "time period 2": 30.0,
      "time period 3": 26.47058823529412,
      "time period 4": 0.0,
      "time period 5": 0.0,
      "time period 6": 0.0,
      "time period 7": 0.0,
      "time period 8": 0.0,
      "time period 9": 0.0,
      "time period 10": 0.0,
      "time period 11": 30.0,
      "time period 12": 26.47058823529412,
      "time period 13": 0.0,
      "time period 14": 0.0,
      "time period 15": 0.0,
      "time period 16": 26.47058823529412,
      "time period 17": 30.0,
      "time period 18": 0.0,
      "time period 19": 0.0,
      "time period 20": 0.0,
      "time period 21": 0.0
    },
    "Net discharging power (MW)": {
      "time period 1": 0.0,
      "time period 2": -30.0,
      "time period 3": -26.47058823529412,
      "time period 4": 0.0,
      "time period 5": 0.0,
      "time period 6": 0.0,
      "time period 7": 0.0,
      "time period 8": 10.799999999999997,
      "time period 9": 30.0,
      "time period 10": 0.0,
      "time period 11": -30.0,
      "time period 12": -26.47058823529412,
      "time period 13": 0.0,
      "time period 14": 10.799999999999997,
      "time period 15": 30.0,
      "time period 16": -26.47058823529412,
      "time period 17": -30.0,
      "time period 18": 30.0,
      "time period 19": 0.0,
      "time period 20": 10.799999999999997,
      "time period 21": 0.0
    },
    "Stored energy (MWh)": {
      "time period 1": 0.0,
      "time period 2": 12.75,
      "time period 3": 24.0,
      "time period 4": 24.0,
      "time period 5": 24.0,
      "time period 6": 24.0,
      "time period 7": 24.0,
      "time period 8": 17.647058823529413,
      "time period 9": 0.0,
      "time period 10": 0.0,
      "time period 11": 12.75,
      "time period 12": 24.0,
      "time period 13": 24.0,
      "time period 14": 17.647058823529413,
      "time period 15": 0.0,
      "time period 16": 11.25,
      "time period 17": 24.0,
      "time period 18": 6.352941176470587,
      "time period 19": 6.352941176470587,
      "time period 20": 0.0,
      "time period 21": 0.0
    },
    "Final energy (MWh)": 0.0,
    "Hourly average cost ($)": {
      "time period 1": 0.0,
      "time period 2": 2916.8951193466187,
      "time period 3": 2924.610082321005,
      "time period 4": 0.0,
      "time period 5": 0.0,
      "time period 6": 0.0,
      "time period 7": 0.0,
      "time period 8": 0.0,
      "time period 9": 0.0,
      "time period 10": 0.0,
      "time period 11": 4981.169055460146,
      "time period 12": 4777.863482919294,
      "time period 13": 0.0,
      "time period 14": 0.0,
      "time period 15": 0.0,
      "time period 16": 3768.8155112524582,
      "time period 17": 4250.73648802185,
      "time period 18": 0.0,
      "time period 19": 0.0,
      "time period 20": 0.0,
      "time period 21": 0.0
    },
    "Hourly average revenue ($)": {
      "time period 1": 0.0,
      "time period 2": 0.0,
      "time period 3": 0.0,
      "time period 4": 0.0,
      "time period 5": 0.0,
      "time period 6": 0.0,
      "time period 7": 0.0,
      "time period 8": 3110.449560927428,
      "time period 9": 9670.738912592884,
      "time period 10": 0.0,
      "time period 11": 0.0,
      "time period 12": 0.0,
      "time period 13": 0.0,
      "time period 14": 2801.657664412537,
      "time period 15": 9311.859510292048,
      "time period 16": 0.0,
      "time period 17": 0.0,
      "time period 18": 8852.59692961121,
      "time period 19": 0.0,
      "time period 20": 3035.5475475530993,
      "time period 21": 0.0
    },
    "Total average cost ($)": 23620.089739321375,
    "Total average revenue ($)": 36782.85012538921,
    "Total average profit ($)": 13162.760386067835
  }
}
