{
  "Storage unit 1": {
    "Discharging power (MW)": {
      "time period 1": 0.0,
      "time period 2": 0.0,
      "time period 3": 0.0,
      "time period 4": 0.0,
      "time period 5": 0.0,
      "time period 6": 0.0,
      "time period 7": 10.799999999999997,
      "time period 8": 30.0,
      "time period 9": 0.0,
      "time period 10": 0.0,
      "time period 11": 0.0,
      "time period 12": 0.0,
      "time period 13": 10.799999999999997,
      "time period 14": 30.0,
      "time period 15": 0.0,
      "time period 16": 0.0,
      "time period 17": 30.0,
      "time period 18": 0.0,
      "time period 19": 10.799999999999997,
      "time period 20": 0.0
    },
    "Charging power (MW)": {
      "time period 1": 30.0,
      "time period 2": 26.47058823529412,
      "time period 3": 0.0,
      "time period 4": 0.0,
      "time period 5": 0.0,
      "time period 6": 0.0,
      "time period 7": 0.0,
      "time period 8": 0.0,
      "time period 9": 0.0,
      "time period 10": 30.0,
      "time period 11": 26.47058823529412,
      "time period 12": 0.0,
      "time period 13": 0.0,
      "time period 14": 0.0,
      "time period 15": 26.47058823529412,
      "time period 16": 30.0,
      "time period 17": 0.0,
      "time period 18": 0.0,
      "time period 19": 0.0,
      "time period 20": 0.0
    },
    "Net discharging power (MW)": {
      "time period 1": -30.0,
      "time period 2": -26.47058823529412,
      "time period 3": 0.0,
      "time period 4": 0.0,
      "time period 5": 0.0,
      "time period 6": 0.0,
      "time period 7": 10.799999999999997,
      "time period 8": 30.0,
      "time period 9": 0.0,
      "time period 10": -30.0,
      "time period 11": -26.47058823529412,
      "time period 12": 0.0,
      "time period 13": 10.799999999999997,
      "time period 14": 30.0,
      "time period 15": -26.47058823529412,
      "time period 16": -30.0,
      "time period 17": 30.0,
      "time period 18": 0.0,
      "time period 19": 10.799999999999997,
      "time period 20": 0.0
    },
    "Stored energy (MWh)": {
      "time period 1": 12.75,
      "time period 2": 24.0,
      "time period 3": 24.0,
      "time period 4": 24.0,
      "time period 5": 24.0,
      "time period 6": 24.0,
      "time period 7": 17.647058823529413,
      "time period 8": 0.0,
      "time period 9": 0.0,
      "time period 10": 12.75,
      "time period 11": 24.0,
      "time period 12": 24.0,
      "time period 13": 17.647058823529413,
      "time period 14": 0.0,
      "time period 15": 11.25,
      "time period 16": 24.0,
      "time period 17": 6.352941176470587,
      "time period 18": 6.352941176470587,
      "time period 19": 0.0,
      "time period 20": 0.0
    },
    "Final energy (MWh)": 0.0,
    "Hourly average cost ($)": {
      "time period 1": 2978.2416922843104,
      "time period 2": 2869.936870011723,
      "time period 3": 0.0,
      "time period 4": 0.0,
      "time period 5": 0.0,
      "time period 6": 0.0,
      "time period 7": 0.0,
      "time period 8": 0.0,
      "time period 9": 0.0,
      "time period 10": 4863.587531243318,
      "time period 11": 4808.355048935422,
      "time period 12": 0.0,
      "time period 13": 0.0,
      "time period 14": 0.0,
      "time period 15": 3819.0525090812234,
      "time period 16": 4309.4242460861215,
      "time period 17": 0.0,
      "time period 18": 0.0,
      "time period 19": 0.0,
      "time period 20": 0.0
    },
    "Hourly average revenue ($)": {
      "time period 1": 0.0,
      "time period 2": 0.0,
      "time period 3": 0.0,
      "time period 4": 0.0,
      "time period 5": 0.0,
      "time period 6": 0.0,
      "time period 7": 3089.516468122442,
      "time period 8": 9526.637669242855,
      "time period 9": 0.0,
      "time period 10": 0.0,
      "time period 11": 0.0,
      "time period 12": 0.0,
      "time period 13": 2889.6253175115976,
      "time period 14": 9362.182401145932,
      "time period 15": 0.0,
      "time period 16": 0.0,
      "time period 17": 8761.83648802185,
      "time period 18": 0.0,
      "time period 19": 3086.7243649969478,
      "time period 20": 0.0
    },
    "Total average cost ($)": 23648.597897642117,
    "Total average revenue ($)": 36716.52270904162,
    "Total average profit ($)": 13067.924811399505
  }
}
