{
  "Storage unit 1": {
    "Discharging power (MW)": {
      "time period 1": 0.0,
      "time period 2": 10.799999999999997,
      "time period 3": 30.0,
      "time period 4": 0.0,
      "time period 5": 0.0,
      "time period 6": 30.0,
      "time period 7": 0.0,
      "time period 8": 10.799999999999997,
      "time period 9": 0.0
    },
    "Charging power (MW)": {
      "time period 1": 0.0,
      "time period 2": 0.0,
      "time period 3": 0.0,
      "time period 4": 30.0,
      "time period 5": 26.47058823529412,
      "time period 6": 0.0,
      "time period 7": 0.0,
      "time period 8": 0.0,
      "time period 9": 0.0
    },
    "Net discharging power (MW)": {
      "time period 1": 0.0,
      "time period 2": 10.799999999999997,
      "time period 3": 30.0,
      "time period 4": -30.0,
      "time period 5": -26.47058823529412,
      "time period 6": 30.0,
      "time period 7": 0.0,
      "time period 8": 10.799999999999997,
      "time period 9": 0.0
    },
    "Stored energy (MWh)": {
      "time period 1": 24.0,
      "time period 2": 17.647058823529413,
      "time period 3": 0.0,
      "time period 4": 12.75,
      "time period 5": 24.0,
      "time period 6": 6.352941176470587,
      "time period 7": 6.352941176470587,
      "time period 8": 0.0,
      "time period 9": 0.0
    },
    "Final energy (MWh)": 0.0,
    "Hourly average cost ($)": {
      "time period 1": 0.0,
      "time period 2": 0.0,
      "time period 3": 0.0,
      "time period 4": 3531.0096097574146,
      "time period 5": 3156.4557527816937,
      "time period 6": 0.0,
      "time period 7": 0.0,
      "time period 8": 0.0,
      "time period 9": 0.0
    },
    "Hourly average revenue ($)": {
      "time period 1": 0.0,
      "time period 2": 2479.246242964783,
      "time period 3": 8528.558093297142,
      "time period 4": 0.0,
      "time period 5": 0.0,
      "time period 6": 8409.637058125489,
      "time period 7": 0.0,
      "time period 8": 2930.089560927429,
      "time period 9": 0.0
    },
    "Total average cost ($)": 6687.465362539108,
    "Total average revenue ($)": 22347.530955314844,
    "Total average profit ($)": 15660.065592775736
  }
}
