{
  "Storage unit 1": {
    "Discharging power (MW)": {
      "time period 1": 10.799999999999997,
      "time period 2": 30.0,
      "time period 3": 0.0,
      "time period 4": 0.0,
      "time period 5": 30.0,
      "time period 6": 0.0,
      "time period 7": 10.799999999999997,
      "time period 8": 0.0
    },
    "Charging power (MW)": {
      "time period 1": 0.0,
      "time period 2": 0.0,
      "time period 3": 30.0,
      "time period 4": 26.47058823529412,
      "time period 5": 0.0,
      "time period 6": 0.0,
      "time period 7": 0.0,
      "time period 8": 0.0
    },
    "Net discharging power (MW)": {
      "time period 1": 10.799999999999997,
      "time period 2": 30.0,
      "time period 3": -30.0,
      "time period 4": -26.47058823529412,
      "time period 5": 30.0,
      "time period 6": 0.0,
      "time period 7": 10.799999999999997,
      "time period 8": 0.0
    },
    "Stored energy (MWh)": {
      "time period 1": 17.647058823529413,
      "time period 2": 0.0,
      "time period 3": 12.75,
      "time period 4": 24.0,
      "time period 5": 6.352941176470587,
      "time period 6": 6.352941176470587,
      "time period 7": 0.0,
      "time period 8": 0.0
    },
    "Final energy (MWh)": 0.0,
    "Hourly average cost ($)": {
      "time period 1": 0.0,
      "time period 2": 0.0,
      "time period 3": 3544.95809329714,
      "time period 4": 3149.214361550662,
      "time period 5": 0.0,
      "time period 6": 0.0,
      "time period 7": 0.0,
      "time period 8": 0.0
    },
    "Hourly average revenue ($)": {
      "time period 1": 2501.3310092223505,
      "time period 2": 8466.59511934662,
      "time period 3": 0.0,
      "time period 4": 0.0,
      "time period 5": 8088.416519819251,
      "time period 6": 0.0,
      "time period 7": 2909.156468122441,
      "time period 8": 0.0
    },
    "Total average cost ($)": 6694.172454847801,
    "Total average revenue ($)": 21965.499116510662,
    "Total average profit ($)": 15271.32666166286
  }
}
