{
  "Storage unit 1": {
    "Discharging power (MW)": {
      "time period 1": 0.0,
      "time period 2": 0.0,
      "time period 3": 0.0,
      "time period 4": 0.0,
      "time period 5": 0.0,
      "time period 6": 0.0,
      "time period 7": 0.0,
      "time period 8": 0.0,
      "time period 9": 30.0,
      "time period 10": 0.0,
      "time period 11": 0.0,
      "time period 12": 0.0,
      "time period 13": 0.0,
      "time period 14": 13.349999999999998,
      "time period 15": 0.0,
      "time period 16": 0.0,
      "time period 17": 10.799999999999997,
      "time period 18": 30.0,
      "time period 19": 0.0,
      "time period 20": 0.0,
      "time period 21": 0.0,
      "time period 22": 10.799999999999997,
      "time period 23": 30.0,
      "time period 24": 0.0,
      "time period 25": 0.0,
      "time period 26": 0.0,
      "time period 27": 0.0,
      "time period 28": 0.0,
      "time period 29": 0.0,
      "time period 30": 0.0,
      "time period 31": 10.799999999999997,
      "time period 32": 30.0,
      "time period 33": 0.0,
      "time period 34": 0.0,
      "time period 35": 0.0,
      "time period 36": 0.0,
      "time period 37": 10.799999999999997,
      "time period 38": 30.0,
      "time period 39": 0.0,
      "time period 40": 0.0,
      "time period 41": 10.799999999999997,
      "time period 42": 0.0,
      "time period 43": 30.0,
      "time period 44": 0.0
    },
    "Charging power (MW)": {
      "time period 1": 26.47058823529412,
      "time period 2": 30.0,
      "time period 3": 0.0,
      "time period 4": 0.0,
      "time period 5": 0.0,
      "time period 6": 0.0,
      "time period 7": 0.0,
      "time period 8": 0.0,
      "time period 9": 0.0,
      "time period 10": 0.0,
      "time period 11": 0.0,
      "time period 12": 30.0,
      "time period 13": 0.0,
      "time period 14": 0.0,
      "time period 15": 0.0,
      "time period 16": 30.0,
      "time period 17": 0.0,
      "time period 18": 0.0,
      "time period 19": 30.0,
      "time period 20": 26.47058823529412,
      "time period 21": 0.0,
      "time period 22": 0.0,
      "time period 23": 0.0,
      "time period 24": 0.0,
      "time period 25": 30.0,
      "time period 26": 26.47058823529412,
      "time period 27": 0.0,
      "time period 28": 0.0,
      "time period 29": 0.0,
      "time period 30": 0.0,
      "time period 31": 0.0,
      "time period 32": 0.0,
      "time period 33": 0.0,
      "time period 34": 30.0,
      "time period 35": 26.47058823529412,
      "time period 36": 0.0,
      "time period 37": 0.0,
      "time period 38": 0.0,
      "time period 39": 26.47058823529412,
      "time period 40": 30.0,
      "time period 41": 0.0,
      "time period 42": 0.0,
      "time period 43": 0.0,
      "time period 44": 0.0
    },
    "Net discharging power (MW)": {
      "time period 1": -26.47058823529412,
      "time period 2": -30.0,
      "time period 3": 0.0,
      "time period 4": 0.0,
      "time period 5": 0.0,
      "time period 6": 0.0,
      "time period 7": 0.0,
      "time period 8": 0.0,
      "time period 9": 30.0,
      "time period 10": 0.0,
      "time period 11": 0.0,
      "time period 12": -30.0,
      "time period 13": 0.0,
      "time period 14": 13.349999999999998,
      "time period 15": 0.0,
      "time period 16": -30.0,
      "time period 17": 10.799999999999997,
      "time period 18": 30.0,
      "time period 19": -30.0,
      "time period 20": -26.47058823529412,
      "time period 21": 0.0,
      "time period 22": 10.799999999999997,
      "time period 23": 30.0,
      "time period 24": 0.0,
      "time period 25": -30.0,
      "time period 26": -26.47058823529412,
      "time period 27": 0.0,
      "time period 28": 0.0,
      "time period 29": 0.0,
      "time period 30": 0.0,
      "time period 31": 10.799999999999997,
      "time period 32": 30.0,
      "time period 33": 0.0,
      "time period 34": -30.0,
      "time period 35": -26.47058823529412,
      "time period 36": 0.0,
      "time period 37": 10.799999999999997,
      "time period 38": 30.0,
      "time period 39": -26.47058823529412,
      "time period 40": -30.0,
      "time period 41": 10.799999999999997,
      "time period 42": 0.0,
      "time period 43": 30.0,
      "time period 44": 0.0
    },
    "Stored energy (MWh)": {
      "time period 1": 11.25,
      "time period 2": 24.0,
      "time period 3": 24.0,
      "time period 4": 24.0,
      "time period 5": 24.0,
      "time period 6": 24.0,
      "time period 7": 24.0,
      "time period 8": 24.0,
      "time period 9": 6.352941176470587,
      "time period 10": 6.352941176470587,
      "time period 11": 6.352941176470587,
      "time period 12": 19.102941176470587,
      "time period 13": 19.102941176470587,
      "time period 14": 11.25,
      "time period 15": 11.25,
      "time period 16": 24.0,
      "time period 17": 17.647058823529413,
      "time period 18": 0.0,
      "time period 19": 12.75,
      "time period 20": 24.0,
      "time period 21": 24.0,
      "time period 22": 17.647058823529413,
      "time period 23": 0.0,
      "time period 24": 0.0,
      "time period 25": 12.75,
      "time period 26": 24.0,
      "time period 27": 24.0,
      "time period 28": 24.0,
      "time period 29": 24.0,
      "time period 30": 24.0,
      "time period 31": 17.647058823529413,
      "time period 32": 0.0,
      "time period 33": 0.0,
      "time period 34": 12.75,
      "time period 35": 24.0,
      "time period 36": 24.0,
      "time period 37": 17.647058823529413,
      "time period 38": 0.0,
      "time period 39": 11.25,
      "time period 40": 24.0,
      "time period 41": 17.647058823529413,
      "time period 42": 17.647058823529413,
      "time period 43": 0.0,
      "time period 44": 0.0
    },
    "Final energy (MWh)": 0.0,
    "Hourly average cost ($)": {
      "time period 1": 2669.6838461332154,
      "time period 2": 2736.2951193466183,
      "time period 3": 0.0,
      "time period 4": 0.0,
      "time period 5": 0.0,
      "time period 6": 0.0,
      "time period 7": 0.0,
      "time period 8": 0.0,
      "time period 9": 0.0,
      "time period 10": 0.0,
      "time period 11": 0.0,
      "time period 12": 3908.6119473085323,
      "time period 13": 0.0,
      "time period 14": 0.0,
      "time period 15": 0.0,
      "time period 16": 4455.224246086122,
      "time period 17": 0.0,
      "time period 18": 0.0,
      "time period 19": 3884.634347213744,
      "time period 20": 4193.979283218385,
      "time period 21": 0.0,
      "time period 22": 0.0,
      "time period 23": 0.0,
      "time period 24": 0.0,
      "time period 25": 3674.2579636230475,
      "time period 26": 3536.3936255937465,
      "time period 27": 0.0,
      "time period 28": 0.0,
      "time period 29": 0.0,
      "time period 30": 0.0,
      "time period 31": 0.0,
      "time period 32": 0.0,
      "time period 33": 0.0,
      "time period 34": 4641.585095466613,
      "time period 35": 4251.001302429368,
      "time period 36": 0.0,
      "time period 37": 0.0,
      "time period 38": 0.0,
      "time period 39": 3965.050091376584,
      "time period 40": 4248.289648212432,
      "time period 41": 0.0,
      "time period 42": 0.0,
      "time period 43": 0.0,
      "time period 44": 0.0
    },
    "Hourly average revenue ($)": {
      "time period 1": 0.0,
      "time period 2": 0.0,
      "time period 3": 0.0,
      "time period 4": 0.0,
      "time period 5": 0.0,
      "time period 6": 0.0,
      "time period 7": 0.0,
      "time period 8": 0.0,
      "time period 9": 7802.0389125928805,
      "time period 10": 0.0,
      "time period 11": 0.0,
      "time period 12": 0.0,
      "time period 13": 0.0,
      "time period 14": 3460.7571685099406,
      "time period 15": 0.0,
      "time period 16": 0.0,
      "time period 17": 2919.5771356878668,
      "time period 18": 8493.79692961121,
      "time period 19": 0.0,
      "time period 20": 0.0,
      "time period 21": 0.0,