{
  "Storage unit 1": {
    "Discharging power (MW)": {
      "time period 1": 0.0,
      "time period 2": 0.0,
      "time period 3": 300.0,
      "time period 4": 298.49999999999994,
      "time period 5": 0.0,
      "time period 6": 0.0,
      "time period 7": 0.0,
      "time period 8": 0.0,
      "time period 9": 0.0,
      "time period 10": 300.0,
      "time period 11": 300.0,
      "time period 12": 0.0
    },
    "Charging power (MW)": {
      "time period 1": 0.0,
      "time period 2": 0.0,
      "time period 3": 0.0,
      "time period 4": 0.0,
      "time period 5": 0.0,
      "time period 6": 300.0,
      "time period 7": 0.0,
      "time period 8": 300.0,
      "time period 9": 0.0,
      "time period 10": 0.0,
      "time period 11": 0.0,
      "time period 12": 0.0
    },
    "Net discharging power (MW)": {
      "time period 1": 0.0,
      "time period 2": 0.0,
      "time period 3": 300.0,
      "time period 4": 298.49999999999994,
      "time period 5": 0.0,
      "time period 6": -300.0,
      "time period 7": 0.0,
      "time period 8": -300.0,
      "time period 9": 0.0,
      "time period 10": 300.0,
      "time period 11": 300.0,
      "time period 12": 0.0
    },
    "Stored energy (MWh)": {
      "time period 1": 450.0,
      "time period 2": 450.0,
      "time period 3": 273.52941176470586,
      "time period 4": 97.94117647058823,
      "time period 5": 97.94117647058823,
      "time period 6": 225.44117647058823,
      "time period 7": 225.44117647058823,
      "time period 8": 352.94117647058823,
      "time period 9": 352.94117647058823,
      "time period 10": 176.47058823529412,
      "time period 11": 0.0,
      "time period 12": 0.0
    },
    "Final energy (MWh)": 0.0,
    "Hourly average cost ($)": {
      "time period 1": 0.0,
      "time period 2": 0.0,
      "time period 3": 0.0,
      "time period 4": 0.0,
      "time period 5": 0.0,
      "time period 6": 200658.37058125492,
      "time period 7": 0.0,
      "time period 8": 110377.37669242857,
      "time period 9": 0.0,
      "time period 10": 0.0,
      "time period 11": 0.0,
      "time period 12": 0.0
    },
    "Hourly average revenue ($)": {
      "time period 1": 0.0,
      "time period 2": 0.0,
      "time period 3": 305095.5809329715,
      "time period 4": 293709.17061708635,
      "time period 5": 0.0,
      "time period 6": 0.0,
      "time period 7": 0.0,
      "time period 8": 0.0,
      "time period 9": 0.0,
      "time period 10": 1.0927738753124329e6,
      "time period 11": 326522.6905546014,
      "time period 12": 0.0
    },
    "Total average cost ($)": 311035.7472736835,
    "Total average revenue ($)": 2.0181013174170922e6,
    "Total average profit ($)": 1.7070655701434086e6
  }
}
