{
  "Storage unit 1": {
    "Discharging power (MW)": {
      "time period 1": 81.74999999999986,
      "time period 2": 0.0,
      "time period 3": 0.0,
      "time period 4": 0.0,
      "time period 5": 0.0,
      "time period 6": 0.0,
      "time period 7": 300.0,
      "time period 8": 300.0,
      "time period 9": 0.0
    },
    "Charging power (MW)": {
      "time period 1": 0.0,
      "time period 2": 0.0,
      "time period 3": 0.0,
      "time period 4": 0.0,
      "time period 5": 300.0,
      "time period 6": 0.0,
      "time period 7": 0.0,
      "time period 8": 0.0,
      "time period 9": 0.0
    },
    "Net discharging power (MW)": {
      "time period 1": 81.74999999999986,
      "time period 2": 0.0,
      "time period 3": 0.0,
      "time period 4": 0.0,
      "time period 5": -300.0,
      "time period 6": 0.0,
      "time period 7": 300.0,
      "time period 8": 300.0,
      "time period 9": 0.0
    },
    "Stored energy (MWh)": {
      "time period 1": 225.44117647058823,
      "time period 2": 225.44117647058823,
      "time period 3": 225.44117647058823,
      "time period 4": 225.44117647058823,
      "time period 5": 352.94117647058823,
      "time period 6": 352.94117647058823,
      "time period 7": 176.47058823529412,
      "time period 8": 0.0,
      "time period 9": 0.0
    },
    "Final energy (MWh)": 0.0,
    "Hourly average cost ($)": {
      "time period 1": 0.0,
      "time period 2": 0.0,
      "time period 3": 0.0,
      "time period 4": 0.0,
      "time period 5": 107089.16519819254,
      "time period 6": 0.0,
      "time period 7": 0.0,
      "time period 8": 0.0,
      "time period 9": 0.0
    },
    "Hourly average revenue ($)": {
      "time period 1": 80474.26861147457,
      "time period 2": 0.0,
      "time period 3": 0.0,
      "time period 4": 0.0,
      "time period 5": 0.0,
      "time period 6": 0.0,
      "time period 7": 1.08746590189229e6,
      "time period 8": 320620.37669242854,
      "time period 9": 0.0
    },
    "Total average cost ($)": 107089.16519819254,
    "Total average revenue ($)": 1.4885605471961931e6,
    "Total average profit ($)": 1.3814713819980007e6
  }
}
