{
  "Storage unit 1": {
    "Discharging power (MW)": {
      "time period 1": 0.0,
      "time period 2": 300.0,
      "time period 3": 0.0,
      "time period 4": 0.0,
      "time period 5": 0.0,
      "time period 6": 0.0,
      "time period 7": 0.0,
      "time period 8": 0.0,
      "time period 9": 0.0,
      "time period 10": 0.0,
      "time period 11": 300.0,
      "time period 12": 0.0,
      "time period 13": 80.0,
      "time period 14": 0.0
    },
    "Charging power (MW)": {
      "time period 1": 0.0,
      "time period 2": 0.0,
      "time period 3": 0.0,
      "time period 4": 0.0,
      "time period 5": 0.0,
      "time period 6": 0.0,
      "time period 7": 0.0,
      "time period 8": 0.0,
      "time period 9": 0.0,
      "time period 10": 0.0,
      "time period 11": 0.0,
      "time period 12": 0.0,
      "time period 13": 0.0,
      "time period 14": 0.0
    },
    "Net discharging power (MW)": {
      "time period 1": 0.0,
      "time period 2": 300.0,
      "time period 3": 0.0,
      "time period 4": 0.0,
      "time period 5": 0.0,
      "time period 6": 0.0,
      "time period 7": 0.0,
      "time period 8": 0.0,
      "time period 9": 0.0,
      "time period 10": 0.0,
      "time period 11": 300.0,
      "time period 12": 0.0,
      "time period 13": 80.0,
      "time period 14": 0.0
    },
    "Stored energy (MWh)": {
      "time period 1": 400.0,
      "time period 2": 223.52941176470588,
      "time period 3": 223.52941176470588,
      "time period 4": 223.52941176470588,
      "time period 5": 223.52941176470588,
      "time period 6": 223.52941176470588,
      "time period 7": 223.52941176470588,
      "time period 8": 223.52941176470588,
      "time period 9": 223.52941176470588,
      "time period 10": 223.52941176470588,
      "time period 11": 47.05882352941177,
      "time period 12": 47.05882352941177,
      "time period 13": 0.0,
      "time period 14": 0.0
    },
    "Final energy (MWh)": 0.0,
    "Hourly average cost ($)": {
      "time period 1": 0.0,
      "time period 2": 0.0,
      "time period 3": 0.0,
      "time period 4": 0.0,
      "time period 5": 0.0,
      "time period 6": 0.0,
      "time period 7": 0.0,
      "time period 8": 0.0,
      "time period 9": 0.0,
      "time period 10": 0.0,
      "time period 11": 0.0,
      "time period 12": 0.0,
      "time period 13": 0.0,
      "time period 14": 0.0
    },
    "Hourly average revenue ($)": {
      "time period 1": 0.0,
      "time period 2": 91415.95119346619,
      "time period 3": 0.0,
      "time period 4": 0.0,
      "time period 5": 0.0,
      "time period 6": 0.0,
      "time period 7": 0.0,
      "time period 8": 0.0,
      "time period 9": 0.0,
      "time period 10": 0.0,
      "time period 11": 90074.69055460143,
      "time period 12": 0.0,
      "time period 13": 23717.431981567395,
      "time period 14": 0.0
    },
    "Total average cost ($)": 0.0,
    "Total average revenue ($)": 205208.07372963504,
    "Total average profit ($)": 205208.07372963504
  }
}
