{
  "Storage unit 1": {
    "Discharging power (MW)": {
      "time period 1": 300.0,
      "time period 2": 0.0,
      "time period 3": 0.0,
      "time period 4": 210.0,
      "time period 5": 0.0,
      "time period 6": 300.0,
      "time period 7": 0.0
    },
    "Charging power (MW)": {
      "time period 1": 0.0,
      "time period 2": 300.0,
      "time period 3": 300.0,
      "time period 4": 0.0,
      "time period 5": 0.0,
      "time period 6": 0.0,
      "time period 7": 0.0
    },
    "Net discharging power (MW)": {
      "time period 1": 300.0,
      "time period 2": -300.0,
      "time period 3": -300.0,
      "time period 4": 210.0,
      "time period 5": 0.0,
      "time period 6": 300.0,
      "time period 7": 0.0
    },
    "Stored energy (MWh)": {
      "time period 1": 45.0,
      "time period 2": 172.5,
      "time period 3": 300.0,
      "time period 4": 176.47058823529412,
      "time period 5": 176.47058823529412,
      "time period 6": 0.0,
      "time period 7": 0.0
    },
    "Final energy (MWh)": 0.0,
    "Hourly average cost ($)": {
      "time period 1": 0.0,
      "time period 2": 34829.95119346617,
      "time period 3": 35830.580932971396,
      "time period 4": 0.0,
      "time period 5": 0.0,
      "time period 6": 0.0,
      "time period 7": 0.0
    },
    "Hourly average revenue ($)": {
      "time period 1": 85279.41692284307,
      "time period 2": 0.0,
      "time period 3": 0.0,
      "time period 4": 56561.46726830192,
      "time period 5": 0.0,
      "time period 6": 81315.37058125486,
      "time period 7": 0.0
    },
    "Total average cost ($)": 70660.53212643757,
    "Total average revenue ($)": 223156.25477239984,
    "Total average profit ($)": 152495.72264596226
  }
}
