{
  "Storage unit 1": {
    "Discharging power (MW)": {
      "time period 1": 300.0,
      "time period 2": 80.0,
      "time period 3": 0.0,
      "time period 4": 0.0,
      "time period 5": 0.0,
      "time period 6": 0.0,
      "time period 7": 300.0,
      "time period 8": 0.0,
      "time period 9": 0.0,
      "time period 10": 300.0,
      "time period 11": 80.0,
      "time period 12": 300.0,
      "time period 13": 0.0
    },
    "Charging power (MW)": {
      "time period 1": 0.0,
      "time period 2": 0.0,
      "time period 3": 300.0,
      "time period 4": 300.0,
      "time period 5": 156.40138408304506,
      "time period 6": 0.0,
      "time period 7": 0.0,
      "time period 8": 300.0,
      "time period 9": 300.0,
      "time period 10": 0.0,
      "time period 11": 0.0,
      "time period 12": 0.0,
      "time period 13": 0.0
    },
    "Net discharging power (MW)": {
      "time period 1": 300.0,
      "time period 2": 80.0,
      "time period 3": -300.0,
      "time period 4": -300.0,
      "time period 5": -156.40138408304506,
      "time period 6": 0.0,
      "time period 7": 300.0,
      "time period 8": -300.0,
      "time period 9": -300.0,
      "time period 10": 300.0,
      "time period 11": 80.0,
      "time period 12": 300.0,
      "time period 13": 0.0
    },
    "Stored energy (MWh)": {
      "time period 1": 47.05882352941177,
      "time period 2": 0.0,
      "time period 3": 127.5,
      "time period 4": 255.0,
      "time period 5": 321.47058823529414,
      "time period 6": 321.47058823529414,
      "time period 7": 145.0,
      "time period 8": 272.5,
      "time period 9": 400.0,
      "time period 10": 223.52941176470588,
      "time period 11": 176.47058823529412,
      "time period 12": 0.0,
      "time period 13": 0.0
    },
    "Final energy (MWh)": 0.0,
    "Hourly average cost ($)": {
      "time period 1": 0.0,
      "time period 2": 0.0,
      "time period 3": 40678.58093297141,
      "time period 4": 45222.09609757415,
      "time period 5": 27644.552098711687,
      "time period 6": 0.0,
      "time period 7": 0.0,
      "time period 8": 38680.376692428596,
      "time period 9": 40502.389125928814,
      "time period 10": 0.0,
      "time period 11": 0.0,
      "time period 12": 0.0,
      "time period 13": 0.0
    },
    "Hourly average revenue ($)": {
      "time period 1": 92029.41692284311,
      "time period 2": 20671.186984924312,
      "time period 3": 0.0,
      "time period 4": 0.0,
      "time period 5": 0.0,
      "time period 6": 0.0,
      "time period 7": 87934.90189229,
      "time period 8": 0.0,
      "time period 9": 0.0,
      "time period 10": 88898.8753124332,
      "time period 11": 21678.317481227055,
      "time period 12": 86948.1194730853,
      "time period 13": 0.0
    },
    "Total average cost ($)": 192727.99494761464,
    "Total average revenue ($)": 398160.81806680304,
    "Total average profit ($)": 205432.8231191884
  }
}
