{
  "Storage unit 1": {
    "Discharging power (MW)": {
      "time period 1": 0.0,
      "time period 2": 0.0,
      "time period 3": 0.0,
      "time period 4": 0.0,
      "time period 5": 300.0,
      "time period 6": 0.0,
      "time period 7": 0.0,
      "time period 8": 0.0,
      "time period 9": 0.0,
      "time period 10": 0.0,
      "time period 11": 300.0,
      "time period 12": 0.0,
      "time period 13": 0.0,
      "time period 14": 300.0,
      "time period 15": 0.0,
      "time period 16": 0.0,
      "time period 17": 0.0
    },
    "Charging power (MW)": {
      "time period 1": 0.0,
      "time period 2": 0.0,
      "time period 3": 0.0,
      "time period 4": 0.0,
      "time period 5": 0.0,
      "time period 6": 0.0,
      "time period 7": 186.85121107266443,
      "time period 8": 0.0,
      "time period 9": 0.0,
      "time period 10": 0.0,
      "time period 11": 0.0,
      "time period 12": 0.0,
      "time period 13": 0.0,
      "time period 14": 0.0,
      "time period 15": 0.0,
      "time period 16": 0.0,
      "time period 17": 0.0
    },
    "Net discharging power (MW)": {
      "time period 1": 0.0,
      "time period 2": 0.0,
      "time period 3": 0.0,
      "time period 4": 0.0,
      "time period 5": 300.0,
      "time period 6": 0.0,
      "time period 7": -186.85121107266443,
      "time period 8": 0.0,
      "time period 9": 0.0,
      "time period 10": 0.0,
      "time period 11": 300.0,
      "time period 12": 0.0,
      "time period 13": 0.0,
      "time period 14": 300.0,
      "time period 15": 0.0,
      "time period 16": 0.0,
      "time period 17": 0.0
    },
    "Stored energy (MWh)": {
      "time period 1": 450.0,
      "time period 2": 450.0,
      "time period 3": 450.0,
      "time period 4": 450.0,
      "time period 5": 273.52941176470586,
      "time period 6": 273.52941176470586,
      "time period 7": 352.94117647058823,
      "time period 8": 352.94117647058823,
      "time period 9": 352.94117647058823,
      "time period 10": 352.94117647058823,
      "time period 11": 176.47058823529412,
      "time period 12": 176.47058823529412,
      "time period 13": 176.47058823529412,
      "time period 14": 0.0,
      "time period 15": 0.0,
      "time period 16": 0.0,
      "time period 17": 0.0
    },
    "Final energy (MWh)": 0.0,
    "Hourly average cost ($)": {
      "time period 1": 0.0,
      "time period 2": 0.0,
      "time period 3": 0.0,
      "time period 4": 0.0,
      "time period 5": 0.0,
      "time period 6": 0.0,
      "time period 7": 26986.236472706605,
      "time period 8": 0.0,
      "time period 9": 0.0,
      "time period 10": 0.0,
      "time period 11": 0.0,
      "time period 12": 0.0,
      "time period 13": 0.0,
      "time period 14": 0.0,
      "time period 15": 0.0,
      "time period 16": 0.0,
      "time period 17": 0.0
    },
    "Hourly average revenue ($)": {
      "time period 1": 0.0,
      "time period 2": 0.0,
      "time period 3": 0.0,
      "time period 4": 0.0,
      "time period 5": 91978.16519819254,
      "time period 6": 0.0,
      "time period 7": 0.0,
      "time period 8": 0.0,
      "time period 9": 0.0,
      "time period 10": 0.0,
      "time period 11": 94418.69055460148,
      "time period 12": 0.0,
      "time period 13": 0.0,
      "time period 14": 89277.82401145932,
      "time period 15": 0.0,
      "time period 16": 0.0,
      "time period 17": 0.0
    },
    "Total average cost ($)": 26986.236472706605,
    "Total average revenue ($)": 275674.6797642533,
    "Total average profit ($)": 248688.44329154672
  }
}
