{
  "Storage unit 1": {
    "Discharging power (MW)": {
      "time period 1": 300.0,
      "time period 2": 0.0,
      "time period 3": 0.0,
      "time period 4": 0.0,
      "time period 5": 0.0,
      "time period 6": 0.0,
      "time period 7": 0.0,
      "time period 8": 0.0,
      "time period 9": 165.0,
      "time period 10": 300.0,
      "time period 11": 0.0,
      "time period 12": 0.0,
      "time period 13": 0.0,
      "time period 14": 0.0,
      "time period 15": 0.0,
      "time period 16": 300.0,
      "time period 17": 0.0,
      "time period 18": 0.0,
      "time period 19": 300.0,
      "time period 20": 0.0,
      "time period 21": 0.0,
      "time period 22": 0.0
    },
    "Charging power (MW)": {
      "time period 1": 0.0,
      "time period 2": 0.0,
      "time period 3": 300.0,
      "time period 4": 300.0,
      "time period 5": 230.4498269896195,
      "time period 6": 0.0,
      "time period 7": 0.0,
      "time period 8": 0.0,
      "time period 9": 0.0,
      "time period 10": 0.0,
      "time period 11": 0.0,
      "time period 12": 0.0,
      "time period 13": 0.0,
      "time period 14": 0.0,
      "time period 15": 0.0,
      "time period 16": 0.0,
      "time period 17": 300.0,
      "time period 18": 115.22491349480968,
      "time period 19": 0.0,
      "time period 20": 0.0,
      "time period 21": 0.0,
      "time period 22": 0.0
    },
    "Net discharging power (MW)": {
      "time period 1": 300.0,
      "time period 2": 0.0,
      "time period 3": -300.0,
      "time period 4": -300.0,
      "time period 5": -230.4498269896195,
      "time period 6": 0.0,
      "time period 7": 0.0,
      "time period 8": 0.0,
      "time period 9": 165.0,
      "time period 10": 300.0,
      "time period 11": 0.0,
      "time period 12": 0.0,
      "time period 13": 0.0,
      "time period 14": 0.0,
      "time period 15": 0.0,
      "time period 16": 300.0,
      "time period 17": -300.0,
      "time period 18": -115.22491349480968,
      "time period 19": 300.0,
      "time period 20": 0.0,
      "time period 21": 0.0,
      "time period 22": 0.0
    },
    "Stored energy (MWh)": {
      "time period 1": 97.05882352941168,
      "time period 2": 97.05882352941168,
      "time period 3": 224.55882352941168,
      "time period 4": 352.0588235294117,
      "time period 5": 450.0,
      "time period 6": 450.0,
      "time period 7": 450.0,
      "time period 8": 450.0,
      "time period 9": 352.94117647058823,
      "time period 10": 176.47058823529412,
      "time period 11": 176.47058823529412,
      "time period 12": 176.47058823529412,
      "time period 13": 176.47058823529412,
      "time period 14": 176.47058823529412,
      "time period 15": 176.47058823529412,
      "time period 16": 0.0,
      "time period 17": 127.5,
      "time period 18": 176.47058823529412,
      "time period 19": 0.0,
      "time period 20": 0.0,
      "time period 21": 0.0,
      "time period 22": 0.0
    },
    "Final energy (MWh)": 0.0,
    "Hourly average cost ($)": {
      "time period 1": 0.0,
      "time period 2": 0.0,
      "time period 3": 29788.580932971403,
      "time period 4": 33006.09609757416,
      "time period 5": 28648.11305881919,
      "time period 6": 0.0,
      "time period 7": 0.0,
      "time period 8": 0.0,
      "time period 9": 0.0,
      "time period 10": 0.0,
      "time period 11": 0.0,
      "time period 12": 0.0,
      "time period 13": 0.0,
      "time period 14": 0.0,
      "time period 15": 0.0,
      "time period 16": 0.0,
      "time period 17": 42126.36488021852,
      "time period 18": 16674.95360508111,
      "time period 19": 0.0,
      "time period 20": 0.0,
      "time period 21": 0.0,
      "time period 22": 0.0
    },
    "Hourly average revenue ($)": {
      "time period 1": 77092.41692284308,
      "time period 2": 0.0,
      "time period 3": 0.0,
      "time period 4": 0.0,
      "time period 5": 0.0,
      "time period 6": 0.0,
      "time period 7": 0.0,
      "time period 8": 0.0,
      "time period 9": 48313.31401926085,
      "time period 10": 99992.87531243314,
      "time period 11": 0.0,
      "time period 12": 0.0,
      "time period 13": 0.0,
      "time period 14": 0.0,
      "time period 15": 0.0,
      "time period 16": 92549.24246086119,
      "time period 17": 0.0,
      "time period 18": 0.0,
      "time period 19": 88523.34347213744,
      "time period 20": 0.0,
      "time period 21": 0.0,
      "time period 22": 0.0
    },
    "Total average cost ($)": 150244.10857466437,
    "Total average revenue ($)": 406471.1921875357,
    "Total average profit ($)": 256227.08361287133
  }
}
