{
  "Storage unit 1": {
    "Discharging power (MW)": {
      "time period 1": 0.0,
      "time period 2": 0.0,
      "time period 3": 0.0,
      "time period 4": 0.0,
      "time period 5": 0.0,
      "time period 6": 0.0,
      "time period 7": 165.0,
      "time period 8": 300.0,
      "time period 9": 0.0,
      "time period 10": 0.0,
      "time period 11": 0.0,
      "time period 12": 0.0,
      "time period 13": 0.0,
      "time period 14": 300.0,
      "time period 15": 0.0,
      "time period 16": 0.0,
      "time period 17": 300.0,
      "time period 18": 0.0,
      "time period 19": 0.0,
      "time period 20": 0.0
    },
    "Charging power (MW)": {
      "time period 1": 300.0,
      "time period 2": 300.0,
      "time period 3": 230.4498269896195,
      "time period 4": 0.0,
      "time period 5": 0.0,
      "time period 6": 0.0,
      "time period 7": 0.0,
      "time period 8": 0.0,
      "time period 9": 0.0,
      "time period 10": 0.0,
      "time period 11": 0.0,
      "time period 12": 0.0,
      "time period 13": 0.0,
      "time period 14": 0.0,
      "time period 15": 115.22491349480968,
      "time period 16": 300.0,
      "time period 17": 0.0,
      "time period 18": 0.0,
      "time period 19": 0.0,
      "time period 20": 0.0
    },
    "Net discharging power (MW)": {
      "time period 1": -300.0,
      "time period 2": -300.0,
      "time period 3": -230.4498269896195,
      "time period 4": 0.0,
      "time period 5": 0.0,
      "time period 6": 0.0,
      "time period 7": 165.0,
      "time period 8": 300.0,
      "time period 9": 0.0,
      "time period 10": 0.0,
      "time period 11": 0.0,
      "time period 12": 0.0,
      "time period 13": 0.0,
      "time period 14": 300.0,
      "time period 15": -115.22491349480968,
      "time period 16": -300.0,
      "time period 17": 300.0,
      "time period 18": 0.0,
      "time period 19": 0.0,
      "time period 20": 0.0
    },
    "Stored energy (MWh)": {
      "time period 1": 224.55882352941168,
      "time period 2": 352.0588235294117,
      "time period 3": 450.0,
      "time period 4": 450.0,
      "time period 5": 450.0,
      "time period 6": 450.0,
      "time period 7": 352.94117647058823,
      "time period 8": 176.47058823529412,
      "time period 9": 176.47058823529412,
      "time period 10": 176.47058823529412,
      "time period 11": 176.47058823529412,
      "time period 12": 176.47058823529412,
      "time period 13": 176.47058823529412,
      "time period 14": 0.0,
      "time period 15": 48.970588235294116,
      "time period 16": 176.47058823529412,
      "time period 17": 0.0,
      "time period 18": 0.0,
      "time period 19": 0.0,
      "time period 20": 0.0
    },
    "Final energy (MWh)": 0.0,
    "Hourly average cost ($)": {
      "time period 1": 29782.416922843106,
      "time period 2": 32525.95119346619,
      "time period 3": 28692.217879306776,
      "time period 4": 0.0,
      "time period 5": 0.0,
      "time period 6": 0.0,
      "time period 7": 0.0,
      "time period 8": 0.0,
      "time period 9": 0.0,
      "time period 10": 0.0,
      "time period 11": 0.0,
      "time period 12": 0.0,
      "time period 13": 0.0,
      "time period 14": 0.0,
      "time period 15": 16624.11092188297,
      "time period 16": 43094.24246086121,
      "time period 17": 0.0,
      "time period 18": 0.0,
      "time period 19": 0.0,
      "time period 20": 0.0
    },
    "Hourly average revenue ($)": {
      "time period 1": 0.0,
      "time period 2": 0.0,
      "time period 3": 0.0,
      "time period 4": 0.0,
      "time period 5": 0.0,
      "time period 6": 0.0,
      "time period 7": 47200.94604075955,
      "time period 8": 95266.37669242854,
      "time period 9": 0.0,
      "time period 10": 0.0,
      "time period 11": 0.0,
      "time period 12": 0.0,
      "time period 13": 0.0,
      "time period 14": 93621.82401145932,
      "time period 15": 0.0,
      "time period 16": 0.0,
      "time period 17": 87618.3648802185,
      "time period 18": 0.0,
      "time period 19": 0.0,
      "time period 20": 0.0
    },
    "Total average cost ($)": 150718.93937836026,
    "Total average revenue ($)": 323707.51162486593,
    "Total average profit ($)": 172988.57224650568
  }
}
