{
  "Storage unit 1": {
    "Discharging power (MW)": {
      "time period 1": 0.0,
      "time period 2": 0.0,
      "time period 3": 0.0,
      "time period 4": 0.0,
      "time period 5": 0.0,
      "time period 6": 0.0,
      "time period 7": 125.0,
      "time period 8": 300.0,
      "time period 9": 0.0,
      "time period 10": 0.0,
      "time period 11": 0.0,
      "time period 12": 0.0,
      "time period 13": 125.0,
      "time period 14": 300.0,
      "time period 15": 0.0,
      "time period 16": 0.0,
      "time period 17": 300.0,
      "time period 18": 0.0,
      "time period 19": 125.0,
      "time period 20": 0.0
    },
    "Charging power (MW)": {
      "time period 1": 300.0,
      "time period 2": 288.2352941176471,
      "time period 3": 0.0,
      "time period 4": 0.0,
      "time period 5": 0.0,
      "time period 6": 0.0,
      "time period 7": 0.0,
      "time period 8": 0.0,
      "time period 9": 0.0,
      "time period 10": 300.0,
      "time period 11": 288.2352941176471,
      "time period 12": 0.0,
      "time period 13": 0.0,
      "time period 14": 0.0,
      "time period 15": 288.2352941176471,
      "time period 16": 300.0,
      "time period 17": 0.0,
      "time period 18": 0.0,
      "time period 19": 0.0,
      "time period 20": 0.0
    },
    "Net discharging power (MW)": {
      "time period 1": -300.0,
      "time period 2": -288.2352941176471,
      "time period 3": 0.0,
      "time period 4": 0.0,
      "time period 5": 0.0,
      "time period 6": 0.0,
      "time period 7": 125.0,
      "time period 8": 300.0,
      "time period 9": 0.0,
      "time period 10": -300.0,
      "time period 11": -288.2352941176471,
      "time period 12": 0.0,
      "time period 13": 125.0,
      "time period 14": 300.0,
      "time period 15": -288.2352941176471,
      "time period 16": -300.0,
      "time period 17": 300.0,
      "time period 18": 0.0,
      "time period 19": 125.0,
      "time period 20": 0.0
    },
    "Stored energy (MWh)": {
      "time period 1": 127.5,
      "time period 2": 250.0,
      "time period 3": 250.0,
      "time period 4": 250.0,
      "time period 5": 250.0,
      "time period 6": 250.0,
      "time period 7": 176.47058823529412,
      "time period 8": 0.0,
      "time period 9": 0.0,
      "time period 10": 127.5,
      "time period 11": 250.0,
      "time period 12": 250.0,
      "time period 13": 176.47058823529412,
      "time period 14": 0.0,
      "time period 15": 122.5,
      "time period 16": 250.0,
      "time period 17": 73.52941176470588,
      "time period 18": 73.52941176470588,
      "time period 19": 0.0,
      "time period 20": 0.0
    },
    "Final energy (MWh)": 0.0,
    "Hourly average cost ($)": {
      "time period 1": 29782.416922843106,
      "time period 2": 31250.423695683203,
      "time period 3": 0.0,
      "time period 4": 0.0,
      "time period 5": 0.0,
      "time period 6": 0.0,
      "time period 7": 0.0,
      "time period 8": 0.0,
      "time period 9": 0.0,
      "time period 10": 48635.875312433185,
      "time period 11": 52357.6438661857,
      "time period 12": 0.0,
      "time period 13": 0.0,
      "time period 14": 0.0,
      "time period 15": 41585.23843221776,
      "time period 16": 43094.24246086121,
      "time period 17": 0.0,
      "time period 18": 0.0,
      "time period 19": 0.0,
      "time period 20": 0.0
    },
    "Hourly average revenue ($)": {
      "time period 1": 0.0,
      "time period 2": 0.0,
      "time period 3": 0.0,
      "time period 4": 0.0,
      "time period 5": 0.0,
      "time period 6": 0.0,
      "time period 7": 35758.29245512086,
      "time period 8": 95266.37669242854,
      "time period 9": 0.0,
      "time period 10": 0.0,
      "time period 11": 0.0,
      "time period 12": 0.0,
      "time period 13": 33444.737471199056,
      "time period 14": 93621.82401145932,
      "time period 15": 0.0,
      "time period 16": 0.0,
      "time period 17": 87618.3648802185,
      "time period 18": 0.0,
      "time period 19": 35725.976446723944,
      "time period 20": 0.0
    },
    "Total average cost ($)": 246705.8406902242,
    "Total average revenue ($)": 381435.57195715024,
    "Total average profit ($)": 134729.73126692604
  }
}
