{
  "Storage unit 1": {
    "Discharging power (MW)": {
      "time period 1": 0.0,
      "time period 2": 0.0,
      "time period 3": 0.0,
      "time period 4": 13.6,
      "time period 5": 0.0,
      "time period 6": 0.0,
      "time period 7": 0.0,
      "time period 8": 13.6,
      "time period 9": 0.0,
      "time period 10": 0.0,
      "time period 11": 0.0,
      "time period 12": 0.0,
      "time period 13": 13.6,
      "time period 14": 0.0,
      "time period 15": 0.0,
      "time period 16": 0.0,
      "time period 17": 0.0,
      "time period 18": 0.0,
      "time period 19": 0.0,
      "time period 20": 0.0,
      "time period 21": 0.0,
      "time period 22": 13.6,
      "time period 23": 0.0,
      "time period 24": 0.0,
      "time period 25": 0.0,
      "time period 26": 0.0,
      "time period 27": 0.0,
      "time period 28": 13.6,
      "time period 29": 0.0,
      "time period 30": 0.0,
      "time period 31": 13.6,
      "time period 32": 0.0,
      "time period 33": 0.0,
      "time period 34": 0.0
    },
    "Charging power (MW)": {
      "time period 1": 0.0,
      "time period 2": 18.823529411764707,
      "time period 3": 0.0,
      "time period 4": 0.0,
      "time period 5": 0.0,
      "time period 6": 18.823529411764707,
      "time period 7": 0.0,
      "time period 8": 0.0,
      "time period 9": 18.823529411764707,
      "time period 10": 0.0,
      "time period 11": 0.0,
      "time period 12": 0.0,
      "time period 13": 0.0,
      "time period 14": 0.0,
      "time period 15": 18.823529411764707,
      "time period 16": 0.0,
      "time period 17": 0.0,
      "time period 18": 0.0,
      "time period 19": 0.0,
      "time period 20": 0.0,
      "time period 21": 0.0,
      "time period 22": 0.0,
      "time period 23": 0.0,
      "time period 24": 18.823529411764707,
      "time period 25": 0.0,
      "time period 26": 0.0,
      "time period 27": 0.0,
      "time period 28": 0.0,
      "time period 29": 0.0,
      "time period 30": 18.823529411764707,
      "time period 31": 0.0,
      "time period 32": 0.0,
      "time period 33": 0.0,
      "time period 34": 0.0
    },
    "Net discharging power (MW)": {
      "time period 1": 0.0,
      "time period 2": -18.823529411764707,
      "time period 3": 0.0,
      "time period 4": 13.6,
      "time period 5": 0.0,
      "time period 6": -18.823529411764707,
      "time period 7": 0.0,
      "time period 8": 13.6,
      "time period 9": -18.823529411764707,
      "time period 10": 0.0,
      "time period 11": 0.0,
      "time period 12": 0.0,
      "time period 13": 13.6,
      "time period 14": 0.0,
      "time period 15": -18.823529411764707,
      "time period 16": 0.0,
      "time period 17": 0.0,
      "time period 18": 0.0,
      "time period 19": 0.0,
      "time period 20": 0.0,
      "time period 21": 0.0,
      "time period 22": 13.6,
      "time period 23": 0.0,
      "time period 24": -18.823529411764707,
      "time period 25": 0.0,
      "time period 26": 0.0,
      "time period 27": 0.0,
      "time period 28": 13.6,
      "time period 29": 0.0,
      "time period 30": -18.823529411764707,
      "time period 31": 13.6,
      "time period 32": 0.0,
      "time period 33": 0.0,
      "time period 34": 0.0
    },
    "Stored energy (MWh)": {
      "time period 1": 0.0,
      "time period 2": 8.0,
      "time period 3": 8.0,
      "time period 4": 0.0,
      "time period 5": 0.0,
      "time period 6": 8.0,
      "time period 7": 8.0,
      "time period 8": 0.0,
      "time period 9": 8.0,
      "time period 10": 8.0,
      "time period 11": 8.0,
      "time period 12": 8.0,
      "time period 13": 0.0,
      "time period 14": 0.0,
      "time period 15": 8.0,
      "time period 16": 8.0,
      "time period 17": 8.0,
      "time period 18": 8.0,
      "time period 19": 8.0,
      "time period 20": 8.0,
      "time period 21": 8.0,
      "time period 22": 0.0,
      "time period 23": 0.0,
      "time period 24": 8.0,
      "time period 25": 8.0,
      "time period 26": 8.0,
      "time period 27": 8.0,
      "time period 28": 0.0,
      "time period 29": 0.0,
      "time period 30": 8.0,
      "time period 31": 0.0,
      "time period 32": 0.0,
      "time period 33": 0.0,
      "time period 34": 0.0
    },
    "Final energy (MWh)": 0.0,
    "Hourly average cost ($)": {
      "time period 1": 0.0,
      "time period 2": 2044.5699850643382,
      "time period 3": 0.0,
      "time period 4": 0.0,
      "time period 5": 0.0,
      "time period 6": 2659.9523667279414,
      "time period 7": 0.0,
      "time period 8": 0.0,
      "time period 9": 2281.975896139706,
      "time period 10": 0.0,
      "time period 11": 0.0,
      "time period 12": 0.0,
      "time period 13": 0.0,
      "time period 14": 0.0,
      "time period 15": 2167.519002757353,
      "time period 16": 0.0,
      "time period 17": 0.0,
      "time period 18": 0.0,
      "time period 19": 0.0,
      "time period 20": 0.0,
      "time period 21": 0.0,
      "time period 22": 0.0,
      "time period 23": 0.0,
      "time period 24": 2683.917296645221,
      "time period 25": 0.0,
      "time period 26": 0.0,
      "time period 27": 0.0,
      "time period 28": 0.0,
      "time period 29": 0.0,
      "time period 30": 2043.2534466911766,
      "time period 31": 0.0,
      "time period 32": 0.0,
      "time period 33": 0.0,
      "time period 34": 0.0
    },
    "Hourly average revenue ($)": {
      "time period 1": 0.0,
      "time period 2": 0.0,
      "time period 3": 0.0,
      "time period 4": 3379.0555849609373,
      "time period 5": 0.0,
      "time period 6": 0.0,
      "time period 7": 0.0,
      "time period 8": 3738.0955849609377,
      "time period 9": 0.0,
      "time period 10": 0.0,
      "time period 11": 0.0,
      "time period 12": 0.0,
      "time period 13": 3726.5355849609373,
      "time period 14": 0.0,
      "time period 15": 0.0,
      "time period 16": 0.0,
      "time period 17": 0.0,
      "time period 18": 0.0,
      "time period 19": 0.0,
      "time period 20": 0.0,
      "time period 21": 0.0,
      "time period 22": 4014.548713378906,
      "time period 23": 0.0,
      "time period 24": 0.0,
      "time period 25": 0.0,
      "time period 26": 0.0,
      "time period 27": 0.0,
      "time period 28": 3959.394483642578,
      "time period 29": 0.0,
      "time period 30": 0.0,
      "time period 31": 3521.3203837890624,
      "time period 32": 0.0,
      "time period 33": 0.0,
      "time period 34": 0.0
    },
    "Total average cost ($)": 13881.187994025737,
    "Total average revenue ($)": 22338.950335693356,
    "Total average profit ($)": 8457.76234166762
  }
}
