{
  "Storage unit 1": {
    "Discharging power (MW)": {
      "time period 1": 300.0,
      "time period 2": 0.0,
      "time period 3": 0.0,
      "time period 4": 300.0,
      "time period 5": 0.0,
      "time period 6": 300.0,
      "time period 7": 0.0
    },
    "Charging power (MW)": {
      "time period 1": 0.0,
      "time period 2": 249.13494809688615,
      "time period 3": 0.0,
      "time period 4": 0.0,
      "time period 5": 0.0,
      "time period 6": 0.0,
      "time period 7": 0.0
    },
    "Net discharging power (MW)": {
      "time period 1": 300.0,
      "time period 2": -249.13494809688615,
      "time period 3": 0.0,
      "time period 4": 300.0,
      "time period 5": 0.0,
      "time period 6": 300.0,
      "time period 7": 0.0
    },
    "Stored energy (MWh)": {
      "time period 1": 247.05882352941163,
      "time period 2": 352.94117647058823,
      "time period 3": 352.94117647058823,
      "time period 4": 176.47058823529412,
      "time period 5": 176.47058823529412,
      "time period 6": 0.0,
      "time period 7": 0.0
    },
    "Final energy (MWh)": 0.0,
    "Hourly average cost ($)": {
      "time period 1": 0.0,
      "time period 2": 28924.52694267091,
      "time period 3": 0.0,
      "time period 4": 0.0,
      "time period 5": 0.0,
      "time period 6": 0.0,
      "time period 7": 0.0
    },
    "Hourly average revenue ($)": {
      "time period 1": 85279.41692284307,
      "time period 2": 0.0,
      "time period 3": 0.0,
      "time period 4": 80802.09609757418,
      "time period 5": 0.0,
      "time period 6": 81315.37058125486,
      "time period 7": 0.0
    },
    "Total average cost ($)": 28924.52694267091,
    "Total average revenue ($)": 247396.8836016721,
    "Total average profit ($)": 218472.3566590012
  }
}
