{
  "Total average profits ($)": {
    "Storage unit 1": {
      "CVaR chr 0.0 CVaR dis 0.0 Enr cap 8.0 alpha 0.95": 9731.403468807443,
      "CVaR chr 0.1 CVaR dis 0.0 Enr cap 8.0 alpha 0.95": 9731.403468807443,
      "CVaR chr 0.2 CVaR dis 0.0 Enr cap 8.0 alpha 0.95": 9012.300250574446,
      "CVaR chr 0.3 CVaR dis 0.0 Enr cap 8.0 alpha 0.95": 6454.997343520219,
      "CVaR chr 0.4 CVaR dis 0.0 Enr cap 8.0 alpha 0.95": 2214.315453527114
    }
  },
  "Net discharging levels (MW)": {
    "Storage unit 1": {
      "CVaR chr 0.0 CVaR dis 0.0 Enr cap 8.0 alpha 0.95": {
        "time period 1": 0.0,
        "time period 2": 0.0,
        "time period 3": 0.0,
        "time period 4": 0.0,
        "time period 5": 0.0,
        "time period 6": 0.0,
        "time period 7": -18.823529411764707,
        "time period 8": 0.0,
        "time period 9": 0.0,
        "time period 10": 0.0,
        "time period 11": 0.0,
        "time period 12": 0.0,
        "time period 13": 13.6,
        "time period 14": 0.0,
        "time period 15": 0.0,
        "time period 16": -18.823529411764707,
        "time period 17": 0.0,
        "time period 18": 13.6,
        "time period 19": 0.0,
        "time period 20": -18.823529411764707,
        "time period 21": 0.0,
        "time period 22": 13.6,
        "time period 23": -18.823529411764707,
        "time period 24": 0.0,
        "time period 25": 0.0,
        "time period 26": 13.6,
        "time period 27": 0.0,
        "time period 28": 0.0,
        "time period 29": -18.823529411764707,
        "time period 30": 0.0,
        "time period 31": 0.0,
        "time period 32": 0.0,
        "time period 33": 0.0,
        "time period 34": 0.0,
        "time period 35": 0.0,
        "time period 36": 13.6,
        "time period 37": 0.0,
        "time period 38": -18.823529411764707,
        "time period 39": 0.0,
        "time period 40": 0.0,
        "time period 41": 0.0,
        "time period 42": 13.6,
        "time period 43": 0.0,
        "time period 44": -18.823529411764707,
        "time period 45": 13.6,
        "time period 46": 0.0,
        "time period 47": 0.0,
        "time period 48": 0.0
      },
      "CVaR chr 0.1 CVaR dis 0.0 Enr cap 8.0 alpha 0.95": {
        "time period 1": 0.0,
        "time period 2": 0.0,
        "time period 3": 0.0,
        "time period 4": 0.0,
        "time period 5": 0.0,
        "time period 6": 0.0,
        "time period 7": -18.823529411764707,
        "time period 8": 0.0,
        "time period 9": 0.0,
        "time period 10": 0.0,
        "time period 11": 0.0,
        "time period 12": 0.0,
        "time period 13": 13.6,
        "time period 14": 0.0,
        "time period 15": 0.0,
        "time period 16": -18.823529411764707,
        "time period 17": 0.0,
        "time period 18": 13.6,
        "time period 19": 0.0,
        "time period 20": -18.823529411764707,
        "time period 21": 0.0,
        "time period 22": 13.6,
        "time period 23": -18.823529411764707,
        "time period 24": 0.0,
        "time period 25": 0.0,
        "time period 26": 13.6,
        "time period 27": 0.0,
        "time period 28": 0.0,
        "time period 29": -18.823529411764707,
        "time period 30": 0.0,
        "time period 31": 0.0,
        "time period 32": 0.0,
        "time period 33": 0.0,
        "time period 34": 0.0,
        "time period 35": 0.0,
        "time period 36": 13.6,
        "time period 37": 0.0,
        "time period 38": -18.823529411764707,
        "time period 39": 0.0,
        "time period 40": 0.0,
        "time period 41": 0.0,
        "time period 42": 13.6,
        "time period 43": 0.0,
        "time period 44": -18.823529411764707,
        "time period 45": 13.6,
        "time period 46": 0.0,
        "time period 47": 0.0,
        "time period 48": 0.0
      },
      "CVaR chr 0.2 CVaR dis 0.0 Enr cap 8.0 alpha 0.95": {
        "time period 1": 0.0,
        "time period 2": 0.0,
        "time period 3": 0.0,
        "time period 4": 0.0,
        "time period 5": 0.0,
        "time period 6": 0.0,
        "time period 7": -18.823529411764707,
        "time period 8": 0.0,
        "time period 9": 0.0,
        "time period 10": 0.0,
        "time period 11": 0.0,
        "time period 12": 0.0,
        "time period 13": 13.6,
        "time period 14": 0.0,
        "time period 15": 0.0,
        "time period 16": -18.823529411764707,
        "time period 17": 0.0,
        "time period 18": 0.0,
        "time period 19": 0.0,
        "time period 20": 0.0,
        "time period 21": 0.0,
        "time period 22": 13.6,
        "time period 23": -18.823529411764707,
        "time period 24": 0.0,
        "time period 25": 0.0,
        "time period 26": 13.6,
        "time period 27": 0.0,
        "time period 28": 0.0,
        "time period 29": -18.823529411764707,
        "time period 30": 0.0,
        "time period 31": 0.0,
        "time period 32": 0.0,
        "time period 33": 0.0,
        "time period 34": 0.0,
        "time period 35": 0.0,
        "time period 36": 13.6,
        "time period 37": 0.0,
        "time period 38": -18.823529411764707,
        "time period 39": 0.0,
        "time period 40": 0.0,
        "time period 41": 0.0,
        "time period 42": 13.6,
        "time period 43": 0.0,
        "time period 44": -18.823529411764707,
        "time period 45": 13.6,
        "time period 46": 0.0,
        "time period 47": 0.0,
        "time period 48": 0.0
      },
      "CVaR chr 0.3 CVaR dis 0.0 Enr cap 8.0 alpha 0.95": {
        "time period 1": 0.0,
        "time period 2": 0.0,
        "time period 3": 0.0,
        "time period 4": 0.0,
        "time period 5": 0.0,
        "time period 6": 0.0,
        "time period 7": -18.823529411764707,
        "time period 8": 0.0,
        "time period 9": 0.0,
        "time period 10": 0.0,
        "time period 11": 0.0,
        "time period 12": 0.0,
        "time period 13": 13.6,
        "time period 14": 0.0,
        "time period 15": 0.0,
        "time period 16": -18.823529411764707,
        "time period 17": 0.0,
        "time period 18": 0.0,
        "time period 19": 0.0,
        "time period 20": 0.0,
        "time period 21": 0.0,
        "time period 22": 13.6,
        "time period 23": -18.823529411764707,
        "time period 24": 0.0,
        "time period 25": 0.0,
        "time period 26": 13.6,
        "time period 27": 0.0,
        "time period 28": 0.0,
        "time period 29": -18.823529411764707,
        "time period 30": 0.0,
        "time period 31": 0.0,
        "time period 32": 0.0,
        "time period 33": 0.0,
        "time period 34": 0.0,
        "time period 35": 0.0,
        "time period 36": 13.6,
        "time period 37": 0.0,
        "time period 38": 0.0,
        "time period 39": 0.0,
        "time period 40": 0.0,
        "time period 41": 0.0,
        "time period 42": 0.0,
        "time period 43": 0.0,
        "time period 44": 0.0,
        "time period 45": 0.0,
        "time period 46": 0.0,
        "time period 47": 0.0,
        "time period 48": 0.0
      },
      "CVaR chr 0.4 CVaR dis 0.0 Enr cap 8.0 alpha 0.95": {
        "time period 1": 0.0,
        "time period 2": 0.0,
        "time period 3": 0.0,
        "time period 4": 0.0,
        "time period 5": 0.0,
        "time period 6": 0.0,
        "time period 7": 0.0,
        "time period 8": 0.0,
        "time period 9": 0.0,
        "time period 10": 0.0,
        "time period 11": 0.0,
        "time period 12": 0.0,
        "time period 13": 0.0,
        "time period 14": 0.0,
        "time period 15": 0.0,
        "time period 16": 0.0,
        "time period 17": 0.0,
        "time period 18": 0.0,
        "time period 19": 0.0,
        "time period 20": 0.0,
        "time period 21": 0.0,
        "time period 22": 0.0,
        "time period 23": 0.0,
        "time period 24": 0.0,
        "time period 25": 0.0,
        "time period 26": 0.0,
        "time period 27": 0.0,