{
    "Storage unit 1": {
        "Discharging power (MW)": {
            "time period 1": 0.0,
            "time period 2": 0.0,
            "time period 3": 0.0,
            "time period 4": 0.0,
            "time period 5": 0.0,
            "time period 6": 0.0,
            "time period 7": 0.0,
            "time period 8": 0.0,
            "time period 9": 0.0,
            "time period 10": 0.0,
            "time period 11": 0.0,
            "time period 12": 0.0,
            "time period 13": 300.0000000000001,
            "time period 14": 0.0,
            "time period 15": 0.0,
            "time period 16": 0.0,
            "time period 17": 0.0,
            "time period 18": 216.75,
            "time period 19": 0.0,
            "time period 20": 0.0,
            "time period 21": 300.0000000000001,
            "time period 22": 300.0,
            "time period 23": 0.0,
            "time period 24": 0.0,
            "time period 25": 100.49999999999986,
            "time period 26": 300.00000000000006,
            "time period 27": 300.0,
            "time period 28": 0.0,
            "time period 29": 0.0,
            "time period 30": 0.0,
            "time period 31": 0.0,
            "time period 32": 0.0,
            "time period 33": 0.0,
            "time period 34": 0.0,
            "time period 35": 300.0000000000001,
            "time period 36": 300.0,
            "time period 37": 218.74999999999991,
            "time period 38": 0.0,
            "time period 39": 0.0,
            "time period 40": 0.0,
            "time period 41": 0.0,
            "time period 42": 300.0,
            "time period 43": 0.0,
            "time period 44": 0.0,
            "time period 45": 300.0,
            "time period 46": 300.0,
            "time period 47": 299.9999999999999,
            "time period 48": 0.0
        },
        "Charging power (MW)": {
            "time period 1": 94.11764705882354,
            "time period 2": 0.0,
            "time period 3": 0.0,
            "time period 4": 300.0,
            "time period 5": 300.0,
            "time period 6": 300.0,
            "time period 7": 300.0,
            "time period 8": 0.0,
            "time period 9": 0.0,
            "time period 10": 0.0,
            "time period 11": 0.0,
            "time period 12": 0.0,
            "time period 13": 0.0,
            "time period 14": 0.0,
            "time period 15": 0.0,
            "time period 16": 300.0,
            "time period 17": 115.22491349480988,
            "time period 18": 0.0,
            "time period 19": 0.0,
            "time period 20": 300.0,
            "time period 21": 0.0,
            "time period 22": 0.0,
            "time period 23": 300.0,
            "time period 24": 300.0,
            "time period 25": 0.0,
            "time period 26": 0.0,
            "time period 27": 0.0,
            "time period 28": 0.0,
            "time period 29": 300.0,
            "time period 30": 299.99999999999994,
            "time period 31": 300.0,
            "time period 32": 300.0,
            "time period 33": 0.0,
            "time period 34": 0.0,
            "time period 35": 0.0,
            "time period 36": 0.0,
            "time period 37": 0.0,
            "time period 38": 300.0,
            "time period 39": 300.0,
            "time period 40": 300.0,
            "time period 41": 0.0,
            "time period 42": 0.0,
            "time period 43": 300.0,
            "time period 44": 300.0,
            "time period 45": 0.0,
            "time period 46": 0.0,
            "time period 47": 0.0,
            "time period 48": 0.0
        },
        "Net discharging power (MW)": {
            "time period 1": -94.11764705882354,
            "time period 2": 0.0,
            "time period 3": 0.0,
            "time period 4": -300.0,
            "time period 5": -300.0,
            "time period 6": -300.0,
            "time period 7": -300.0,
            "time period 8": 0.0,
            "time period 9": 0.0,
            "time period 10": 0.0,
            "time period 11": 0.0,
            "time period 12": 0.0,
            "time period 13": 300.0000000000001,
            "time period 14": 0.0,
            "time period 15": 0.0,
            "time period 16": -300.0,
            "time period 17": -115.22491349480988,
            "time period 18": 216.75,
            "time period 19": 0.0,
            "time period 20": -300.0,
            "time period 21": 300.0000000000001,
            "time period 22": 300.0,
            "time period 23": -300.0,
            "time period 24": -300.0,
            "time period 25": 100.49999999999986,
            "time period 26": 300.00000000000006,
            "time period 27": 300.0,
            "time period 28": 0.0,
            "time period 29": -300.0,
            "time period 30": -299.99999999999994,
            "time period 31": -300.0,
            "time period 32": -300.0,
            "time period 33": 0.0,
            "time period 34": 0.0,
            "time period 35": 300.0000000000001,
            "time period 36": 300.0,
            "time period 37": 218.74999999999991,
            "time period 38": -300.0,
            "time period 39": -300.0,
            "time period 40": -300.0,
            "time period 41": 0.0,
            "time period 42": 300.0,
            "time period 43": -300.0,
            "time period 44": -300.0,
            "time period 45": 300.0,
            "time period 46": 300.0,
            "time period 47": 299.9999999999999,
            "time period 48": 0.0
        },
        "Stored energy (MWh)": {
            "time period 1": 40.0,
            "time period 2": 40.0,
            "time period 3": 40.0,
            "time period 4": 167.5,
            "time period 5": 295.0,
            "time period 6": 422.5,
            "time period 7": 550.0,
            "time period 8": 550.0,
            "time period 9": 550.0,
            "time period 10": 550.0,
            "time period 11": 550.0,
            "time period 12": 550.0,
            "time period 13": 373.5294117647058,
            "time period 14": 373.5294117647058,
            "time period 15": 373.5294117647058,
            "time period 16": 501.0294117647058,
            "time period 17": 550.0,
            "time period 18": 422.5,
            "time period 19": 422.5,
            "time period 20": 550.0,
            "time period 21": 373.5294117647058,
            "time period 22": 197.05882352941168,
            "time period 23": 324.5588235294117,
            "time period 24": 452.0588235294117,
            "time period 25": 392.9411764705883,
            "time period 26": 216.47058823529414,
            "time period 27": 40.00000000000003,
            "time period 28": 40.00000000000003,
            "time period 29": 167.50000000000003,
            "time period 30": 295.0,
            "time period 31": 422.5,
            "time period 32": 550.0,
            "time period 33": 550.0,
            "time period 34": 550.0,
            "time period 35": 373.5294117647058,
            "time period 36": 197.05882352941168,
            "time period 37": 68.38235294117644,
            "time period 38": 195.88235294117644,
            "time period 39": 323.38235294117646,
            "time period 40": 450.88235294117646,
            "time period 41": 450.88235294117646,
            "time period 42": 274.4117647058823,
            "time period 43": 401.9117647058823,
            "time period 44": 529.4117647058823,
            "time period 45": 352.9411764705882,
            "time period 46": 176.47058823529406,
            "time period 47": 0.0,
            "time period 48": 0.0
        },
        "Hourly average cost ($)": {
            "time period 1": 10190.562171872349,
            "time period 2": 0.0,
            "time period 3": 0.0,
            "time period 4": 32017.416922843106,
            "time period 5": 30256.416922843106,
            "time period 6": 27976.416922843102,