{
  "Storage unit 1": {
    "Discharging power (MW)": {
      "time period 1": 0.0,
      "time period 2": 0.0,
      "time period 3": 300.0,
      "time period 4": 0.0,
      "time period 5": 0.0,
      "time period 6": 300.0,
      "time period 7": 249.99999999999994,
      "time period 8": 300.0,
      "time period 9": 0.0
    },
    "Charging power (MW)": {
      "time period 1": 0.0,
      "time period 2": 0.0,
      "time period 3": 0.0,
      "time period 4": 300.0,
      "time period 5": 230.4498269896195,
      "time period 6": 0.0,
      "time period 7": 0.0,
      "time period 8": 0.0,
      "time period 9": 0.0
    },
    "Net discharging power (MW)": {
      "time period 1": 0.0,
      "time period 2": 0.0,
      "time period 3": 300.0,
      "time period 4": -300.0,
      "time period 5": -230.4498269896195,
      "time period 6": 300.0,
      "time period 7": 249.99999999999994,
      "time period 8": 300.0,
      "time period 9": 0.0
    },
    "Stored energy (MWh)": {
      "time period 1": 451.0294117647058,
      "time period 2": 451.0294117647058,
      "time period 3": 274.5588235294117,
      "time period 4": 402.0588235294117,
      "time period 5": 500.0,
      "time period 6": 323.52941176470586,
      "time period 7": 176.47058823529412,
      "time period 8": 0.0,
      "time period 9": 0.0
    },
    "Final energy (MWh)": 0.0,
    "Hourly average cost ($)": {
      "time period 1": 0.0,
      "time period 2": 0.0,
      "time period 3": 0.0,
      "time period 4": 35310.09609757415,
      "time period 5": 27479.73243598182,
      "time period 6": 0.0,
      "time period 7": 0.0,
      "time period 8": 0.0,
      "time period 9": 0.0
    },
    "Hourly average revenue ($)": {
      "time period 1": 0.0,
      "time period 2": 0.0,
      "time period 3": 85285.58093297142,
      "time period 4": 0.0,
      "time period 5": 0.0,
      "time period 6": 84096.37058125489,
      "time period 7": 62341.58491024169,
      "time period 8": 81391.3766924286,
      "time period 9": 0.0
    },
    "Total average cost ($)": 62789.82853355596,
    "Total average revenue ($)": 313114.91311689664,
    "Total average profit ($)": 250325.08458334068
  }
}
