{
    "Storage unit 1": {
        "Discharging power (MW)": {
            "time period 1": 0.0,
            "time period 2": 0.0,
            "time period 3": 0.0,
            "time period 4": 0.0,
            "time period 5": 0.0,
            "time period 6": 0.0,
            "time period 7": 0.0,
            "time period 8": 0.0,
            "time period 9": 0.0,
            "time period 10": 0.0,
            "time period 11": 0.0,
            "time period 12": 0.0,
            "time period 13": 216.75,
            "time period 14": 0.0,
            "time period 15": 0.0,
            "time period 16": 0.0,
            "time period 17": 0.0,
            "time period 18": 0.0,
            "time period 19": 0.0,
            "time period 20": 0.0,
            "time period 21": 300.00000000000017,
            "time period 22": 300.0,
            "time period 23": 0.0,
            "time period 24": 0.0,
            "time period 25": 0.0,
            "time period 26": 300.0,
            "time period 27": 81.74999999999986,
            "time period 28": 0.0,
            "time period 29": 0.0,
            "time period 30": 0.0,
            "time period 31": 0.0,
            "time period 32": 0.0,
            "time period 33": 0.0,
            "time period 34": 0.0,
            "time period 35": 300.00000000000017,
            "time period 36": 300.0,
            "time period 37": 131.99999999999991,
            "time period 38": 0.0,
            "time period 39": 0.0,
            "time period 40": 0.0,
            "time period 41": 0.0,
            "time period 42": 249.74999999999994,
            "time period 43": 0.0,
            "time period 44": 0.0,
            "time period 45": 300.0,
            "time period 46": 0.0,
            "time period 47": 133.5,
            "time period 48": 0.0
        },
        "Charging power (MW)": {
            "time period 1": 0.0,
            "time period 2": 0.0,
            "time period 3": 0.0,
            "time period 4": 158.82352941176472,
            "time period 5": 300.0,
            "time period 6": 300.0,
            "time period 7": 0.0,
            "time period 8": 0.0,
            "time period 9": 0.0,
            "time period 10": 0.0,
            "time period 11": 0.0,
            "time period 12": 0.0,
            "time period 13": 0.0,
            "time period 14": 0.0,
            "time period 15": 0.0,
            "time period 16": 300.0,
            "time period 17": 0.0,
            "time period 18": 0.0,
            "time period 19": 0.0,
            "time period 20": 300.0,
            "time period 21": 0.0,
            "time period 22": 0.0,
            "time period 23": 300.0,
            "time period 24": 0.0,
            "time period 25": 0.0,
            "time period 26": 0.0,
            "time period 27": 0.0,
            "time period 28": 0.0,
            "time period 29": 300.0,
            "time period 30": 300.0,
            "time period 31": 158.8235294117647,
            "time period 32": 300.0,
            "time period 33": 0.0,
            "time period 34": 0.0,
            "time period 35": 0.0,
            "time period 36": 0.0,
            "time period 37": 0.0,
            "time period 38": 300.0,
            "time period 39": 0.0,
            "time period 40": 0.0,
            "time period 41": 0.0,
            "time period 42": 0.0,
            "time period 43": 300.0,
            "time period 44": 300.0,
            "time period 45": 0.0,
            "time period 46": 0.0,
            "time period 47": 0.0,
            "time period 48": -0.0
        },
        "Net discharging power (MW)": {
            "time period 1": 0.0,
            "time period 2": 0.0,
            "time period 3": 0.0,
            "time period 4": -158.82352941176472,
            "time period 5": -300.0,
            "time period 6": -300.0,
            "time period 7": 0.0,
            "time period 8": 0.0,
            "time period 9": 0.0,
            "time period 10": 0.0,
            "time period 11": 0.0,
            "time period 12": 0.0,
            "time period 13": 216.75,
            "time period 14": 0.0,
            "time period 15": 0.0,
            "time period 16": -300.0,
            "time period 17": 0.0,
            "time period 18": 0.0,
            "time period 19": 0.0,
            "time period 20": -300.0,
            "time period 21": 300.00000000000017,
            "time period 22": 300.0,
            "time period 23": -300.0,
            "time period 24": 0.0,
            "time period 25": 0.0,
            "time period 26": 300.0,
            "time period 27": 81.74999999999986,
            "time period 28": 0.0,
            "time period 29": -300.0,
            "time period 30": -300.0,
            "time period 31": -158.8235294117647,
            "time period 32": -300.0,
            "time period 33": 0.0,
            "time period 34": 0.0,
            "time period 35": 300.00000000000017,
            "time period 36": 300.0,
            "time period 37": 131.99999999999991,
            "time period 38": -300.0,
            "time period 39": 0.0,
            "time period 40": 0.0,
            "time period 41": 0.0,
            "time period 42": 249.74999999999994,
            "time period 43": -300.0,
            "time period 44": -300.0,
            "time period 45": 300.0,
            "time period 46": 0.0,
            "time period 47": 133.5,
            "time period 48": 0.0
        },
        "Stored energy (MWh)": {
            "time period 1": 0.0,
            "time period 2": 0.0,
            "time period 3": 0.0,
            "time period 4": 67.5,
            "time period 5": 195.0,
            "time period 6": 322.5,
            "time period 7": 322.5,
            "time period 8": 322.5,
            "time period 9": 322.5,
            "time period 10": 322.5,
            "time period 11": 322.5,
            "time period 12": 322.5,
            "time period 13": 195.0,
            "time period 14": 195.0,
            "time period 15": 195.0,
            "time period 16": 322.5,
            "time period 17": 322.5,
            "time period 18": 322.5,
            "time period 19": 322.5,
            "time period 20": 450.0,
            "time period 21": 273.5294117647058,
            "time period 22": 97.05882352941168,
            "time period 23": 224.55882352941168,
            "time period 24": 224.55882352941168,
            "time period 25": 224.55882352941168,
            "time period 26": 48.08823529411757,
            "time period 27": 0.0,
            "time period 28": 0.0,
            "time period 29": 127.5,
            "time period 30": 255.0,
            "time period 31": 322.5,
            "time period 32": 450.0,
            "time period 33": 450.0,
            "time period 34": 450.0,
            "time period 35": 273.5294117647058,
            "time period 36": 97.05882352941168,
            "time period 37": 19.41176470588232,
            "time period 38": 146.91176470588232,
            "time period 39": 146.91176470588232,
            "time period 40": 146.91176470588232,
            "time period 41": 146.91176470588232,
            "time period 42": 0.0,
            "time period 43": 127.5,
            "time period 44": 255.0,
            "time period 45": 78.52941176470588,
            "time period 46": 78.52941176470588,
            "time period 47": 0.0,
            "time period 48": 0.0
        },
        "Hourly average cost ($)": {
            "time period 1": 0.0,
            "time period 2": 0.0,
            "time period 3": 0.0,
            "time period 4": 15751.321105957031,
            "time period 5": 27991.495422363285,
            "time period 6": 25711.495422363278,
            "time period 7": 0.0,
            "time period 8": 0.0,
            "time period 9": 0.0,
            "time period 10": 0.0,
            "time period 11": 0.0,
            "time period 12": 0.0,
            "time period 13": 0.0,