{
    "Parameters": {
        "Time step (min)": 30,
        "Problem horizon (min)": 60,
        "Alpha chr parameter": 0.95,
        "Scenario number": 100
    },
    "Units": {
        "Storage unit 1": {
            "Initial energy (MWh)": 0.0,
            "Minimum energy (MWh)": 0,
            "Maximum energy (MWh)": 450.0,
            "Minimum final energy (MWh)": 0,
            "Maximum final energy (MWh)": 450.0,
            "Minimum discharging power (MW)": 0,
            "Maximum discharging power (MW)": 300,
            "Minimum charging power (MW)": 0,
            "Maximum charging power (MW)": 300,
            "Efficiency": 0.85
        }
    },
    "CVaR chr constraint parameter": 0.2,
    "CVaR dis constraint parameter": 0.0,
    "Prices": {
        "s1": {
            "Price ($/MWh)": [
                326.7699694824219,
                244.35778045654297
            ],
            "Probability": 0.01
        },
        "s2": {
            "Price ($/MWh)": [
                277.6,
                188.26222045898436
            ],
            "Probability": 0.01
        },
        "s3": {
            "Price ($/MWh)": [
                345.23,
                262.8824472045898
            ],
            "Probability": 0.01
        },
        "s4": {
            "Price ($/MWh)": [
                300.1399923706055,
                227.11999237060547
            ],
            "Probability": 0.01
        },
        "s5": {
            "Price ($/MWh)": [
                316.09000000000003,
                243.07
            ],
            "Probability": 0.01
        },
        "s6": {
            "Price ($/MWh)": [
                315.8338400268555,
                242.89362060546875
            ],
            "Probability": 0.01
        },
        "s7": {
            "Price ($/MWh)": [
                184.31000000000003,
                110.89092163085937
            ],
            "Probability": 0.01
        },
        "s8": {
            "Price ($/MWh)": [
                433.08650726318365,
                358.32354156494137
            ],
            "Probability": 0.01
        },
        "s9": {
            "Price ($/MWh)": [
                321.4218601989746,
                243.9828691101074
            ],
            "Probability": 0.01
        },
        "s10": {
            "Price ($/MWh)": [
                321.21996185302737,
                248.19996185302733
            ],
            "Probability": 0.01
        },
        "s11": {
            "Price ($/MWh)": [
                322.6524981689453,
                253.92534103393552
            ],
            "Probability": 0.01
        },
        "s12": {
            "Price ($/MWh)": [
                324.85903076171877,
                229.1869464111328
            ],
            "Probability": 0.01
        },
        "s13": {
            "Price ($/MWh)": [
                312.11,
                241.537151184082
            ],
            "Probability": 0.01
        },
        "s14": {
            "Price ($/MWh)": [
                322.73813003540045,
                249.48404876708983
            ],
            "Probability": 0.01
        },
        "s15": {
            "Price ($/MWh)": [
                317.65000091552736,
                244.63000091552732
            ],
            "Probability": 0.01
        },
        "s16": {
            "Price ($/MWh)": [
                321.62276000976567,
                250.0924526977539
            ],
            "Probability": 0.01
        },
        "s17": {
            "Price ($/MWh)": [
                316.3927182006836,
                252.60999999999999
            ],
            "Probability": 0.01
        },
        "s18": {
            "Price ($/MWh)": [
                332.29150695800786,
                251.5797573852539
            ],
            "Probability": 0.01
        },
        "s19": {
            "Price ($/MWh)": [
                322.2401107788086,
                263.1106213378906
            ],
            "Probability": 0.01
        },
        "s20": {
            "Price ($/MWh)": [
                325.4972369384766,
                249.37582702636718
            ],
            "Probability": 0.01
        },
        "s21": {
            "Price ($/MWh)": [
                299.3872592163086,
                231.13512725830077
            ],
            "Probability": 0.01
        },
        "s22": {
            "Price ($/MWh)": [
                317.74925109863284,
                249.86900634765624
            ],
            "Probability": 0.01
        },
        "s23": {
            "Price ($/MWh)": [
                317.33280059814456,
                241.61905975341796
            ],
            "Probability": 0.01
        },
        "s24": {
            "Price ($/MWh)": [
                331.14607040405275,
                244.77474822998045
            ],
            "Probability": 0.01
        },
        "s25": {
            "Price ($/MWh)": [
                318.63439971923833,
                249.6672866821289
            ],
            "Probability": 0.01
        },
        "s26": {
            "Price ($/MWh)": [
                320.63999908447266,
                243.32310882568356
            ],
            "Probability": 0.01
        },
        "s27": {
            "Price ($/MWh)": [
                337.9122311401367,
                271.84031311035153
            ],
            "Probability": 0.01
        },
        "s28": {
            "Price ($/MWh)": [
                200.81999991416933,
                92.84195991516111
            ],
            "Probability": 0.01
        },
        "s29": {
            "Price ($/MWh)": [
                313.2566394042969,
                240.89999999999998
            ],
            "Probability": 0.01
        },
        "s30": {
            "Price ($/MWh)": [
                205.0568090820313,
                136.18224822998047
            ],
            "Probability": 0.01
        },
        "s31": {
            "Price ($/MWh)": [
                319.7764669799805,
                248.01884185791016
            ],
            "Probability": 0.01
        },
        "s32": {
            "Price ($/MWh)": [
                332.1982867431641,
                261.8433334350586
            ],
            "Probability": 0.01
        },
        "s33": {
            "Price ($/MWh)": [
                332.21919982910157,
                250.96506896972653
            ],
            "Probability": 0.01
        },
        "s34": {
            "Price ($/MWh)": [
                328.3519515991211,
                254.20601318359374
            ],
            "Probability": 0.01
        },
        "s35": {
            "Price ($/MWh)": [
                314.05,
                241.02999999999997
            ],
            "Probability": 0.01
        },
        "s36": {
            "Price ($/MWh)": [
                316.7773614501954,
                244.73912719726562
            ],
            "Probability": 0.01
        },
        "s37": {
            "Price ($/MWh)": [
                325.94487304687505,
                252.30506103515626
            ],
            "Probability": 0.01
        },
        "s38": {
            "Price ($/MWh)": [
                322.9697900000017,
                234.79430027008056
            ],
            "Probability": 0.01
        },
        "s39": {
            "Price ($/MWh)": [
                318.3619888305664,
                246.02996185302732
            ],
            "Probability": 0.01
        },
        "s40": {
            "Price ($/MWh)": [
                332.38951828002934,
                239.41156005859375
            ],
            "Probability": 0.01
        },
        "s41": {
            "Price ($/MWh)": [
                325.20646759033207,
                251.39252990722656
            ],
            "Probability": 0.01
        },