{
  "Storage unit 1": {
    "Discharging power (MW)": {
      "time period 1": 0.0,
      "time period 2": 0.0,
      "time period 3": 0.0,
      "time period 4": 0.0,
      "time period 5": 0.0,
      "time period 6": 300.0,
      "time period 7": 300.0,
      "time period 8": 0.0
    },
    "Charging power (MW)": {
      "time period 1": 0.0,
      "time period 2": 299.99999999999994,
      "time period 3": 0.0,
      "time period 4": 300.0,
      "time period 5": 0.0,
      "time period 6": 0.0,
      "time period 7": 0.0,
      "time period 8": 0.0
    },
    "Net discharging power (MW)": {
      "time period 1": 0.0,
      "time period 2": -299.99999999999994,
      "time period 3": 0.0,
      "time period 4": -300.0,
      "time period 5": 0.0,
      "time period 6": 300.0,
      "time period 7": 300.0,
      "time period 8": 0.0
    },
    "Stored energy (MWh)": {
      "time period 1": 97.94117647058826,
      "time period 2": 225.44117647058823,
      "time period 3": 225.44117647058823,
      "time period 4": 352.94117647058823,
      "time period 5": 352.94117647058823,
      "time period 6": 176.47058823529412,
      "time period 7": 0.0,
      "time period 8": 0.0
    },
    "Final energy (MWh)": 0.0,
    "Hourly average cost ($)": {
      "time period 1": 0.0,
      "time period 2": 196883.95119346617,
      "time period 3": 0.0,
      "time period 4": 107007.09609757413,
      "time period 5": 0.0,
      "time period 6": 0.0,
      "time period 7": 0.0,
      "time period 8": 0.0
    },
    "Hourly average revenue ($)": {
      "time period 1": 0.0,
      "time period 2": 0.0,
      "time period 3": 0.0,
      "time period 4": 0.0,
      "time period 5": 0.0,
      "time period 6": 1.0879713705812546e6,
      "time period 7": 320038.90189229004,
      "time period 8": 0.0
    },
    "Total average cost ($)": 303891.0472910403,
    "Total average revenue ($)": 1.4080102724735446e6,
    "Total average profit ($)": 1.1041192251825044e6
  }
}
