{
  "Storage unit 1": {
    "Discharging power (MW)": {
      "time period 1": 300.00000000000017,
      "time period 2": 0.0,
      "time period 3": 0.0,
      "time period 4": 0.0,
      "time period 5": 0.0,
      "time period 6": 216.75,
      "time period 7": 0.0,
      "time period 8": 0.0,
      "time period 9": 298.50000000000006,
      "time period 10": 300.0,
      "time period 11": 0.0,
      "time period 12": 0.0,
      "time period 13": 0.0,
      "time period 14": 300.0,
      "time period 15": 300.0,
      "time period 16": 0.0,
      "time period 17": 0.0,
      "time period 18": 0.0,
      "time period 19": 0.0,
      "time period 20": 0.0,
      "time period 21": 0.0,
      "time period 22": 0.0,
      "time period 23": 300.0,
      "time period 24": 300.0,
      "time period 25": 164.99999999999994,
      "time period 26": 0.0,
      "time period 27": 0.0,
      "time period 28": 0.0,
      "time period 29": 0.0,
      "time period 30": 300.0,
      "time period 31": 0.0,
      "time period 32": 0.0,
      "time period 33": 300.0,
      "time period 34": 0.0,
      "time period 35": 266.99999999999994,
      "time period 36": 0.0
    },
    "Charging power (MW)": {
      "time period 1": 0.0,
      "time period 2": 0.0,
      "time period 3": 0.0,
      "time period 4": 300.0,
      "time period 5": 115.22491349480988,
      "time period 6": 0.0,
      "time period 7": 0.0,
      "time period 8": 300.0,
      "time period 9": 0.0,
      "time period 10": 0.0,
      "time period 11": 300.0,
      "time period 12": 300.0,
      "time period 13": 0.0,
      "time period 14": 0.0,
      "time period 15": 0.0,
      "time period 16": 0.0,
      "time period 17": 300.0,
      "time period 18": 300.0,
      "time period 19": 300.0,
      "time period 20": 158.8235294117647,
      "time period 21": 0.0,
      "time period 22": 0.0,
      "time period 23": 0.0,
      "time period 24": 0.0,
      "time period 25": 0.0,
      "time period 26": 300.0,
      "time period 27": 300.0,
      "time period 28": 0.0,
      "time period 29": 0.0,
      "time period 30": 0.0,
      "time period 31": 300.0,
      "time period 32": 300.0,
      "time period 33": 0.0,
      "time period 34": 0.0,
      "time period 35": 0.0,
      "time period 36": 0.0
    },
    "Net discharging power (MW)": {
      "time period 1": 300.00000000000017,
      "time period 2": 0.0,
      "time period 3": 0.0,
      "time period 4": -300.0,
      "time period 5": -115.22491349480988,
      "time period 6": 216.75,
      "time period 7": 0.0,
      "time period 8": -300.0,
      "time period 9": 298.50000000000006,
      "time period 10": 300.0,
      "time period 11": -300.0,
      "time period 12": -300.0,
      "time period 13": 0.0,
      "time period 14": 300.0,
      "time period 15": 300.0,
      "time period 16": 0.0,
      "time period 17": -300.0,
      "time period 18": -300.0,
      "time period 19": -300.0,
      "time period 20": -158.8235294117647,
      "time period 21": 0.0,
      "time period 22": 0.0,
      "time period 23": 300.0,
      "time period 24": 300.0,
      "time period 25": 164.99999999999994,
      "time period 26": -300.0,
      "time period 27": -300.0,
      "time period 28": 0.0,
      "time period 29": 0.0,
      "time period 30": 300.0,
      "time period 31": -300.0,
      "time period 32": -300.0,
      "time period 33": 300.0,
      "time period 34": 0.0,
      "time period 35": 266.99999999999994,
      "time period 36": 0.0
    },
    "Stored energy (MWh)": {
      "time period 1": 273.5294117647058,
      "time period 2": 273.5294117647058,
      "time period 3": 273.5294117647058,
      "time period 4": 401.0294117647058,
      "time period 5": 450.0,
      "time period 6": 322.5,
      "time period 7": 322.5,
      "time period 8": 450.0,
      "time period 9": 274.4117647058823,
      "time period 10": 97.94117647058823,
      "time period 11": 225.44117647058823,
      "time period 12": 352.94117647058823,
      "time period 13": 352.94117647058823,
      "time period 14": 176.47058823529412,
      "time period 15": 0.0,
      "time period 16": 0.0,
      "time period 17": 127.5,
      "time period 18": 255.0,
      "time period 19": 382.5,
      "time period 20": 450.0,
      "time period 21": 450.0,
      "time period 22": 450.0,
      "time period 23": 273.52941176470586,
      "time period 24": 97.05882352941174,
      "time period 25": 0.0,
      "time period 26": 127.5,
      "time period 27": 255.0,
      "time period 28": 255.0,
      "time period 29": 255.0,
      "time period 30": 78.52941176470588,
      "time period 31": 206.02941176470588,
      "time period 32": 333.52941176470586,
      "time period 33": 157.05882352941174,
      "time period 34": 157.05882352941174,
      "time period 35": 0.0,
      "time period 36": 0.0
    },
    "Final energy (MWh)": 0.0,
    "Hourly average cost ($)": {
      "time period 1": 0.0,
      "time period 2": 0.0,
      "time period 3": 0.0,
      "time period 4": 30159.09609757415,
      "time period 5": 18332.73126989404,
      "time period 6": 0.0,
      "time period 7": 0.0,
      "time period 8": 40519.376692428596,
      "time period 9": 0.0,
      "time period 10": 0.0,
      "time period 11": 40397.69055460145,
      "time period 12": 50159.119473085324,
      "time period 13": 0.0,
      "time period 14": 0.0,
      "time period 15": 0.0,
      "time period 16": 0.0,
      "time period 17": 36465.36488021852,
      "time period 18": 40729.96929611207,
      "time period 19": 44933.34347213746,
      "time period 20": 24304.640405192647,
      "time period 21": 0.0,
      "time period 22": 0.0,
      "time period 23": 0.0,
      "time period 24": 0.0,
      "time period 25": 0.0,
      "time period 26": 47612.12775672912,
      "time period 27": 54610.98440803526,
      "time period 28": 0.0,
      "time period 29": 0.0,
      "time period 30": 0.0,
      "time period 31": 41702.12558163643,
      "time period 32": 45043.9278563404,
      "time period 33": 0.0,
      "time period 34": 0.0,
      "time period 35": 0.0,
      "time period 36": 0.0
    },
    "Hourly average revenue ($)": {
      "time period 1": 73342.41692284311,
      "time period 2": 0.0,
      "time period 3": 0.0,
      "time period 4": 0.0,
      "time period 5": 0.0,
      "time period 6": 52445.097744956634,
      "time period 7": 0.0,
      "time period 8": 0.0,
      "time period 9": 78698.9171802992,
      "time period 10": 85310.8753124332,
      "time period 11": 0.0,
      "time period 12": 0.0,
      "time period 13": 0.0,
      "time period 14": 84216.82401145934,
      "time period 15": 84931.59510292055,
      "time period 16": 0.0,
      "time period 17": 0.0,
      "time period 18": 0.0,
      "time period 19": 0.0,
      "time period 20": 0.0,
      "time period 21": 0.0,
      "time period 22": 0.0,
      "time period 23": 89981.26774085996,
      "time period 24": 99370.29558242802,
      "time period 25": 46799.81879992675,
      "time period 26": 0.0,
      "time period 27": 0.0,
      "time period 28": 0.0,
      "time period 29": 0.0,
      "time period 30": 91372.87327374457,
      "time period 31": 0.0,
      "time period 32": 0.0,
      "time period 33": 86743.89264930724,
      "time period 34": 0.0,
      "time period 35": 72069.54313717087,
      "time period 36": 0.0
    },
    "Total average cost ($)": 514970.4977439855,
    "Total average revenue ($)": 945283.4174583495,
    "Total average profit ($)": 430312.919714364
  }
}
