{
  "Storage unit 1": {
    "Discharging power (MW)": {
      "time period 1": 0.0,
      "time period 2": 0.0,
      "time period 3": 300.0,
      "time period 4": 0.0,
      "time period 5": 0.0,
      "time period 6": 300.0,
      "time period 7": 0.0,
      "time period 8": 34.999999999999865,
      "time period 9": 0.0
    },
    "Charging power (MW)": {
      "time period 1": 0.0,
      "time period 2": 0.0,
      "time period 3": 0.0,
      "time period 4": 0.0,
      "time period 5": 0.0,
      "time period 6": 0.0,
      "time period 7": 0.0,
      "time period 8": 0.0,
      "time period 9": 0.0
    },
    "Net discharging power (MW)": {
      "time period 1": 0.0,
      "time period 2": 0.0,
      "time period 3": 300.0,
      "time period 4": 0.0,
      "time period 5": 0.0,
      "time period 6": 300.0,
      "time period 7": 0.0,
      "time period 8": 34.999999999999865,
      "time period 9": 0.0
    },
    "Stored energy (MWh)": {
      "time period 1": 373.5294117647058,
      "time period 2": 373.5294117647058,
      "time period 3": 197.05882352941168,
      "time period 4": 197.05882352941168,
      "time period 5": 197.05882352941168,
      "time period 6": 20.588235294117567,
      "time period 7": 20.588235294117567,
      "time period 8": 0.0,
      "time period 9": 0.0
    },
    "Final energy (MWh)": 0.0,
    "Hourly average cost ($)": {
      "time period 1": 0.0,
      "time period 2": 0.0,
      "time period 3": 0.0,
      "time period 4": 0.0,
      "time period 5": 0.0,
      "time period 6": 0.0,
      "time period 7": 0.0,
      "time period 8": 0.0,
      "time period 9": 0.0
    },
    "Hourly average revenue ($)": {
      "time period 1": 0.0,
      "time period 2": 0.0,
      "time period 3": 85285.58093297142,
      "time period 4": 0.0,
      "time period 5": 0.0,
      "time period 6": 84096.37058125489,
      "time period 7": 0.0,
      "time period 8": 9495.660614116634,
      "time period 9": 0.0
    },
    "Total average cost ($)": 0.0,
    "Total average revenue ($)": 178877.61212834297,
    "Total average profit ($)": 178877.61212834297
  }
}
