{
  "Storage unit 1": {
    "Discharging power (MW)": {
      "time period 1": 300.0,
      "time period 2": 0.0,
      "time period 3": 0.0,
      "time period 4": 204.99999999999972,
      "time period 5": 0.0,
      "time period 6": 300.0,
      "time period 7": 0.0
    },
    "Charging power (MW)": {
      "time period 1": 0.0,
      "time period 2": 0.0,
      "time period 3": 0.0,
      "time period 4": 0.0,
      "time period 5": 0.0,
      "time period 6": 0.0,
      "time period 7": 0.0
    },
    "Net discharging power (MW)": {
      "time period 1": 300.0,
      "time period 2": 0.0,
      "time period 3": 0.0,
      "time period 4": 204.99999999999972,
      "time period 5": 0.0,
      "time period 6": 300.0,
      "time period 7": 0.0
    },
    "Stored energy (MWh)": {
      "time period 1": 297.0588235294116,
      "time period 2": 297.0588235294116,
      "time period 3": 297.0588235294116,
      "time period 4": 176.47058823529412,
      "time period 5": 176.47058823529412,
      "time period 6": 0.0,
      "time period 7": 0.0
    },
    "Final energy (MWh)": 0.0,
    "Hourly average cost ($)": {
      "time period 1": 0.0,
      "time period 2": 0.0,
      "time period 3": 0.0,
      "time period 4": 0.0,
      "time period 5": 0.0,
      "time period 6": 0.0,
      "time period 7": 0.0
    },
    "Hourly average revenue ($)": {
      "time period 1": 85279.41692284307,
      "time period 2": 0.0,
      "time period 3": 0.0,
      "time period 4": 55214.765666675616,
      "time period 5": 0.0,
      "time period 6": 81315.37058125486,
      "time period 7": 0.0
    },
    "Total average cost ($)": 0.0,
    "Total average revenue ($)": 221809.55317077355,
    "Total average profit ($)": 221809.55317077355
  }
}
