{
  "Storage unit 1": {
    "Discharging power (MW)": {
      "time period 1": 0.0,
      "time period 2": 0.0,
      "time period 3": 299.9999999999999,
      "time period 4": 300.0,
      "time period 5": 0.0,
      "time period 6": 0.0,
      "time period 7": 0.0,
      "time period 8": 0.0,
      "time period 9": 0.0,
      "time period 10": 0.0,
      "time period 11": 0.0,
      "time period 12": 300.0,
      "time period 13": 300.0,
      "time period 14": 80.0,
      "time period 15": 0.0,
      "time period 16": 0.0,
      "time period 17": 0.0,
      "time period 18": 0.0,
      "time period 19": 300.0,
      "time period 20": 0.0,
      "time period 21": 0.0,
      "time period 22": 300.0,
      "time period 23": 0.0,
      "time period 24": 300.0,
      "time period 25": 0.0
    },
    "Charging power (MW)": {
      "time period 1": 299.99999999999994,
      "time period 2": 0.0,
      "time period 3": 0.0,
      "time period 4": 0.0,
      "time period 5": 0.0,
      "time period 6": 300.0,
      "time period 7": 300.0,
      "time period 8": 300.0,
      "time period 9": 41.1764705882353,
      "time period 10": 0.0,
      "time period 11": 0.0,
      "time period 12": 0.0,
      "time period 13": 0.0,
      "time period 14": 0.0,
      "time period 15": 300.0,
      "time period 16": 300.0,
      "time period 17": 45.67474048442899,
      "time period 18": 0.0,
      "time period 19": 0.0,
      "time period 20": 300.0,
      "time period 21": 300.0,
      "time period 22": 0.0,
      "time period 23": 0.0,
      "time period 24": 0.0,
      "time period 25": 0.0
    },
    "Net discharging power (MW)": {
      "time period 1": -299.99999999999994,
      "time period 2": 0.0,
      "time period 3": 299.9999999999999,
      "time period 4": 300.0,
      "time period 5": 0.0,
      "time period 6": -300.0,
      "time period 7": -300.0,
      "time period 8": -300.0,
      "time period 9": -41.1764705882353,
      "time period 10": 0.0,
      "time period 11": 0.0,
      "time period 12": 300.0,
      "time period 13": 300.0,
      "time period 14": 80.0,
      "time period 15": -300.0,
      "time period 16": -300.0,
      "time period 17": -45.67474048442899,
      "time period 18": 0.0,
      "time period 19": 300.0,
      "time period 20": -300.0,
      "time period 21": -300.0,
      "time period 22": 300.0,
      "time period 23": 0.0,
      "time period 24": 300.0,
      "time period 25": 0.0
    },
    "Stored energy (MWh)": {
      "time period 1": 352.9411764705882,
      "time period 2": 352.9411764705882,
      "time period 3": 176.47058823529412,
      "time period 4": 0.0,
      "time period 5": 0.0,
      "time period 6": 127.5,
      "time period 7": 255.0,
      "time period 8": 382.5,
      "time period 9": 400.0,
      "time period 10": 400.0,
      "time period 11": 400.0,
      "time period 12": 223.52941176470588,
      "time period 13": 47.05882352941177,
      "time period 14": 0.0,
      "time period 15": 127.5,
      "time period 16": 255.0,
      "time period 17": 274.4117647058823,
      "time period 18": 274.4117647058823,
      "time period 19": 97.94117647058823,
      "time period 20": 225.44117647058823,
      "time period 21": 352.94117647058823,
      "time period 22": 176.47058823529412,
      "time period 23": 176.47058823529412,
      "time period 24": 0.0,
      "time period 25": 0.0
    },
    "Final energy (MWh)": 0.0,
    "Hourly average cost ($)": {
      "time period 1": 41365.416922843084,
      "time period 2": 0.0,
      "time period 3": 0.0,
      "time period 4": 0.0,
      "time period 5": 0.0,
      "time period 6": 32943.37058125487,
      "time period 7": 35794.901892290036,
      "time period 8": 40582.37669242858,
      "time period 9": 6096.916154539246,
      "time period 10": 0.0,
      "time period 11": 0.0,
      "time period 12": 0.0,
      "time period 13": 0.0,
      "time period 14": 0.0,
      "time period 15": 48511.59510292054,
      "time period 16": 52625.24246086119,
      "time period 17": 9098.463857195879,
      "time period 18": 0.0,
      "time period 19": 0.0,
      "time period 20": 41609.76520980835,
      "time period 21": 42689.10957778933,
      "time period 22": 0.0,
      "time period 23": 0.0,
      "time period 24": 0.0,
      "time period 25": 0.0
    },
    "Hourly average revenue ($)": {
      "time period 1": 0.0,
      "time period 2": 0.0,
      "time period 3": 75880.58093297135,
      "time period 4": 76959.09609757415,
      "time period 5": 0.0,
      "time period 6": 0.0,
      "time period 7": 0.0,
      "time period 8": 0.0,
      "time period 9": 0.0,
      "time period 10": 0.0,
      "time period 11": 0.0,
      "time period 12": 91958.11947308532,
      "time period 13": 102815.36993087768,
      "time period 14": 23059.419736389158,
      "time period 15": 0.0,
      "time period 16": 0.0,
      "time period 17": 0.0,
      "time period 18": 0.0,
      "time period 19": 92867.34347213744,
      "time period 20": 0.0,
      "time period 21": 0.0,
      "time period 22": 87442.0173479462,
      "time period 23": 0.0,
      "time period 24": 85495.29558242798,
      "time period 25": 0.0
    },
    "Total average cost ($)": 351317.1584519311,
    "Total average revenue ($)": 636477.2425734093,
    "Total average profit ($)": 285160.08412147826
  }
}
