{
  "Storage unit 1": {
    "Discharging power (MW)": {
      "time period 1": 0.0,
      "time period 2": 0.0,
      "time period 3": 300.0,
      "time period 4": 300.0,
      "time period 5": 80.0,
      "time period 6": 0.0,
      "time period 7": 0.0,
      "time period 8": 0.0,
      "time period 9": 0.0,
      "time period 10": 300.0,
      "time period 11": 0.0,
      "time period 12": 0.0,
      "time period 13": 300.0,
      "time period 14": 80.0,
      "time period 15": 300.0,
      "time period 16": 0.0
    },
    "Charging power (MW)": {
      "time period 1": 0.0,
      "time period 2": 0.0,
      "time period 3": 0.0,
      "time period 4": 0.0,
      "time period 5": 0.0,
      "time period 6": 300.0,
      "time period 7": 300.0,
      "time period 8": 156.40138408304506,
      "time period 9": 0.0,
      "time period 10": 0.0,
      "time period 11": 300.0,
      "time period 12": 300.0,
      "time period 13": 0.0,
      "time period 14": 0.0,
      "time period 15": 0.0,
      "time period 16": 0.0
    },
    "Net discharging power (MW)": {
      "time period 1": 0.0,
      "time period 2": 0.0,
      "time period 3": 300.0,
      "time period 4": 300.0,
      "time period 5": 80.0,
      "time period 6": -300.0,
      "time period 7": -300.0,
      "time period 8": -156.40138408304506,
      "time period 9": 0.0,
      "time period 10": 300.0,
      "time period 11": -300.0,
      "time period 12": -300.0,
      "time period 13": 300.0,
      "time period 14": 80.0,
      "time period 15": 300.0,
      "time period 16": 0.0
    },
    "Stored energy (MWh)": {
      "time period 1": 400.0,
      "time period 2": 400.0,
      "time period 3": 223.52941176470588,
      "time period 4": 47.05882352941177,
      "time period 5": 0.0,
      "time period 6": 127.5,
      "time period 7": 255.0,
      "time period 8": 321.47058823529414,
      "time period 9": 321.47058823529414,
      "time period 10": 145.0,
      "time period 11": 272.5,
      "time period 12": 400.0,
      "time period 13": 223.52941176470588,
      "time period 14": 176.47058823529412,
      "time period 15": 0.0,
      "time period 16": 0.0
    },
    "Final energy (MWh)": 0.0,
    "Hourly average cost ($)": {
      "time period 1": 0.0,
      "time period 2": 0.0,
      "time period 3": 0.0,
      "time period 4": 0.0,
      "time period 5": 0.0,
      "time period 6": 43833.3705812549,
      "time period 7": 48010.901892290014,
      "time period 8": 29358.821528232682,
      "time period 9": 0.0,
      "time period 10": 0.0,
      "time period 11": 44582.690554601446,
      "time period 12": 44618.11947308534,
      "time period 13": 0.0,
      "time period 14": 0.0,
      "time period 15": 0.0,
      "time period 16": 0.0
    },
    "Hourly average revenue ($)": {
      "time period 1": 0.0,
      "time period 2": 0.0,
      "time period 3": 83170.5809329714,
      "time period 4": 91896.09609757416,
      "time period 5": 20821.110719518005,
      "time period 6": 0.0,
      "time period 7": 0.0,
      "time period 8": 0.0,
      "time period 9": 0.0,
      "time period 10": 93242.87531243317,
      "time period 11": 0.0,
      "time period 12": 0.0,
      "time period 13": 91721.36993087767,
      "time period 14": 21465.819736389163,
      "time period 15": 85993.59510292052,
      "time period 16": 0.0
    },
    "Total average cost ($)": 210403.90402946438,
    "Total average revenue ($)": 488311.44783268403,
    "Total average profit ($)": 277907.5438032197
  }
}
