{
  "Storage unit 1": {
    "Discharging power (MW)": {
      "time period 1": 0.0,
      "time period 2": 300.0,
      "time period 3": 300.0,
      "time period 4": 80.0,
      "time period 5": 0.0,
      "time period 6": 0.0,
      "time period 7": 0.0,
      "time period 8": 0.0,
      "time period 9": 300.0,
      "time period 10": 0.0,
      "time period 11": 0.0,
      "time period 12": 300.0,
      "time period 13": 80.0,
      "time period 14": 300.0,
      "time period 15": 0.0
    },
    "Charging power (MW)": {
      "time period 1": 0.0,
      "time period 2": 0.0,
      "time period 3": 0.0,
      "time period 4": 0.0,
      "time period 5": 300.0,
      "time period 6": 300.0,
      "time period 7": 156.40138408304506,
      "time period 8": 0.0,
      "time period 9": 0.0,
      "time period 10": 300.0,
      "time period 11": 300.0,
      "time period 12": 0.0,
      "time period 13": 0.0,
      "time period 14": 0.0,
      "time period 15": 0.0
    },
    "Net discharging power (MW)": {
      "time period 1": 0.0,
      "time period 2": 300.0,
      "time period 3": 300.0,
      "time period 4": 80.0,
      "time period 5": -300.0,
      "time period 6": -300.0,
      "time period 7": -156.40138408304506,
      "time period 8": 0.0,
      "time period 9": 300.0,
      "time period 10": -300.0,
      "time period 11": -300.0,
      "time period 12": 300.0,
      "time period 13": 80.0,
      "time period 14": 300.0,
      "time period 15": 0.0
    },
    "Stored energy (MWh)": {
      "time period 1": 400.0,
      "time period 2": 223.52941176470588,
      "time period 3": 47.05882352941177,
      "time period 4": 0.0,
      "time period 5": 127.5,
      "time period 6": 255.0,
      "time period 7": 321.47058823529414,
      "time period 8": 321.47058823529414,
      "time period 9": 145.0,
      "time period 10": 272.5,
      "time period 11": 400.0,
      "time period 12": 223.52941176470588,
      "time period 13": 176.47058823529412,
      "time period 14": 0.0,
      "time period 15": 0.0
    },
    "Final energy (MWh)": 0.0,
    "Hourly average cost ($)": {
      "time period 1": 0.0,
      "time period 2": 0.0,
      "time period 3": 0.0,
      "time period 4": 0.0,
      "time period 5": 40621.16519819251,
      "time period 6": 48516.370581254865,
      "time period 7": 29055.676649729085,
      "time period 8": 0.0,
      "time period 9": 0.0,
      "time period 10": 43406.87531243316,
      "time period 11": 44963.690554601446,
      "time period 12": 0.0,
      "time period 13": 0.0,
      "time period 14": 0.0,
      "time period 15": 0.0
    },
    "Hourly average revenue ($)": {
      "time period 1": 0.0,
      "time period 2": 82550.95119346617,
      "time period 3": 92035.58093297142,
      "time period 4": 20799.22562601978,
      "time period 5": 0.0,
      "time period 6": 0.0,
      "time period 7": 0.0,
      "time period 8": 0.0,
      "time period 9": 89957.38912592878,
      "time period 10": 0.0,
      "time period 11": 0.0,
      "time period 12": 89729.11947308529,
      "time period 13": 22117.431981567373,
      "time period 14": 86496.82401145941,
      "time period 15": 0.0
    },
    "Total average cost ($)": 206563.7782962111,
    "Total average revenue ($)": 483686.5223444982,
    "Total average profit ($)": 277122.7440482871
  }
}
