{
  "Storage unit 1": {
    "Discharging power (MW)": {
      "time period 1": 0.0,
      "time period 2": 300.0,
      "time period 3": 80.0,
      "time period 4": 300.0,
      "time period 5": 0.0
    },
    "Charging power (MW)": {
      "time period 1": 300.0,
      "time period 2": 0.0,
      "time period 3": 0.0,
      "time period 4": 0.0,
      "time period 5": 0.0
    },
    "Net discharging power (MW)": {
      "time period 1": -300.0,
      "time period 2": 300.0,
      "time period 3": 80.0,
      "time period 4": 300.0,
      "time period 5": 0.0
    },
    "Stored energy (MWh)": {
      "time period 1": 400.0,
      "time period 2": 223.52941176470588,
      "time period 3": 176.47058823529412,
      "time period 4": 0.0,
      "time period 5": 0.0
    },
    "Final energy (MWh)": 0.0,
    "Hourly average cost ($)": {
      "time period 1": 35824.41692284309,
      "time period 2": 0.0,
      "time period 3": 0.0,
      "time period 4": 0.0,
      "time period 5": 0.0
    },
    "Hourly average revenue ($)": {
      "time period 1": 0.0,
      "time period 2": 80321.95119346619,
      "time period 3": 19242.82158212571,
      "time period 4": 78021.09609757416,
      "time period 5": 0.0
    },
    "Total average cost ($)": 35824.41692284309,
    "Total average revenue ($)": 177585.86887316607,
    "Total average profit ($)": 141761.45195032298
  }
}
