{
  "Storage unit 1": {
    "Discharging power (MW)": {
      "time period 1": 0.0,
      "time period 2": 133.49999999999986,
      "time period 3": 0.0,
      "time period 4": 0.0,
      "time period 5": 0.0,
      "time period 6": 300.0,
      "time period 7": 0.0,
      "time period 8": 0.0,
      "time period 9": 0.0,
      "time period 10": 133.49999999999994,
      "time period 11": 300.0,
      "time period 12": 0.0,
      "time period 13": 0.0,
      "time period 14": 0.0,
      "time period 15": 0.0,
      "time period 16": 0.0,
      "time period 17": 0.0,
      "time period 18": 0.0,
      "time period 19": 300.0,
      "time period 20": 300.0,
      "time period 21": 0.0,
      "time period 22": 0.0,
      "time period 23": 0.0,
      "time period 24": 0.0,
      "time period 25": 0.0,
      "time period 26": 300.0,
      "time period 27": 0.0,
      "time period 28": 0.0,
      "time period 29": 300.0,
      "time period 30": 0.0,
      "time period 31": 0.0,
      "time period 32": 0.0
    },
    "Charging power (MW)": {
      "time period 1": 0.0,
      "time period 2": 0.0,
      "time period 3": 0.0,
      "time period 4": 300.0,
      "time period 5": 0.0,
      "time period 6": 0.0,
      "time period 7": 300.0,
      "time period 8": 115.22491349480975,
      "time period 9": 0.0,
      "time period 10": 0.0,
      "time period 11": 0.0,
      "time period 12": 0.0,
      "time period 13": 300.0,
      "time period 14": 300.0,
      "time period 15": 0.0,
      "time period 16": 0.0,
      "time period 17": 0.0,
      "time period 18": 0.0,
      "time period 19": 0.0,
      "time period 20": 0.0,
      "time period 21": 0.0,
      "time period 22": 186.85121107266443,
      "time period 23": 0.0,
      "time period 24": 0.0,
      "time period 25": 0.0,
      "time period 26": 0.0,
      "time period 27": 115.22491349480968,
      "time period 28": 300.0,
      "time period 29": 0.0,
      "time period 30": 0.0,
      "time period 31": 0.0,
      "time period 32": 0.0
    },
    "Net discharging power (MW)": {
      "time period 1": 0.0,
      "time period 2": 133.49999999999986,
      "time period 3": 0.0,
      "time period 4": -300.0,
      "time period 5": 0.0,
      "time period 6": 300.0,
      "time period 7": -300.0,
      "time period 8": -115.22491349480975,
      "time period 9": 0.0,
      "time period 10": 133.49999999999994,
      "time period 11": 300.0,
      "time period 12": 0.0,
      "time period 13": -300.0,
      "time period 14": -300.0,
      "time period 15": 0.0,
      "time period 16": 0.0,
      "time period 17": 0.0,
      "time period 18": 0.0,
      "time period 19": 300.0,
      "time period 20": 300.0,
      "time period 21": 0.0,
      "time period 22": -186.85121107266443,
      "time period 23": 0.0,
      "time period 24": 0.0,
      "time period 25": 0.0,
      "time period 26": 300.0,
      "time period 27": -115.22491349480968,
      "time period 28": -300.0,
      "time period 29": 300.0,
      "time period 30": 0.0,
      "time period 31": 0.0,
      "time period 32": 0.0
    },
    "Stored energy (MWh)": {
      "time period 1": 401.0294117647058,
      "time period 2": 322.5,
      "time period 3": 322.5,
      "time period 4": 450.0,
      "time period 5": 450.0,
      "time period 6": 273.52941176470586,
      "time period 7": 401.02941176470586,
      "time period 8": 450.0,
      "time period 9": 450.0,
      "time period 10": 371.47058823529414,
      "time period 11": 195.0,
      "time period 12": 195.0,
      "time period 13": 322.5,
      "time period 14": 450.0,
      "time period 15": 450.0,
      "time period 16": 450.0,
      "time period 17": 450.0,
      "time period 18": 450.0,
      "time period 19": 273.52941176470586,
      "time period 20": 97.05882352941174,
      "time period 21": 97.05882352941174,
      "time period 22": 176.47058823529412,
      "time period 23": 176.47058823529412,
      "time period 24": 176.47058823529412,
      "time period 25": 176.47058823529412,
      "time period 26": 0.0,
      "time period 27": 48.970588235294116,
      "time period 28": 176.47058823529412,
      "time period 29": 0.0,
      "time period 30": 0.0,
      "time period 31": 0.0,
      "time period 32": 0.0
    },
    "Final energy (MWh)": 0.0,
    "Hourly average cost ($)": {
      "time period 1": 0.0,
      "time period 2": 0.0,
      "time period 3": 0.0,
      "time period 4": 37149.09609757415,
      "time period 5": 0.0,
      "time period 6": 0.0,
      "time period 7": 33913.90189229002,
      "time period 8": 17131.016653493338,
      "time period 9": 0.0,
      "time period 10": 0.0,
      "time period 11": 0.0,
      "time period 12": 0.0,
      "time period 13": 40568.3699308777,
      "time period 14": 41481.82401145936,
      "time period 15": 0.0,
      "time period 16": 0.0,
      "time period 17": 0.0,
      "time period 18": 0.0,
      "time period 19": 0.0,
      "time period 20": 0.0,
      "time period 21": 0.0,
      "time period 22": 29384.85509560664,
      "time period 23": 0.0,
      "time period 24": 0.0,
      "time period 25": 0.0,
      "time period 26": 0.0,
      "time period 27": 17168.122039072372,
      "time period 28": 42312.13122619627,
      "time period 29": 0.0,
      "time period 30": 0.0,
      "time period 31": 0.0,
      "time period 32": 0.0
    },
    "Hourly average revenue ($)": {
      "time period 1": 0.0,
      "time period 2": 30622.208281092422,
      "time period 3": 0.0,
      "time period 4": 0.0,
      "time period 5": 0.0,
      "time period 6": 80508.37058125486,
      "time period 7": 0.0,
      "time period 8": 0.0,
      "time period 9": 0.0,
      "time period 10": 37307.85451403274,
      "time period 11": 86231.69055460142,
      "time period 12": 0.0,
      "time period 13": 0.0,
      "time period 14": 0.0,
      "time period 15": 0.0,
      "time period 16": 0.0,
      "time period 17": 0.0,
      "time period 18": 0.0,
      "time period 19": 90752.34347213744,
      "time period 20": 98195.76520980836,
      "time period 21": 0.0,
      "time period 22": 0.0,
      "time period 23": 0.0,
      "time period 24": 0.0,
      "time period 25": 0.0,
      "time period 26": 92219.12775672914,
      "time period 27": 0.0,
      "time period 28": 0.0,
      "time period 29": 89977.04904164317,
      "time period 30": 0.0,
      "time period 31": 0.0,
      "time period 32": 0.0
    },
    "Total average cost ($)": 259109.31694656986,
    "Total average revenue ($)": 605814.4094112995,
    "Total average profit ($)": 346705.0924647297
  }
}
