{
  "Storage unit 1": {
    "Discharging power (MW)": {
      "time period 1": 165.0,
      "time period 2": 0.0,
      "time period 3": 0.0,
      "time period 4": 0.0,
      "time period 5": 300.0,
      "time period 6": 0.0,
      "time period 7": 300.0,
      "time period 8": 0.0,
      "time period 9": 0.0,
      "time period 10": 0.0,
      "time period 11": 0.0,
      "time period 12": 0.0,
      "time period 13": 0.0,
      "time period 14": 300.0,
      "time period 15": 0.0,
      "time period 16": 0.0
    },
    "Charging power (MW)": {
      "time period 1": 0.0,
      "time period 2": 0.0,
      "time period 3": 0.0,
      "time period 4": 0.0,
      "time period 5": 0.0,
      "time period 6": 0.0,
      "time period 7": 0.0,
      "time period 8": 0.0,
      "time period 9": 300.0,
      "time period 10": 115.22491349480968,
      "time period 11": 0.0,
      "time period 12": 0.0,
      "time period 13": 0.0,
      "time period 14": 0.0,
      "time period 15": 0.0,
      "time period 16": 0.0
    },
    "Net discharging power (MW)": {
      "time period 1": 165.0,
      "time period 2": 0.0,
      "time period 3": 0.0,
      "time period 4": 0.0,
      "time period 5": 300.0,
      "time period 6": 0.0,
      "time period 7": 300.0,
      "time period 8": 0.0,
      "time period 9": -300.0,
      "time period 10": -115.22491349480968,
      "time period 11": 0.0,
      "time period 12": 0.0,
      "time period 13": 0.0,
      "time period 14": 300.0,
      "time period 15": 0.0,
      "time period 16": 0.0
    },
    "Stored energy (MWh)": {
      "time period 1": 352.94117647058823,
      "time period 2": 352.94117647058823,
      "time period 3": 352.94117647058823,
      "time period 4": 352.94117647058823,
      "time period 5": 176.47058823529412,
      "time period 6": 176.47058823529412,
      "time period 7": 0.0,
      "time period 8": 0.0,
      "time period 9": 127.5,
      "time period 10": 176.47058823529412,
      "time period 11": 176.47058823529412,
      "time period 12": 176.47058823529412,
      "time period 13": 176.47058823529412,
      "time period 14": 0.0,
      "time period 15": 0.0,
      "time period 16": 0.0
    },
    "Final energy (MWh)": 0.0,
    "Hourly average cost ($)": {
      "time period 1": 0.0,
      "time period 2": 0.0,
      "time period 3": 0.0,
      "time period 4": 0.0,
      "time period 5": 0.0,
      "time period 6": 0.0,
      "time period 7": 0.0,
      "time period 8": 0.0,
      "time period 9": 69782.38912592879,
      "time period 10": 28339.51958366809,
      "time period 11": 0.0,
      "time period 12": 0.0,
      "time period 13": 0.0,
      "time period 14": 0.0,
      "time period 15": 0.0,
      "time period 16": 0.0
    },
    "Hourly average revenue ($)": {
      "time period 1": 77202.62930756368,
      "time period 2": 0.0,
      "time period 3": 0.0,
      "time period 4": 0.0,
      "time period 5": 151993.1651981925,
      "time period 6": 0.0,
      "time period 7": 198916.90189229016,
      "time period 8": 0.0,
      "time period 9": 0.0,
      "time period 10": 0.0,
      "time period 11": 0.0,
      "time period 12": 0.0,
      "time period 13": 0.0,
      "time period 14": 1.0435208240114591e6,
      "time period 15": 0.0,
      "time period 16": 0.0
    },
    "Total average cost ($)": 98121.90870959689,
    "Total average revenue ($)": 1.4716335204095053e6,
    "Total average profit ($)": 1.3735116116999085e6
  }
}
