{
  "Storage unit 1": {
    "Discharging power (MW)": {
      "time period 1": 30.0,
      "time period 2": 0.0,
      "time period 3": 0.0,
      "time period 4": 0.0,
      "time period 5": 0.0,
      "time period 6": 0.0,
      "time period 7": 10.799999999999997,
      "time period 8": 0.0,
      "time period 9": 0.0,
      "time period 10": 30.0,
      "time period 11": 0.0,
      "time period 12": 0.0,
      "time period 13": 0.0
    },
    "Charging power (MW)": {
      "time period 1": 0.0,
      "time period 2": 0.0,
      "time period 3": 30.0,
      "time period 4": 11.522491349480973,
      "time period 5": 0.0,
      "time period 6": 0.0,
      "time period 7": 0.0,
      "time period 8": 0.0,
      "time period 9": 0.0,
      "time period 10": 0.0,
      "time period 11": 0.0,
      "time period 12": 0.0,
      "time period 13": 0.0
    },
    "Net discharging power (MW)": {
      "time period 1": 30.0,
      "time period 2": 0.0,
      "time period 3": -30.0,
      "time period 4": -11.522491349480973,
      "time period 5": 0.0,
      "time period 6": 0.0,
      "time period 7": 10.799999999999997,
      "time period 8": 0.0,
      "time period 9": 0.0,
      "time period 10": 30.0,
      "time period 11": 0.0,
      "time period 12": 0.0,
      "time period 13": 0.0
    },
    "Stored energy (MWh)": {
      "time period 1": 6.352941176470587,
      "time period 2": 6.352941176470587,
      "time period 3": 19.102941176470587,
      "time period 4": 24.0,
      "time period 5": 24.0,
      "time period 6": 24.0,
      "time period 7": 17.647058823529413,
      "time period 8": 17.647058823529413,
      "time period 9": 17.647058823529413,
      "time period 10": 0.0,
      "time period 11": 0.0,
      "time period 12": 0.0,
      "time period 13": 0.0
    },
    "Final energy (MWh)": 0.0,
    "Hourly average cost ($)": {
      "time period 1": 0.0,
      "time period 2": 0.0,
      "time period 3": 4067.8580932971413,
      "time period 4": 1736.9040369656511,
      "time period 5": 0.0,
      "time period 6": 0.0,
      "time period 7": 0.0,
      "time period 8": 0.0,
      "time period 9": 0.0,
      "time period 10": 0.0,
      "time period 11": 0.0,
      "time period 12": 0.0,
      "time period 13": 0.0
    },
    "Hourly average revenue ($)": {
      "time period 1": 9202.94169228431,
      "time period 2": 0.0,
      "time period 3": 0.0,
      "time period 4": 0.0,
      "time period 5": 0.0,
      "time period 6": 0.0,
      "time period 7": 3165.656468122439,
      "time period 8": 0.0,
      "time period 9": 0.0,
      "time period 10": 8889.88753124332,
      "time period 11": 0.0,
      "time period 12": 0.0,
      "time period 13": 0.0
    },
    "Total average cost ($)": 5804.762130262792,
    "Total average revenue ($)": 21258.48569165007,
    "Total average profit ($)": 15453.723561387276
  }
}
