{
  "Storage unit 1": {
    "Discharging power (MW)": {
      "time period 1": 0.0,
      "time period 2": 0.0,
      "time period 3": 30.0,
      "time period 4": 0.0,
      "time period 5": 0.0,
      "time period 6": 30.0,
      "time period 7": 0.0,
      "time period 8": 10.799999999999997,
      "time period 9": 0.0
    },
    "Charging power (MW)": {
      "time period 1": 0.0,
      "time period 2": 0.0,
      "time period 3": 0.0,
      "time period 4": 30.0,
      "time period 5": 11.522491349480973,
      "time period 6": 0.0,
      "time period 7": 0.0,
      "time period 8": 0.0,
      "time period 9": 0.0
    },
    "Net discharging power (MW)": {
      "time period 1": 0.0,
      "time period 2": 0.0,
      "time period 3": 30.0,
      "time period 4": -30.0,
      "time period 5": -11.522491349480973,
      "time period 6": 30.0,
      "time period 7": 0.0,
      "time period 8": 10.799999999999997,
      "time period 9": 0.0
    },
    "Stored energy (MWh)": {
      "time period 1": 24.0,
      "time period 2": 24.0,
      "time period 3": 6.352941176470587,
      "time period 4": 19.102941176470587,
      "time period 5": 24.0,
      "time period 6": 6.352941176470587,
      "time period 7": 6.352941176470587,
      "time period 8": 0.0,
      "time period 9": 0.0
    },
    "Final energy (MWh)": 0.0,
    "Hourly average cost ($)": {
      "time period 1": 0.0,
      "time period 2": 0.0,
      "time period 3": 0.0,
      "time period 4": 3531.0096097574146,
      "time period 5": 1373.9866217990905,
      "time period 6": 0.0,
      "time period 7": 0.0,
      "time period 8": 0.0,
      "time period 9": 0.0
    },
    "Hourly average revenue ($)": {
      "time period 1": 0.0,
      "time period 2": 0.0,
      "time period 3": 8528.558093297142,
      "time period 4": 0.0,
      "time period 5": 0.0,
      "time period 6": 8409.637058125489,
      "time period 7": 0.0,
      "time period 8": 2930.089560927429,
      "time period 9": 0.0
    },
    "Total average cost ($)": 4904.996231556505,
    "Total average revenue ($)": 19868.28471235006,
    "Total average profit ($)": 14963.288480793555
  }
}
