{
  "Storage unit 1": {
    "Discharging power (MW)": {
      "time period 1": 0.0,
      "time period 2": 0.0,
      "time period 3": 20.4,
      "time period 4": 0.0,
      "time period 5": 0.0,
      "time period 6": 0.0,
      "time period 7": 20.4,
      "time period 8": 0.0,
      "time period 9": 0.0,
      "time period 10": 0.0,
      "time period 11": 0.0,
      "time period 12": 20.4,
      "time period 13": 0.0,
      "time period 14": 0.0,
      "time period 15": 0.0,
      "time period 16": 0.0,
      "time period 17": 0.0,
      "time period 18": 0.0,
      "time period 19": 0.0,
      "time period 20": 0.0,
      "time period 21": 20.4,
      "time period 22": 0.0,
      "time period 23": 0.0,
      "time period 24": 0.0,
      "time period 25": 0.0,
      "time period 26": 0.0,
      "time period 27": 20.4,
      "time period 28": 0.0,
      "time period 29": 0.0,
      "time period 30": 0.0,
      "time period 31": 0.0,
      "time period 32": 20.4,
      "time period 33": 0.0
    },
    "Charging power (MW)": {
      "time period 1": 28.235294117647058,
      "time period 2": 0.0,
      "time period 3": 0.0,
      "time period 4": 0.0,
      "time period 5": 28.235294117647058,
      "time period 6": 0.0,
      "time period 7": 0.0,
      "time period 8": 28.235294117647058,
      "time period 9": 0.0,
      "time period 10": 0.0,
      "time period 11": 0.0,
      "time period 12": 0.0,
      "time period 13": 0.0,
      "time period 14": 28.235294117647058,
      "time period 15": 0.0,
      "time period 16": 0.0,
      "time period 17": 0.0,
      "time period 18": 0.0,
      "time period 19": 0.0,
      "time period 20": 0.0,
      "time period 21": 0.0,
      "time period 22": 0.0,
      "time period 23": 28.235294117647058,
      "time period 24": 0.0,
      "time period 25": 0.0,
      "time period 26": 0.0,
      "time period 27": 0.0,
      "time period 28": 28.235294117647058,
      "time period 29": 0.0,
      "time period 30": 0.0,
      "time period 31": 0.0,
      "time period 32": 0.0,
      "time period 33": 0.0
    },
    "Net discharging power (MW)": {
      "time period 1": -28.235294117647058,
      "time period 2": 0.0,
      "time period 3": 20.4,
      "time period 4": 0.0,
      "time period 5": -28.235294117647058,
      "time period 6": 0.0,
      "time period 7": 20.4,
      "time period 8": -28.235294117647058,
      "time period 9": 0.0,
      "time period 10": 0.0,
      "time period 11": 0.0,
      "time period 12": 20.4,
      "time period 13": 0.0,
      "time period 14": -28.235294117647058,
      "time period 15": 0.0,
      "time period 16": 0.0,
      "time period 17": 0.0,
      "time period 18": 0.0,
      "time period 19": 0.0,
      "time period 20": 0.0,
      "time period 21": 20.4,
      "time period 22": 0.0,
      "time period 23": -28.235294117647058,
      "time period 24": 0.0,
      "time period 25": 0.0,
      "time period 26": 0.0,
      "time period 27": 20.4,
      "time period 28": -28.235294117647058,
      "time period 29": 0.0,
      "time period 30": 0.0,
      "time period 31": 0.0,
      "time period 32": 20.4,
      "time period 33": 0.0
    },
    "Stored energy (MWh)": {
      "time period 1": 12.0,
      "time period 2": 12.0,
      "time period 3": 0.0,
      "time period 4": 0.0,
      "time period 5": 12.0,
      "time period 6": 12.0,
      "time period 7": 0.0,
      "time period 8": 12.0,
      "time period 9": 12.0,
      "time period 10": 12.0,
      "time period 11": 12.0,
      "time period 12": 0.0,
      "time period 13": 0.0,
      "time period 14": 12.0,
      "time period 15": 12.0,
      "time period 16": 12.0,
      "time period 17": 12.0,
      "time period 18": 12.0,
      "time period 19": 12.0,
      "time period 20": 12.0,
      "time period 21": 0.0,
      "time period 22": 0.0,
      "time period 23": 12.0,
      "time period 24": 12.0,
      "time period 25": 12.0,
      "time period 26": 12.0,
      "time period 27": 0.0,
      "time period 28": 12.0,
      "time period 29": 12.0,
      "time period 30": 12.0,
      "time period 31": 12.0,
      "time period 32": 0.0,
      "time period 33": 0.0
    },
    "Final energy (MWh)": 0.0,
    "Hourly average cost ($)": {
      "time period 1": 2851.051004502879,
      "time period 2": 0.0,
      "time period 3": 0.0,
      "time period 4": 0.0,
      "time period 5": 3504.109665712237,
      "time period 6": 0.0,
      "time period 7": 0.0,
      "time period 8": 3246.6236886991614,
      "time period 9": 0.0,
      "time period 10": 0.0,
      "time period 11": 0.0,
      "time period 12": 0.0,
      "time period 13": 0.0,
      "time period 14": 3588.218730490294,
      "time period 15": 0.0,
      "time period 16": 0.0,
      "time period 17": 0.0,
      "time period 18": 0.0,
      "time period 19": 0.0,
      "time period 20": 0.0,
      "time period 21": 0.0,
      "time period 22": 0.0,
      "time period 23": 4469.578140316232,
      "time period 24": 0.0,
      "time period 25": 0.0,
      "time period 26": 0.0,
      "time period 27": 0.0,
      "time period 28": 3946.4594095243565,
      "time period 29": 0.0,
      "time period 30": 0.0,
      "time period 31": 0.0,
      "time period 32": 0.0,
      "time period 33": 0.0
    },
    "Hourly average revenue ($)": {
      "time period 1": 0.0,
      "time period 2": 0.0,
      "time period 3": 4721.483503442054,
      "time period 4": 0.0,
      "time period 5": 0.0,
      "time period 6": 0.0,
      "time period 7": 5440.197328675723,
      "time period 8": 0.0,
      "time period 9": 0.0,
      "time period 10": 0.0,
      "time period 11": 0.0,
      "time period 12": 5840.256124169803,
      "time period 13": 0.0,
      "time period 14": 0.0,
      "time period 15": 0.0,
      "time period 16": 0.0,
      "time period 17": 0.0,
      "time period 18": 0.0,
      "time period 19": 0.0,
      "time period 20": 0.0,
      "time period 21": 6724.799451289676,
      "time period 22": 0.0,
      "time period 23": 0.0,
      "time period 24": 0.0,
      "time period 25": 0.0,
      "time period 26": 0.0,
      "time period 27": 6428.378939746398,
      "time period 28": 0.0,
      "time period 29": 0.0,
      "time period 30": 0.0,
      "time period 31": 0.0,
      "time period 32": 5941.427094231145,
      "time period 33": 0.0
    },
    "Total average cost ($)": 21606.04063924516,
    "Total average revenue ($)": 35096.542441554804,
    "Total average profit ($)": 13490.501802309645
  }
}
