{
  "Storage unit 1": {
    "Discharging power (MW)": {
      "time period 1": 300.0000000000002,
      "time period 2": 300.0,
      "time period 3": 0.0,
      "time period 4": 0.0,
      "time period 5": 0.0,
      "time period 6": 300.0,
      "time period 7": 300.0,
      "time period 8": 0.0,
      "time period 9": 0.0,
      "time period 10": 0.0,
      "time period 11": 0.0,
      "time period 12": 0.0,
      "time period 13": 0.0,
      "time period 14": 120.00000000000006,
      "time period 15": 300.0,
      "time period 16": 300.0,
      "time period 17": 300.0,
      "time period 18": 0.0,
      "time period 19": 0.0,
      "time period 20": 0.0,
      "time period 21": 0.0,
      "time period 22": 300.0,
      "time period 23": 0.0,
      "time period 24": 0.0,
      "time period 25": 300.0,
      "time period 26": 0.0,
      "time period 27": 300.0,
      "time period 28": 0.0
    },
    "Charging power (MW)": {
      "time period 1": 0.0,
      "time period 2": 0.0,
      "time period 3": 300.0,
      "time period 4": 300.0,
      "time period 5": 0.0,
      "time period 6": 0.0,
      "time period 7": 0.0,
      "time period 8": 0.0,
      "time period 9": 300.0,
      "time period 10": 300.0,
      "time period 11": 300.0,
      "time period 12": 160.89965397923928,
      "time period 13": 0.0,
      "time period 14": 0.0,
      "time period 15": 0.0,
      "time period 16": 0.0,
      "time period 17": 0.0,
      "time period 18": 300.0,
      "time period 19": 300.0,
      "time period 20": 45.67474048442899,
      "time period 21": 0.0,
      "time period 22": 0.0,
      "time period 23": 300.0,
      "time period 24": 300.0,
      "time period 25": 0.0,
      "time period 26": 0.0,
      "time period 27": 0.0,
      "time period 28": 0.0
    },
    "Net discharging power (MW)": {
      "time period 1": 300.0000000000002,
      "time period 2": 300.0,
      "time period 3": -300.0,
      "time period 4": -300.0,
      "time period 5": 0.0,
      "time period 6": 300.0,
      "time period 7": 300.0,
      "time period 8": 0.0,
      "time period 9": -300.0,
      "time period 10": -300.0,
      "time period 11": -300.0,
      "time period 12": -160.89965397923928,
      "time period 13": 0.0,
      "time period 14": 120.00000000000006,
      "time period 15": 300.0,
      "time period 16": 300.0,
      "time period 17": 300.0,
      "time period 18": -300.0,
      "time period 19": -300.0,
      "time period 20": -45.67474048442899,
      "time period 21": 0.0,
      "time period 22": 300.0,
      "time period 23": -300.0,
      "time period 24": -300.0,
      "time period 25": 300.0,
      "time period 26": 0.0,
      "time period 27": 300.0,
      "time period 28": 0.0
    },
    "Stored energy (MWh)": {
      "time period 1": 423.52941176470574,
      "time period 2": 247.05882352941163,
      "time period 3": 374.5588235294116,
      "time period 4": 502.0588235294116,
      "time period 5": 502.0588235294116,
      "time period 6": 325.58823529411745,
      "time period 7": 149.11764705882334,
      "time period 8": 149.11764705882334,
      "time period 9": 276.6176470588233,
      "time period 10": 404.1176470588233,
      "time period 11": 531.6176470588233,
      "time period 12": 600.0,
      "time period 13": 600.0,
      "time period 14": 529.4117647058823,
      "time period 15": 352.94117647058823,
      "time period 16": 176.47058823529412,
      "time period 17": 0.0,
      "time period 18": 127.5,
      "time period 19": 255.0,
      "time period 20": 274.4117647058823,
      "time period 21": 274.4117647058823,
      "time period 22": 97.94117647058823,
      "time period 23": 225.44117647058823,
      "time period 24": 352.94117647058823,
      "time period 25": 176.47058823529412,
      "time period 26": 176.47058823529412,
      "time period 27": 0.0,
      "time period 28": 0.0
    },
    "Final energy (MWh)": 0.0,
    "Hourly average cost ($)": {
      "time period 1": 0.0,
      "time period 2": 0.0,
      "time period 3": 31264.580932971414,
      "time period 4": 41232.09609757414,
      "time period 5": 0.0,
      "time period 6": 0.0,
      "time period 7": 0.0,
      "time period 8": 0.0,
      "time period 9": 34460.3891259288,
      "time period 10": 41102.875312433156,
      "time period 11": 46484.69055460145,
      "time period 12": 26031.482762381478,
      "time period 13": 0.0,
      "time period 14": 0.0,
      "time period 15": 0.0,
      "time period 16": 0.0,
      "time period 17": 0.0,
      "time period 18": 48262.96929611207,
      "time period 19": 52943.34347213744,
      "time period 20": 9019.812004261466,
      "time period 21": 0.0,
      "time period 22": 0.0,
      "time period 23": 42260.267740859985,
      "time period 24": 43165.29558242797,
      "time period 25": 0.0,
      "time period 26": 0.0,
      "time period 27": 0.0,
      "time period 28": 0.0
    },
    "Hourly average revenue ($)": {
      "time period 1": 74416.41692284316,
      "time period 2": 76733.9511934662,
      "time period 3": 0.0,
      "time period 4": 0.0,
      "time period 5": 0.0,
      "time period 6": 79035.37058125487,
      "time period 7": 79747.90189229004,
      "time period 8": 0.0,
      "time period 9": 0.0,
      "time period 10": 0.0,
      "time period 11": 0.0,
      "time period 12": 0.0,
      "time period 13": 0.0,
      "time period 14": 33003.929604583755,
      "time period 15": 91003.59510292055,
      "time period 16": 99299.2424608612,
      "time period 17": 84813.36488021852,
      "time period 18": 0.0,
      "time period 19": 0.0,
      "time period 20": 0.0,
      "time period 21": 0.0,
      "time period 22": 91786.01734794615,
      "time period 23": 0.0,
      "time period 24": 0.0,
      "time period 25": 87895.57963623053,
      "time period 26": 0.0,
      "time period 27": 87409.98440803528,
      "time period 28": 0.0
    },
    "Total average cost ($)": 416227.80288168945,
    "Total average revenue ($)": 885145.3540306502,
    "Total average profit ($)": 468917.5511489608
  }
}
