{
  "Storage unit 1": {
    "Discharging power (MW)": {
      "time period 1": 300.0,
      "time period 2": 0.0,
      "time period 3": 0.0,
      "time period 4": 0.0,
      "time period 5": 0.0,
      "time period 6": 0.0,
      "time period 7": 0.0,
      "time period 8": 0.0,
      "time period 9": 300.0,
      "time period 10": 300.0,
      "time period 11": 300.0,
      "time period 12": 0.0,
      "time period 13": 0.0,
      "time period 14": 0.0,
      "time period 15": 0.0,
      "time period 16": 300.0,
      "time period 17": 0.0,
      "time period 18": 0.0,
      "time period 19": 300.0,
      "time period 20": 87.00000000000001,
      "time period 21": 300.0,
      "time period 22": 0.0
    },
    "Charging power (MW)": {
      "time period 1": 0.0,
      "time period 2": 0.0,
      "time period 3": 300.0,
      "time period 4": 300.0,
      "time period 5": 300.0,
      "time period 6": 300.0,
      "time period 7": 0.0,
      "time period 8": 0.0,
      "time period 9": 0.0,
      "time period 10": 0.0,
      "time period 11": 0.0,
      "time period 12": 300.0,
      "time period 13": 300.0,
      "time period 14": 0.0,
      "time period 15": 0.0,
      "time period 16": 0.0,
      "time period 17": 300.0,
      "time period 18": 300.0,
      "time period 19": 0.0,
      "time period 20": 0.0,
      "time period 21": 0.0,
      "time period 22": 0.0
    },
    "Net discharging power (MW)": {
      "time period 1": 300.0,
      "time period 2": 0.0,
      "time period 3": -300.0,
      "time period 4": -300.0,
      "time period 5": -300.0,
      "time period 6": -300.0,
      "time period 7": 0.0,
      "time period 8": 0.0,
      "time period 9": 300.0,
      "time period 10": 300.0,
      "time period 11": 300.0,
      "time period 12": -300.0,
      "time period 13": -300.0,
      "time period 14": 0.0,
      "time period 15": 0.0,
      "time period 16": 300.0,
      "time period 17": -300.0,
      "time period 18": -300.0,
      "time period 19": 300.0,
      "time period 20": 87.00000000000001,
      "time period 21": 300.0,
      "time period 22": 0.0
    },
    "Stored energy (MWh)": {
      "time period 1": 90.00000000000003,
      "time period 2": 90.00000000000003,
      "time period 3": 217.50000000000003,
      "time period 4": 345.0,
      "time period 5": 472.5,
      "time period 6": 600.0,
      "time period 7": 600.0,
      "time period 8": 600.0,
      "time period 9": 423.52941176470586,
      "time period 10": 247.05882352941174,
      "time period 11": 70.58823529411762,
      "time period 12": 198.08823529411762,
      "time period 13": 325.5882352941176,
      "time period 14": 325.5882352941176,
      "time period 15": 325.5882352941176,
      "time period 16": 149.1176470588235,
      "time period 17": 276.61764705882354,
      "time period 18": 404.11764705882354,
      "time period 19": 227.64705882352942,
      "time period 20": 176.47058823529412,
      "time period 21": 0.0,
      "time period 22": 0.0
    },
    "Final energy (MWh)": 0.0,
    "Hourly average cost ($)": {
      "time period 1": 0.0,
      "time period 2": 0.0,
      "time period 3": 29788.580932971403,
      "time period 4": 33006.09609757416,
      "time period 5": 37294.16519819253,
      "time period 6": 42903.37058125487,
      "time period 7": 0.0,
      "time period 8": 0.0,
      "time period 9": 0.0,
      "time period 10": 0.0,
      "time period 11": 0.0,
      "time period 12": 49466.119473085324,
      "time period 13": 56141.36993087765,
      "time period 14": 0.0,
      "time period 15": 0.0,
      "time period 16": 0.0,
      "time period 17": 42126.36488021852,
      "time period 18": 43414.96929611208,
      "time period 19": 0.0,
      "time period 20": 0.0,
      "time period 21": 0.0,
      "time period 22": 0.0
    },
    "Hourly average revenue ($)": {
      "time period 1": 77092.41692284308,
      "time period 2": 0.0,
      "time period 3": 0.0,
      "time period 4": 0.0,
      "time period 5": 0.0,
      "time period 6": 0.0,
      "time period 7": 0.0,
      "time period 8": 0.0,
      "time period 9": 87842.3891259288,
      "time period 10": 99992.87531243314,
      "time period 11": 87269.69055460145,
      "time period 12": 0.0,
      "time period 13": 0.0,
      "time period 14": 0.0,
      "time period 15": 0.0,
      "time period 16": 92549.24246086119,
      "time period 17": 0.0,
      "time period 18": 0.0,
      "time period 19": 88523.34347213744,
      "time period 20": 22713.021910844425,
      "time period 21": 85019.10957778928,
      "time period 22": 0.0
    },
    "Total average cost ($)": 334141.0363902865,
    "Total average revenue ($)": 641002.0893374388,
    "Total average profit ($)": 306861.0529471523
  }
}
