{
  "Storage unit 1": {
    "Discharging power (MW)": {
      "time period 1": 0.0,
      "time period 2": 0.0,
      "time period 3": 0.0,
      "time period 4": 0.0,
      "time period 5": 0.0,
      "time period 6": 0.0,
      "time period 7": 0.0,
      "time period 8": 300.0,
      "time period 9": 300.0,
      "time period 10": 300.0,
      "time period 11": 0.0,
      "time period 12": 0.0,
      "time period 13": 0.0,
      "time period 14": 0.0,
      "time period 15": 300.0,
      "time period 16": 0.0,
      "time period 17": 0.0,
      "time period 18": 300.0,
      "time period 19": 87.00000000000001,
      "time period 20": 300.0,
      "time period 21": 0.0
    },
    "Charging power (MW)": {
      "time period 1": 0.0,
      "time period 2": 299.99999999999994,
      "time period 3": 300.0,
      "time period 4": 300.0,
      "time period 5": 300.0,
      "time period 6": 0.0,
      "time period 7": 0.0,
      "time period 8": 0.0,
      "time period 9": 0.0,
      "time period 10": 0.0,
      "time period 11": 300.0,
      "time period 12": 300.0,
      "time period 13": 0.0,
      "time period 14": 0.0,
      "time period 15": 0.0,
      "time period 16": 300.0,
      "time period 17": 300.0,
      "time period 18": 0.0,
      "time period 19": 0.0,
      "time period 20": 0.0,
      "time period 21": 0.0
    },
    "Net discharging power (MW)": {
      "time period 1": 0.0,
      "time period 2": -299.99999999999994,
      "time period 3": -300.0,
      "time period 4": -300.0,
      "time period 5": -300.0,
      "time period 6": 0.0,
      "time period 7": 0.0,
      "time period 8": 300.0,
      "time period 9": 300.0,
      "time period 10": 300.0,
      "time period 11": -300.0,
      "time period 12": -300.0,
      "time period 13": 0.0,
      "time period 14": 0.0,
      "time period 15": 300.0,
      "time period 16": -300.0,
      "time period 17": -300.0,
      "time period 18": 300.0,
      "time period 19": 87.00000000000001,
      "time period 20": 300.0,
      "time period 21": 0.0
    },
    "Stored energy (MWh)": {
      "time period 1": 90.00000000000003,
      "time period 2": 217.5,
      "time period 3": 345.0,
      "time period 4": 472.5,
      "time period 5": 600.0,
      "time period 6": 600.0,
      "time period 7": 600.0,
      "time period 8": 423.52941176470586,
      "time period 9": 247.05882352941174,
      "time period 10": 70.58823529411762,
      "time period 11": 198.08823529411762,
      "time period 12": 325.5882352941176,
      "time period 13": 325.5882352941176,
      "time period 14": 325.5882352941176,
      "time period 15": 149.1176470588235,
      "time period 16": 276.61764705882354,
      "time period 17": 404.11764705882354,
      "time period 18": 227.64705882352942,
      "time period 19": 176.47058823529412,
      "time period 20": 0.0,
      "time period 21": 0.0
    },
    "Final energy (MWh)": 0.0,
    "Hourly average cost ($)": {
      "time period 1": 0.0,
      "time period 2": 29168.95119346618,
      "time period 3": 33145.58093297139,
      "time period 4": 37212.09609757414,
      "time period 5": 39691.165198192524,
      "time period 6": 0.0,
      "time period 7": 0.0,
      "time period 8": 0.0,
      "time period 9": 0.0,
      "time period 10": 0.0,
      "time period 11": 49811.69055460146,
      "time period 12": 54149.119473085324,
      "time period 13": 0.0,
      "time period 14": 0.0,
      "time period 15": 0.0,
      "time period 16": 42713.24246086119,
      "time period 17": 42507.364880218505,
      "time period 18": 0.0,
      "time period 19": 0.0,
      "time period 20": 0.0,
      "time period 21": 0.0
    },
    "Hourly average revenue ($)": {
      "time period 1": 0.0,
      "time period 2": 0.0,
      "time period 3": 0.0,
      "time period 4": 0.0,
      "time period 5": 0.0,
      "time period 6": 0.0,
      "time period 7": 0.0,
      "time period 8": 86401.37669242857,
      "time period 9": 96707.38912592885,
      "time period 10": 86093.87531243316,
      "time period 11": 0.0,
      "time period 12": 0.0,
      "time period 13": 0.0,
      "time period 14": 0.0,
      "time period 15": 93118.59510292047,
      "time period 16": 0.0,
      "time period 17": 0.0,
      "time period 18": 88525.9692961121,
      "time period 19": 23125.279606919863,
      "time period 20": 84320.76520980833,
      "time period 21": 0.0
    },
    "Total average cost ($)": 328399.2107909707,
    "Total average revenue ($)": 558293.2503465514,
    "Total average profit ($)": 229894.0395555807
  }
}
