{
  "Storage unit 1": {
    "Discharging power (MW)": {
      "time period 1": 300.0,
      "time period 2": 300.0,
      "time period 3": 0.0,
      "time period 4": 0.0,
      "time period 5": 0.0,
      "time period 6": 0.0,
      "time period 7": 300.0,
      "time period 8": 0.0,
      "time period 9": 0.0,
      "time period 10": 300.0,
      "time period 11": 300.0,
      "time period 12": 300.0,
      "time period 13": 0.0
    },
    "Charging power (MW)": {
      "time period 1": 0.0,
      "time period 2": 0.0,
      "time period 3": 300.0,
      "time period 4": 300.0,
      "time period 5": 294.8096885813152,
      "time period 6": 0.0,
      "time period 7": 0.0,
      "time period 8": 300.0,
      "time period 9": 300.0,
      "time period 10": 0.0,
      "time period 11": 0.0,
      "time period 12": 0.0,
      "time period 13": 0.0
    },
    "Net discharging power (MW)": {
      "time period 1": 300.0,
      "time period 2": 300.0,
      "time period 3": -300.0,
      "time period 4": -300.0,
      "time period 5": -294.8096885813152,
      "time period 6": 0.0,
      "time period 7": 300.0,
      "time period 8": -300.0,
      "time period 9": -300.0,
      "time period 10": 300.0,
      "time period 11": 300.0,
      "time period 12": 300.0,
      "time period 13": 0.0
    },
    "Stored energy (MWh)": {
      "time period 1": 247.05882352941163,
      "time period 2": 70.58823529411751,
      "time period 3": 198.0882352941175,
      "time period 4": 325.5882352941175,
      "time period 5": 450.88235294117646,
      "time period 6": 450.88235294117646,
      "time period 7": 274.4117647058823,
      "time period 8": 401.9117647058823,
      "time period 9": 529.4117647058823,
      "time period 10": 352.94117647058823,
      "time period 11": 176.47058823529412,
      "time period 12": 0.0,
      "time period 13": 0.0
    },
    "Final energy (MWh)": 0.0,
    "Hourly average cost ($)": {
      "time period 1": 0.0,
      "time period 2": 0.0,
      "time period 3": 40678.58093297141,
      "time period 4": 45222.09609757415,
      "time period 5": 52108.75749580171,
      "time period 6": 0.0,
      "time period 7": 0.0,
      "time period 8": 38680.376692428596,
      "time period 9": 40502.389125928814,
      "time period 10": 0.0,
      "time period 11": 0.0,
      "time period 12": 0.0,
      "time period 13": 0.0
    },
    "Hourly average revenue ($)": {
      "time period 1": 92029.41692284311,
      "time period 2": 77516.95119346617,
      "time period 3": 0.0,
      "time period 4": 0.0,
      "time period 5": 0.0,
      "time period 6": 0.0,
      "time period 7": 87934.90189229,
      "time period 8": 0.0,
      "time period 9": 0.0,
      "time period 10": 88898.8753124332,
      "time period 11": 81293.69055460146,
      "time period 12": 86948.1194730853,
      "time period 13": 0.0
    },
    "Total average cost ($)": 217192.20034470467,
    "Total average revenue ($)": 514621.95534871926,
    "Total average profit ($)": 297429.7550040146
  }
}
