{
  "Storage unit 1": {
    "Discharging power (MW)": {
      "time period 1": 81.74999999999986,
      "time period 2": 0.0,
      "time period 3": 0.0,
      "time period 4": 0.0,
      "time period 5": 0.0,
      "time period 6": 0.0,
      "time period 7": 0.0,
      "time period 8": 0.0,
      "time period 9": 300.0,
      "time period 10": 300.0,
      "time period 11": 0.0,
      "time period 12": 0.0,
      "time period 13": 0.0,
      "time period 14": 0.0,
      "time period 15": 0.0,
      "time period 16": 300.0,
      "time period 17": 0.0,
      "time period 18": 0.0,
      "time period 19": 300.0,
      "time period 20": 0.0,
      "time period 21": 215.24999999999997,
      "time period 22": 0.0
    },
    "Charging power (MW)": {
      "time period 1": 0.0,
      "time period 2": 0.0,
      "time period 3": 300.0,
      "time period 4": 300.0,
      "time period 5": 300.0,
      "time period 6": 158.8235294117647,
      "time period 7": 0.0,
      "time period 8": 0.0,
      "time period 9": 0.0,
      "time period 10": 0.0,
      "time period 11": 0.0,
      "time period 12": 300.0,
      "time period 13": 0.0,
      "time period 14": 0.0,
      "time period 15": 0.0,
      "time period 16": 0.0,
      "time period 17": 300.0,
      "time period 18": 300.0,
      "time period 19": 0.0,
      "time period 20": 0.0,
      "time period 21": 0.0,
      "time period 22": 0.0
    },
    "Net discharging power (MW)": {
      "time period 1": 81.74999999999986,
      "time period 2": 0.0,
      "time period 3": -300.0,
      "time period 4": -300.0,
      "time period 5": -300.0,
      "time period 6": -158.8235294117647,
      "time period 7": 0.0,
      "time period 8": 0.0,
      "time period 9": 300.0,
      "time period 10": 300.0,
      "time period 11": 0.0,
      "time period 12": -300.0,
      "time period 13": 0.0,
      "time period 14": 0.0,
      "time period 15": 0.0,
      "time period 16": 300.0,
      "time period 17": -300.0,
      "time period 18": -300.0,
      "time period 19": 300.0,
      "time period 20": 0.0,
      "time period 21": 215.24999999999997,
      "time period 22": 0.0
    },
    "Stored energy (MWh)": {
      "time period 1": 0.0,
      "time period 2": 0.0,
      "time period 3": 127.5,
      "time period 4": 255.0,
      "time period 5": 382.5,
      "time period 6": 450.0,
      "time period 7": 450.0,
      "time period 8": 450.0,
      "time period 9": 273.52941176470586,
      "time period 10": 97.05882352941174,
      "time period 11": 97.05882352941174,
      "time period 12": 224.55882352941174,
      "time period 13": 224.55882352941174,
      "time period 14": 224.55882352941174,
      "time period 15": 224.55882352941174,
      "time period 16": 48.088235294117624,
      "time period 17": 175.58823529411762,
      "time period 18": 303.0882352941176,
      "time period 19": 126.61764705882351,
      "time period 20": 126.61764705882351,
      "time period 21": 0.0,
      "time period 22": 0.0
    },
    "Final energy (MWh)": 0.0,
    "Hourly average cost ($)": {
      "time period 1": 0.0,
      "time period 2": 0.0,
      "time period 3": 18573.31398010254,
      "time period 4": 26196.46655273437,
      "time period 5": 31595.719116210934,
      "time period 6": 18371.51371226591,
      "time period 7": 0.0,
      "time period 8": 0.0,
      "time period 9": 0.0,
      "time period 10": 0.0,
      "time period 11": 0.0,
      "time period 12": 38407.49542236328,
      "time period 13": 0.0,
      "time period 14": 0.0,
      "time period 15": 0.0,
      "time period 16": 0.0,
      "time period 17": 38680.95580673218,
      "time period 18": 38673.32360458374,
      "time period 19": 0.0,
      "time period 20": 0.0,
      "time period 21": 0.0,
      "time period 22": 0.0
    },
    "Hourly average revenue ($)": {
      "time period 1": 20390.492502593956,
      "time period 2": 0.0,
      "time period 3": 0.0,
      "time period 4": 0.0,
      "time period 5": 0.0,
      "time period 6": 0.0,
      "time period 7": 0.0,
      "time period 8": 0.0,
      "time period 9": 81016.35905456542,
      "time period 10": 94991.06707763673,
      "time period 11": 0.0,
      "time period 12": 0.0,
      "time period 13": 0.0,
      "time period 14": 0.0,
      "time period 15": 0.0,
      "time period 16": 89358.61983489992,
      "time period 17": 0.0,
      "time period 18": 0.0,
      "time period 19": 83784.0274887085,
      "time period 20": 0.0,
      "time period 21": 57962.354660568235,
      "time period 22": 0.0
    },
    "Total average cost ($)": 210498.78819499296,
    "Total average revenue ($)": 427502.92061897274,
    "Total average profit ($)": 217004.13242397978
  }
}
