{
  "Storage unit 1": {
    "Discharging power (MW)": {
      "time period 1": 0.0,
      "time period 2": 0.0,
      "time period 3": 0.0,
      "time period 4": 0.0,
      "time period 5": 0.0,
      "time period 6": 300.0,
      "time period 7": 0.0,
      "time period 8": 0.0,
      "time period 9": 0.0,
      "time period 10": 0.0,
      "time period 11": 0.0,
      "time period 12": 300.0,
      "time period 13": 0.0,
      "time period 14": 0.0,
      "time period 15": 300.0,
      "time period 16": 0.0,
      "time period 17": 300.0,
      "time period 18": 0.0
    },
    "Charging power (MW)": {
      "time period 1": 158.8235294117647,
      "time period 2": 300.0,
      "time period 3": 0.0,
      "time period 4": 0.0,
      "time period 5": 0.0,
      "time period 6": 0.0,
      "time period 7": 0.0,
      "time period 8": 300.0,
      "time period 9": 0.0,
      "time period 10": 0.0,
      "time period 11": 0.0,
      "time period 12": 0.0,
      "time period 13": 300.0,
      "time period 14": 2.0761245674741664,
      "time period 15": 0.0,
      "time period 16": 0.0,
      "time period 17": 0.0,
      "time period 18": 0.0
    },
    "Net discharging power (MW)": {
      "time period 1": -158.8235294117647,
      "time period 2": -300.0,
      "time period 3": 0.0,
      "time period 4": 0.0,
      "time period 5": 0.0,
      "time period 6": 300.0,
      "time period 7": 0.0,
      "time period 8": -300.0,
      "time period 9": 0.0,
      "time period 10": 0.0,
      "time period 11": 0.0,
      "time period 12": 300.0,
      "time period 13": -300.0,
      "time period 14": -2.0761245674741664,
      "time period 15": 300.0,
      "time period 16": 0.0,
      "time period 17": 300.0,
      "time period 18": 0.0
    },
    "Stored energy (MWh)": {
      "time period 1": 322.5,
      "time period 2": 450.0,
      "time period 3": 450.0,
      "time period 4": 450.0,
      "time period 5": 450.0,
      "time period 6": 273.52941176470586,
      "time period 7": 273.52941176470586,
      "time period 8": 401.02941176470586,
      "time period 9": 401.02941176470586,
      "time period 10": 401.02941176470586,
      "time period 11": 401.02941176470586,
      "time period 12": 224.55882352941174,
      "time period 13": 352.0588235294117,
      "time period 14": 352.94117647058823,
      "time period 15": 176.47058823529412,
      "time period 16": 176.47058823529412,
      "time period 17": 0.0,
      "time period 18": 0.0
    },
    "Final energy (MWh)": 0.0,
    "Hourly average cost ($)": {
      "time period 1": 18572.026988309968,
      "time period 2": 33621.0001373291,
      "time period 3": 0.0,
      "time period 4": 0.0,
      "time period 5": 0.0,
      "time period 6": 0.0,
      "time period 7": 0.0,
      "time period 8": 36260.7039642334,
      "time period 9": 0.0,
      "time period 10": 0.0,
      "time period 11": 0.0,
      "time period 12": 0.0,
      "time period 13": 39242.54857635498,
      "time period 14": 280.2788504894376,
      "time period 15": 0.0,
      "time period 16": 0.0,
      "time period 17": 0.0,
      "time period 18": 0.0
    },
    "Hourly average revenue ($)": {
      "time period 1": 0.0,
      "time period 2": 0.0,
      "time period 3": 0.0,
      "time period 4": 0.0,
      "time period 5": 0.0,
      "time period 6": 86988.74812316896,
      "time period 7": 0.0,
      "time period 8": 0.0,
      "time period 9": 0.0,
      "time period 10": 0.0,
      "time period 11": 0.0,
      "time period 12": 83014.4954223633,
      "time period 13": 0.0,
      "time period 14": 0.0,
      "time period 15": 85460.28395462036,
      "time period 16": 0.0,
      "time period 17": 81391.95580673219,
      "time period 18": 0.0
    },
    "Total average cost ($)": 127976.55851671689,
    "Total average revenue ($)": 336855.4833068848,
    "Total average profit ($)": 208878.92479016795
  }
}
