{
  "Storage unit 1": {
    "Discharging power (MW)": {
      "time period 1": 0.0,
      "time period 2": 215.25,
      "time period 3": 300.0,
      "time period 4": 0.0,
      "time period 5": 0.0,
      "time period 6": 0.0,
      "time period 7": 0.0,
      "time period 8": 0.0,
      "time period 9": 300.0,
      "time period 10": 0.0,
      "time period 11": 0.0,
      "time period 12": 300.0,
      "time period 13": 0.0,
      "time period 14": 300.0,
      "time period 15": 0.0
    },
    "Charging power (MW)": {
      "time period 1": 0.0,
      "time period 2": 0.0,
      "time period 3": 0.0,
      "time period 4": 0.0,
      "time period 5": 300.0,
      "time period 6": 0.0,
      "time period 7": 0.0,
      "time period 8": 0.0,
      "time period 9": 0.0,
      "time period 10": 300.0,
      "time period 11": 300.0,
      "time period 12": 0.0,
      "time period 13": 0.0,
      "time period 14": 0.0,
      "time period 15": 0.0
    },
    "Net discharging power (MW)": {
      "time period 1": 0.0,
      "time period 2": 215.25,
      "time period 3": 300.0,
      "time period 4": 0.0,
      "time period 5": -300.0,
      "time period 6": 0.0,
      "time period 7": 0.0,
      "time period 8": 0.0,
      "time period 9": 300.0,
      "time period 10": -300.0,
      "time period 11": -300.0,
      "time period 12": 300.0,
      "time period 13": 0.0,
      "time period 14": 300.0,
      "time period 15": 0.0
    },
    "Stored energy (MWh)": {
      "time period 1": 450.0,
      "time period 2": 323.38235294117646,
      "time period 3": 146.91176470588232,
      "time period 4": 146.91176470588232,
      "time period 5": 274.4117647058823,
      "time period 6": 274.4117647058823,
      "time period 7": 274.4117647058823,
      "time period 8": 274.4117647058823,
      "time period 9": 97.94117647058823,
      "time period 10": 225.44117647058823,
      "time period 11": 352.94117647058823,
      "time period 12": 176.47058823529412,
      "time period 13": 176.47058823529412,
      "time period 14": 0.0,
      "time period 15": 0.0
    },
    "Final energy (MWh)": 0.0,
    "Hourly average cost ($)": {
      "time period 1": 0.0,
      "time period 2": 0.0,
      "time period 3": 0.0,
      "time period 4": 0.0,
      "time period 5": 34922.71911621094,
      "time period 6": 0.0,
      "time period 7": 0.0,
      "time period 8": 0.0,
      "time period 9": 0.0,
      "time period 10": 38405.06707763672,
      "time period 11": 33559.49542236328,
      "time period 12": 0.0,
      "time period 13": 0.0,
      "time period 14": 0.0,
      "time period 15": 0.0
    },
    "Hourly average revenue ($)": {
      "time period 1": 0.0,
      "time period 2": 55278.352598533624,
      "time period 3": 80820.31398010255,
      "time period 4": 0.0,
      "time period 5": 0.0,
      "time period 6": 0.0,
      "time period 7": 0.0,
      "time period 8": 0.0,
      "time period 9": 83131.35905456544,
      "time period 10": 0.0,
      "time period 11": 0.0,
      "time period 12": 78670.49542236328,
      "time period 13": 0.0,
      "time period 14": 82830.29389572145,
      "time period 15": 0.0
    },
    "Total average cost ($)": 106887.28161621094,
    "Total average revenue ($)": 380730.81495128636,
    "Total average profit ($)": 273843.5333350754
  }
}
