{
  "Storage unit 1": {
    "Discharging power (MW)": {
      "time period 1": 300.0,
      "time period 2": 0.0,
      "time period 3": 0.0,
      "time period 4": 0.0,
      "time period 5": 0.0,
      "time period 6": 0.0,
      "time period 7": 300.0,
      "time period 8": 0.0,
      "time period 9": 0.0,
      "time period 10": 300.0,
      "time period 11": 0.0,
      "time period 12": 300.0,
      "time period 13": 0.0
    },
    "Charging power (MW)": {
      "time period 1": 0.0,
      "time period 2": 0.0,
      "time period 3": 300.0,
      "time period 4": 117.30103806228385,
      "time period 5": 0.0,
      "time period 6": 0.0,
      "time period 7": 0.0,
      "time period 8": 300.0,
      "time period 9": 300.0,
      "time period 10": 0.0,
      "time period 11": 0.0,
      "time period 12": 0.0,
      "time period 13": 0.0
    },
    "Net discharging power (MW)": {
      "time period 1": 300.0,
      "time period 2": 0.0,
      "time period 3": -300.0,
      "time period 4": -117.30103806228385,
      "time period 5": 0.0,
      "time period 6": 0.0,
      "time period 7": 300.0,
      "time period 8": -300.0,
      "time period 9": -300.0,
      "time period 10": 300.0,
      "time period 11": 0.0,
      "time period 12": 300.0,
      "time period 13": 0.0
    },
    "Stored energy (MWh)": {
      "time period 1": 97.05882352941168,
      "time period 2": 97.05882352941168,
      "time period 3": 224.55882352941168,
      "time period 4": 274.4117647058823,
      "time period 5": 274.4117647058823,
      "time period 6": 274.4117647058823,
      "time period 7": 97.94117647058823,
      "time period 8": 225.44117647058823,
      "time period 9": 352.94117647058823,
      "time period 10": 176.47058823529412,
      "time period 11": 176.47058823529412,
      "time period 12": 0.0,
      "time period 13": 0.0
    },
    "Final energy (MWh)": 0.0,
    "Hourly average cost ($)": {
      "time period 1": 0.0,
      "time period 2": 0.0,
      "time period 3": 29463.31398010254,
      "time period 4": 15019.407337228333,
      "time period 5": 0.0,
      "time period 6": 0.0,
      "time period 7": 0.0,
      "time period 8": 31031.7039642334,
      "time period 9": 33676.35905456543,
      "time period 10": 0.0,
      "time period 11": 0.0,
      "time period 12": 0.0,
      "time period 13": 0.0
    },
    "Hourly average revenue ($)": {
      "time period 1": 89764.4954223633,
      "time period 2": 0.0,
      "time period 3": 0.0,
      "time period 4": 0.0,
      "time period 5": 0.0,
      "time period 6": 0.0,
      "time period 7": 80570.63594055177,
      "time period 8": 0.0,
      "time period 9": 0.0,
      "time period 10": 83897.06707763672,
      "time period 11": 0.0,
      "time period 12": 75889.49542236328,
      "time period 13": 0.0
    },
    "Total average cost ($)": 109190.7843361297,
    "Total average revenue ($)": 330121.69386291504,
    "Total average profit ($)": 220930.90952678534
  }
}
