{
  "Storage unit 1": {
    "Discharging power (MW)": {
      "time period 1": 0.0,
      "time period 2": 0.0,
      "time period 3": 300.0,
      "time period 4": 0.0,
      "time period 5": 0.0,
      "time period 6": 300.0,
      "time period 7": 0.0,
      "time period 8": 125.0,
      "time period 9": 0.0
    },
    "Charging power (MW)": {
      "time period 1": 0.0,
      "time period 2": 0.0,
      "time period 3": 0.0,
      "time period 4": 300.0,
      "time period 5": 115.22491349480968,
      "time period 6": 0.0,
      "time period 7": 0.0,
      "time period 8": 0.0,
      "time period 9": 0.0
    },
    "Net discharging power (MW)": {
      "time period 1": 0.0,
      "time period 2": 0.0,
      "time period 3": 300.0,
      "time period 4": -300.0,
      "time period 5": -115.22491349480968,
      "time period 6": 300.0,
      "time period 7": 0.0,
      "time period 8": 125.0,
      "time period 9": 0.0
    },
    "Stored energy (MWh)": {
      "time period 1": 250.0,
      "time period 2": 250.0,
      "time period 3": 73.52941176470588,
      "time period 4": 201.02941176470588,
      "time period 5": 250.0,
      "time period 6": 73.52941176470588,
      "time period 7": 73.52941176470588,
      "time period 8": 0.0,
      "time period 9": 0.0
    },
    "Final energy (MWh)": 0.0,
    "Hourly average cost ($)": {
      "time period 1": 0.0,
      "time period 2": 0.0,
      "time period 3": 0.0,
      "time period 4": 35310.09609757415,
      "time period 5": 13739.8662179909,
      "time period 6": 0.0,
      "time period 7": 0.0,
      "time period 8": 0.0,
      "time period 9": 0.0
    },
    "Hourly average revenue ($)": {
      "time period 1": 0.0,
      "time period 2": 0.0,
      "time period 3": 85285.58093297142,
      "time period 4": 0.0,
      "time period 5": 0.0,
      "time period 6": 84096.37058125489,
      "time period 7": 0.0,
      "time period 8": 33913.07362184525,
      "time period 9": 0.0
    },
    "Total average cost ($)": 49049.96231556505,
    "Total average revenue ($)": 203295.02513607158,
    "Total average profit ($)": 154245.06282050651
  }
}
