{
  "Storage unit 1": {
    "Discharging power (MW)": {
      "time period 1": 298.49999999999983,
      "time period 2": 0.0,
      "time period 3": 0.0,
      "time period 4": 0.0,
      "time period 5": 0.0,
      "time period 6": 0.0,
      "time period 7": 300.0,
      "time period 8": 300.0,
      "time period 9": 0.0
    },
    "Charging power (MW)": {
      "time period 1": 0.0,
      "time period 2": 0.0,
      "time period 3": 300.0,
      "time period 4": 0.0,
      "time period 5": 300.0,
      "time period 6": 0.0,
      "time period 7": 0.0,
      "time period 8": 0.0,
      "time period 9": 0.0
    },
    "Net discharging power (MW)": {
      "time period 1": 298.49999999999983,
      "time period 2": 0.0,
      "time period 3": -300.0,
      "time period 4": 0.0,
      "time period 5": -300.0,
      "time period 6": 0.0,
      "time period 7": 300.0,
      "time period 8": 300.0,
      "time period 9": 0.0
    },
    "Stored energy (MWh)": {
      "time period 1": 97.94117647058826,
      "time period 2": 97.94117647058823,
      "time period 3": 225.44117647058823,
      "time period 4": 225.44117647058823,
      "time period 5": 352.94117647058823,
      "time period 6": 352.94117647058823,
      "time period 7": 176.47058823529412,
      "time period 8": 0.0,
      "time period 9": 0.0
    },
    "Final energy (MWh)": 0.0,
    "Hourly average cost ($)": {
      "time period 1": 0.0,
      "time period 2": 0.0,
      "time period 3": 197503.58093297135,
      "time period 4": 0.0,
      "time period 5": 107089.16519819254,
      "time period 6": 0.0,
      "time period 7": 0.0,
      "time period 8": 0.0,
      "time period 9": 0.0
    },
    "Hourly average revenue ($)": {
      "time period 1": 293841.8248382286,
      "time period 2": 0.0,
      "time period 3": 0.0,
      "time period 4": 0.0,
      "time period 5": 0.0,
      "time period 6": 0.0,
      "time period 7": 1.08746590189229e6,
      "time period 8": 320620.37669242854,
      "time period 9": 0.0
    },
    "Total average cost ($)": 304592.7461311639,
    "Total average revenue ($)": 1.701928103422947e6,
    "Total average profit ($)": 1.3973353572917832e6
  }
}
