{
  "Storage unit 1": {
    "Discharging power (MW)": {
      "time period 1": 0.0,
      "time period 2": 0.0,
      "time period 3": 20.4,
      "time period 4": 0.0,
      "time period 5": 0.0,
      "time period 6": 0.0,
      "time period 7": 0.0,
      "time period 8": 20.4,
      "time period 9": 0.0,
      "time period 10": 0.0,
      "time period 11": 0.0,
      "time period 12": 0.0,
      "time period 13": 0.0,
      "time period 14": 0.0,
      "time period 15": 0.0,
      "time period 16": 0.0,
      "time period 17": 20.4,
      "time period 18": 0.0,
      "time period 19": 0.0,
      "time period 20": 0.0,
      "time period 21": 0.0,
      "time period 22": 0.0,
      "time period 23": 20.4,
      "time period 24": 0.0,
      "time period 25": 0.0,
      "time period 26": 20.4,
      "time period 27": 0.0,
      "time period 28": 0.0,
      "time period 29": 0.0
    },
    "Charging power (MW)": {
      "time period 1": 28.235294117647058,
      "time period 2": 0.0,
      "time period 3": 0.0,
      "time period 4": 28.235294117647058,
      "time period 5": 0.0,
      "time period 6": 0.0,
      "time period 7": 0.0,
      "time period 8": 0.0,
      "time period 9": 0.0,
      "time period 10": 28.235294117647058,
      "time period 11": 0.0,
      "time period 12": 0.0,
      "time period 13": 0.0,
      "time period 14": 0.0,
      "time period 15": 0.0,
      "time period 16": 0.0,
      "time period 17": 0.0,
      "time period 18": 0.0,
      "time period 19": 28.235294117647058,
      "time period 20": 0.0,
      "time period 21": 0.0,
      "time period 22": 0.0,
      "time period 23": 0.0,
      "time period 24": 28.235294117647058,
      "time period 25": 0.0,
      "time period 26": 0.0,
      "time period 27": 0.0,
      "time period 28": 0.0,
      "time period 29": 0.0
    },
    "Net discharging power (MW)": {
      "time period 1": -28.235294117647058,
      "time period 2": 0.0,
      "time period 3": 20.4,
      "time period 4": -28.235294117647058,
      "time period 5": 0.0,
      "time period 6": 0.0,
      "time period 7": 0.0,
      "time period 8": 20.4,
      "time period 9": 0.0,
      "time period 10": -28.235294117647058,
      "time period 11": 0.0,
      "time period 12": 0.0,
      "time period 13": 0.0,
      "time period 14": 0.0,
      "time period 15": 0.0,
      "time period 16": 0.0,
      "time period 17": 20.4,
      "time period 18": 0.0,
      "time period 19": -28.235294117647058,
      "time period 20": 0.0,
      "time period 21": 0.0,
      "time period 22": 0.0,
      "time period 23": 20.4,
      "time period 24": -28.235294117647058,
      "time period 25": 0.0,
      "time period 26": 20.4,
      "time period 27": 0.0,
      "time period 28": 0.0,
      "time period 29": 0.0
    },
    "Stored energy (MWh)": {
      "time period 1": 12.0,
      "time period 2": 12.0,
      "time period 3": 0.0,
      "time period 4": 12.0,
      "time period 5": 12.0,
      "time period 6": 12.0,
      "time period 7": 12.0,
      "time period 8": 0.0,
      "time period 9": 0.0,
      "time period 10": 12.0,
      "time period 11": 12.0,
      "time period 12": 12.0,
      "time period 13": 12.0,
      "time period 14": 12.0,
      "time period 15": 12.0,
      "time period 16": 12.0,
      "time period 17": 0.0,
      "time period 18": 0.0,
      "time period 19": 12.0,
      "time period 20": 12.0,
      "time period 21": 12.0,
      "time period 22": 12.0,
      "time period 23": 0.0,
      "time period 24": 12.0,
      "time period 25": 12.0,
      "time period 26": 0.0,
      "time period 27": 0.0,
      "time period 28": 0.0,
      "time period 29": 0.0
    },
    "Final energy (MWh)": 0.0,
    "Hourly average cost ($)": {
      "time period 1": 3508.933357444057,
      "time period 2": 0.0,
      "time period 3": 0.0,
      "time period 4": 2929.4208091834503,
      "time period 5": 0.0,
      "time period 6": 0.0,
      "time period 7": 0.0,
      "time period 8": 0.0,
      "time period 9": 0.0,
      "time period 10": 3552.552970581946,
      "time period 11": 0.0,
      "time period 12": 0.0,
      "time period 13": 0.0,
      "time period 14": 0.0,
      "time period 15": 0.0,
      "time period 16": 0.0,
      "time period 17": 0.0,
      "time period 18": 0.0,
      "time period 19": 4542.149973848231,
      "time period 20": 0.0,
      "time period 21": 0.0,
      "time period 22": 0.0,
      "time period 23": 0.0,
      "time period 24": 4026.7572312873385,
      "time period 25": 0.0,
      "time period 26": 0.0,
      "time period 27": 0.0,
      "time period 28": 0.0,
      "time period 29": 0.0
    },
    "Hourly average revenue ($)": {
      "time period 1": 0.0,
      "time period 2": 0.0,
      "time period 3": 5260.043503442056,
      "time period 4": 0.0,
      "time period 5": 0.0,
      "time period 6": 0.0,
      "time period 7": 0.0,
      "time period 8": 5462.397615085143,
      "time period 9": 0.0,
      "time period 10": 0.0,
      "time period 11": 0.0,
      "time period 12": 0.0,
      "time period 13": 0.0,
      "time period 14": 0.0,
      "time period 15": 0.0,
      "time period 16": 0.0,
      "time period 17": 6712.440811854856,
      "time period 18": 0.0,
      "time period 19": 0.0,
      "time period 20": 0.0,
      "time period 21": 0.0,
      "time period 22": 0.0,
      "time period 23": 6262.546206378481,
      "time period 24": 0.0,
      "time period 25": 0.0,
      "time period 26": 5975.508687457583,
      "time period 27": 0.0,
      "time period 28": 0.0,
      "time period 29": 0.0
    },
    "Total average cost ($)": 18559.814342345024,
    "Total average revenue ($)": 29672.93682421812,
    "Total average profit ($)": 11113.122481873095
  }
}
