{
  "Storage unit 1": {
    "Discharging power (MW)": {
      "time period 1": 0.0,
      "time period 2": 0.0,
      "time period 3": 0.0,
      "time period 4": 0.0,
      "time period 5": 300.0,
      "time period 6": 0.0,
      "time period 7": 0.0,
      "time period 8": 164.99999999999994,
      "time period 9": 0.0,
      "time period 10": 300.0,
      "time period 11": 0.0
    },
    "Charging power (MW)": {
      "time period 1": 300.0,
      "time period 2": 115.22491349480988,
      "time period 3": 0.0,
      "time period 4": 0.0,
      "time period 5": 0.0,
      "time period 6": 0.0,
      "time period 7": 0.0,
      "time period 8": 0.0,
      "time period 9": 0.0,
      "time period 10": 0.0,
      "time period 11": 0.0
    },
    "Net discharging power (MW)": {
      "time period 1": -300.0,
      "time period 2": -115.22491349480988,
      "time period 3": 0.0,
      "time period 4": 0.0,
      "time period 5": 300.0,
      "time period 6": 0.0,
      "time period 7": 0.0,
      "time period 8": 164.99999999999994,
      "time period 9": 0.0,
      "time period 10": 300.0,
      "time period 11": 0.0
    },
    "Stored energy (MWh)": {
      "time period 1": 401.0294117647058,
      "time period 2": 450.0,
      "time period 3": 450.0,
      "time period 4": 450.0,
      "time period 5": 273.52941176470586,
      "time period 6": 273.52941176470586,
      "time period 7": 273.52941176470586,
      "time period 8": 176.47058823529412,
      "time period 9": 176.47058823529412,
      "time period 10": 0.0,
      "time period 11": 0.0
    },
    "Final energy (MWh)": 0.0,
    "Hourly average cost ($)": {
      "time period 1": 40672.41692284309,
      "time period 2": 17184.624852853827,
      "time period 3": 0.0,
      "time period 4": 0.0,
      "time period 5": 0.0,
      "time period 6": 0.0,
      "time period 7": 0.0,
      "time period 8": 0.0,
      "time period 9": 0.0,
      "time period 10": 0.0,
      "time period 11": 0.0
    },
    "Hourly average revenue ($)": {
      "time period 1": 0.0,
      "time period 2": 0.0,
      "time period 3": 0.0,
      "time period 4": 0.0,
      "time period 5": 85228.16519819251,
      "time period 6": 0.0,
      "time period 7": 0.0,
      "time period 8": 46294.80718083569,
      "time period 9": 0.0,
      "time period 10": 86117.87531243314,
      "time period 11": 0.0
    },
    "Total average cost ($)": 57857.04177569692,
    "Total average revenue ($)": 217640.84769146136,
    "Total average profit ($)": 159783.80591576445
  }
}
