{
  "Storage unit 1": {
    "Discharging power (MW)": {
      "time period 1": 0.0,
      "time period 2": 0.0,
      "time period 3": 0.0,
      "time period 4": 300.0,
      "time period 5": 0.0,
      "time period 6": 0.0,
      "time period 7": 300.0,
      "time period 8": 0.0,
      "time period 9": 300.0,
      "time period 10": 0.0
    },
    "Charging power (MW)": {
      "time period 1": 2.0761245674741664,
      "time period 2": 0.0,
      "time period 3": 0.0,
      "time period 4": 0.0,
      "time period 5": 300.0,
      "time period 6": 0.0,
      "time period 7": 0.0,
      "time period 8": 0.0,
      "time period 9": 0.0,
      "time period 10": 0.0
    },
    "Net discharging power (MW)": {
      "time period 1": -2.0761245674741664,
      "time period 2": 0.0,
      "time period 3": 0.0,
      "time period 4": 300.0,
      "time period 5": -300.0,
      "time period 6": 0.0,
      "time period 7": 300.0,
      "time period 8": 0.0,
      "time period 9": 300.0,
      "time period 10": 0.0
    },
    "Stored energy (MWh)": {
      "time period 1": 401.9117647058823,
      "time period 2": 401.9117647058823,
      "time period 3": 401.9117647058823,
      "time period 4": 225.44117647058823,
      "time period 5": 352.94117647058823,
      "time period 6": 352.94117647058823,
      "time period 7": 176.47058823529412,
      "time period 8": 176.47058823529412,
      "time period 9": 0.0,
      "time period 10": 0.0
    },
    "Final energy (MWh)": 0.0,
    "Hourly average cost ($)": {
      "time period 1": 313.87831780516046,
      "time period 2": 0.0,
      "time period 3": 0.0,
      "time period 4": 0.0,
      "time period 5": 35392.16519819252,
      "time period 6": 0.0,
      "time period 7": 0.0,
      "time period 8": 0.0,
      "time period 9": 0.0,
      "time period 10": 0.0
    },
    "Hourly average revenue ($)": {
      "time period 1": 0.0,
      "time period 2": 0.0,
      "time period 3": 0.0,
      "time period 4": 85146.09609757415,
      "time period 5": 0.0,
      "time period 6": 0.0,
      "time period 7": 83590.90189228998,
      "time period 8": 0.0,
      "time period 9": 82832.3891259288,
      "time period 10": 0.0
    },
    "Total average cost ($)": 35706.04351599768,
    "Total average revenue ($)": 251569.38711579295,
    "Total average profit ($)": 215863.34359979528
  }
}
