{
  "Storage unit 1": {
    "Discharging power (MW)": {
      "time period 1": 0.0,
      "time period 2": 0.0,
      "time period 3": 0.0,
      "time period 4": 0.0,
      "time period 5": 0.0,
      "time period 6": 300.0,
      "time period 7": 0.0,
      "time period 8": 0.0,
      "time period 9": 0.0,
      "time period 10": 0.0,
      "time period 11": 0.0,
      "time period 12": 300.0,
      "time period 13": 0.0,
      "time period 14": 0.0,
      "time period 15": 300.0,
      "time period 16": 0.0,
      "time period 17": 34.99999999999996,
      "time period 18": 0.0
    },
    "Charging power (MW)": {
      "time period 1": 0.0,
      "time period 2": 0.0,
      "time period 3": 0.0,
      "time period 4": 0.0,
      "time period 5": 0.0,
      "time period 6": 0.0,
      "time period 7": 0.0,
      "time period 8": 0.0,
      "time period 9": 0.0,
      "time period 10": 0.0,
      "time period 11": 0.0,
      "time period 12": 0.0,
      "time period 13": 0.0,
      "time period 14": 0.0,
      "time period 15": 0.0,
      "time period 16": 0.0,
      "time period 17": 0.0,
      "time period 18": 0.0
    },
    "Net discharging power (MW)": {
      "time period 1": 0.0,
      "time period 2": 0.0,
      "time period 3": 0.0,
      "time period 4": 0.0,
      "time period 5": 0.0,
      "time period 6": 300.0,
      "time period 7": 0.0,
      "time period 8": 0.0,
      "time period 9": 0.0,
      "time period 10": 0.0,
      "time period 11": 0.0,
      "time period 12": 300.0,
      "time period 13": 0.0,
      "time period 14": 0.0,
      "time period 15": 300.0,
      "time period 16": 0.0,
      "time period 17": 34.99999999999996,
      "time period 18": 0.0
    },
    "Stored energy (MWh)": {
      "time period 1": 550.0,
      "time period 2": 550.0,
      "time period 3": 550.0,
      "time period 4": 550.0,
      "time period 5": 550.0,
      "time period 6": 373.52941176470586,
      "time period 7": 373.52941176470586,
      "time period 8": 373.52941176470586,
      "time period 9": 373.52941176470586,
      "time period 10": 373.52941176470586,
      "time period 11": 373.52941176470586,
      "time period 12": 197.05882352941174,
      "time period 13": 197.05882352941174,
      "time period 14": 197.05882352941174,
      "time period 15": 20.588235294117624,
      "time period 16": 20.588235294117624,
      "time period 17": 0.0,
      "time period 18": 0.0
    },
    "Final energy (MWh)": 0.0,
    "Hourly average cost ($)": {
      "time period 1": 0.0,
      "time period 2": 0.0,
      "time period 3": 0.0,
      "time period 4": 0.0,
      "time period 5": 0.0,
      "time period 6": 0.0,
      "time period 7": 0.0,
      "time period 8": 0.0,
      "time period 9": 0.0,
      "time period 10": 0.0,
      "time period 11": 0.0,
      "time period 12": 0.0,
      "time period 13": 0.0,
      "time period 14": 0.0,
      "time period 15": 0.0,
      "time period 16": 0.0,
      "time period 17": 0.0,
      "time period 18": 0.0
    },
    "Hourly average revenue ($)": {
      "time period 1": 0.0,
      "time period 2": 0.0,
      "time period 3": 0.0,
      "time period 4": 0.0,
      "time period 5": 0.0,
      "time period 6": 95190.37058125486,
      "time period 7": 0.0,
      "time period 8": 0.0,
      "time period 9": 0.0,
      "time period 10": 0.0,
      "time period 11": 0.0,
      "time period 12": 94073.11947308533,
      "time period 13": 0.0,
      "time period 14": 0.0,
      "time period 15": 88774.59510292052,
      "time period 16": 0.0,
      "time period 17": 9897.692569358816,
      "time period 18": 0.0
    },
    "Total average cost ($)": 0.0,
    "Total average revenue ($)": 287935.7777266195,
    "Total average profit ($)": 287935.7777266195
  }
}
