{
  "Total average profits ($)": {
    "Storage unit 1": {
      "CVaR chr 0.0 CVaR dis 0.0 Enr cap 450.0 alpha 0.95": 338957.35623559693,
      "CVaR chr 0.1 CVaR dis 0.0 Enr cap 450.0 alpha 0.95": 281861.67879575625,
      "CVaR chr 0.2 CVaR dis 0.0 Enr cap 450.0 alpha 0.95": 185965.50471965442,
      "CVaR chr 0.3 CVaR dis 0.0 Enr cap 450.0 alpha 0.95": 113148.95930792131,
      "CVaR chr 0.4 CVaR dis 0.0 Enr cap 450.0 alpha 0.95": 95980.10187933849
    }
  },
  "Net discharging levels (MW)": {
    "Storage unit 1": {
      "CVaR chr 0.0 CVaR dis 0.0 Enr cap 450.0 alpha 0.95": {
        "time period 1": 0.0,
        "time period 2": 0.0,
        "time period 3": 0.0,
        "time period 4": -158.82352941176472,
        "time period 5": -300.0,
        "time period 6": -300.0,
        "time period 7": -300.0,
        "time period 8": 0.0,
        "time period 9": 0.0,
        "time period 10": 0.0,
        "time period 11": 0.0,
        "time period 12": 0.0,
        "time period 13": 300.00000000000017,
        "time period 14": 0.0,
        "time period 15": 0.0,
        "time period 16": -300.0,
        "time period 17": -115.22491349480988,
        "time period 18": 216.75,
        "time period 19": 0.0,
        "time period 20": -300.0,
        "time period 21": 298.50000000000006,
        "time period 22": 300.0,
        "time period 23": -300.0,
        "time period 24": -299.99999999999994,
        "time period 25": 0.0,
        "time period 26": 300.0,
        "time period 27": 300.0,
        "time period 28": 0.0,
        "time period 29": -300.0,
        "time period 30": -300.0,
        "time period 31": -300.0,
        "time period 32": -158.8235294117647,
        "time period 33": 0.0,
        "time period 34": 0.0,
        "time period 35": 300.00000000000017,
        "time period 36": 300.0,
        "time period 37": 164.99999999999986,
        "time period 38": -300.0,
        "time period 39": -300.0,
        "time period 40": -274.04844290657445,
        "time period 41": 0.0,
        "time period 42": 300.0,
        "time period 43": -299.99999999999994,
        "time period 44": -300.0,
        "time period 45": 300.00000000000017,
        "time period 46": 164.99999999999986,
        "time period 47": 300.0,
        "time period 48": 0.0
      },
      "CVaR chr 0.1 CVaR dis 0.0 Enr cap 450.0 alpha 0.95": {
        "time period 1": -300.0,
        "time period 2": 0.0,
        "time period 3": 0.0,
        "time period 4": -158.8235294117647,
        "time period 5": -300.0,
        "time period 6": -300.0,
        "time period 7": 0.0,
        "time period 8": 0.0,
        "time period 9": 0.0,
        "time period 10": 0.0,
        "time period 11": 0.0,
        "time period 12": 0.0,
        "time period 13": 216.75,
        "time period 14": 0.0,
        "time period 15": 0.0,
        "time period 16": -300.0,
        "time period 17": 0.0,
        "time period 18": 216.75,
        "time period 19": 0.0,
        "time period 20": -300.0,
        "time period 21": 0.0,
        "time period 22": 300.00000000000017,
        "time period 23": -300.0,
        "time period 24": -115.22491349480988,
        "time period 25": 0.0,
        "time period 26": 133.5,
        "time period 27": 300.0,
        "time period 28": 0.0,
        "time period 29": -299.99999999999994,
        "time period 30": -300.0,
        "time period 31": 0.0,
        "time period 32": 0.0,
        "time period 33": 0.0,
        "time period 34": 0.0,
        "time period 35": 0.0,
        "time period 36": 300.00000000000017,
        "time period 37": 0.0,
        "time period 38": -300.0,
        "time period 39": -2.0761245674741664,
        "time period 40": 0.0,
        "time period 41": 51.74999999999994,
        "time period 42": 300.0,
        "time period 43": -299.99999999999994,
        "time period 44": -300.0,
        "time period 45": 300.00000000000017,
        "time period 46": 164.99999999999986,
        "time period 47": 300.0,
        "time period 48": 0.0
      },
      "CVaR chr 0.2 CVaR dis 0.0 Enr cap 450.0 alpha 0.95": {
        "time period 1": -300.0,
        "time period 2": -300.0,
        "time period 3": 0.0,
        "time period 4": 0.0,
        "time period 5": -158.8235294117647,
        "time period 6": -300.0,
        "time period 7": 0.0,
        "time period 8": 0.0,
        "time period 9": 0.0,
        "time period 10": 0.0,
        "time period 11": 0.0,
        "time period 12": 0.0,
        "time period 13": 0.0,
        "time period 14": 0.0,
        "time period 15": 0.0,
        "time period 16": 0.0,
        "time period 17": 0.0,
        "time period 18": 0.0,
        "time period 19": 0.0,
        "time period 20": 0.0,
        "time period 21": 0.0,
        "time period 22": 216.75,
        "time period 23": -300.0,
        "time period 24": 0.0,
        "time period 25": 0.0,
        "time period 26": 0.0,
        "time period 27": 216.75,
        "time period 28": 0.0,
        "time period 29": -300.0,
        "time period 30": 0.0,
        "time period 31": 0.0,
        "time period 32": 0.0,
        "time period 33": 0.0,
        "time period 34": 0.0,
        "time period 35": 0.0,
        "time period 36": 300.00000000000017,
        "time period 37": 0.0,
        "time period 38": 0.0,
        "time period 39": 0.0,
        "time period 40": 0.0,
        "time period 41": 0.0,
        "time period 42": 300.0,
        "time period 43": -300.0,
        "time period 44": 0.0,
        "time period 45": 300.0,
        "time period 46": 0.0,
        "time period 47": 81.74999999999986,
        "time period 48": 0.0
      },
      "CVaR chr 0.3 CVaR dis 0.0 Enr cap 450.0 alpha 0.95": {
        "time period 1": -300.0,
        "time period 2": -300.0,
        "time period 3": 0.0,
        "time period 4": 0.0,
        "time period 5": -158.8235294117647,
        "time period 6": -300.0,
        "time period 7": 0.0,
        "time period 8": 0.0,
        "time period 9": 0.0,
        "time period 10": 0.0,
        "time period 11": 0.0,
        "time period 12": 0.0,
        "time period 13": 0.0,
        "time period 14": 0.0,
        "time period 15": 0.0,
        "time period 16": 0.0,
        "time period 17": 0.0,
        "time period 18": 0.0,
        "time period 19": 0.0,
        "time period 20": 0.0,
        "time period 21": 0.0,
        "time period 22": 0.0,
        "time period 23": 0.0,
        "time period 24": 0.0,
        "time period 25": 0.0,
        "time period 26": 0.0,
        "time period 27": 0.0,
        "time period 28": 0.0,
        "time period 29": 0.0,
        "time period 30": 0.0,
        "time period 31": 0.0,
        "time period 32": 0.0,
        "time period 33": 0.0,
        "time period 34": 0.0,
        "time period 35": 0.0,
        "time period 36": 300.00000000000017,
        "time period 37": 0.0,
        "time period 38": 0.0,
        "time period 39": 0.0,
        "time period 40": 0.0,
        "time period 41": 0.0,
        "time period 42": 300.0,
        "time period 43": 0.0,
        "time period 44": 0.0,
        "time period 45": 164.99999999999986,
        "time period 46": 0.0,
        "time period 47": 0.0,
        "time period 48": 0.0
      },
      "CVaR chr 0.4 CVaR dis 0.0 Enr cap 450.0 alpha 0.95": {
        "time period 1": 0.0,
        "time period 2": 0.0,
        "time period 3": 0.0,
        "time period 4": 0.0,
        "time period 5": -115.22491349480968,
        "time period 6": -300.0,
        "time period 7": 0.0,
        "time period 8": 0.0,
        "time period 9": 0.0,
        "time period 10": 0.0,
        "time period 11": 0.0,
        "time period 12": 0.0,
        "time period 13": 0.0,
        "time period 14": 0.0,
        "time period 15": 0.0,
        "time period 16": -300.0,
        "time period 17": 0.0,
        "time period 18": 0.0,
        "time period 19": 0.0,
        "time period 20": 0.0,