{
  "Storage unit 1": {
    "Discharging power (MW)": {
      "time period 1": 133.49999999999986,
      "time period 2": 0.0,
      "time period 3": 0.0,
      "time period 4": 133.49999999999994,
      "time period 5": 300.0,
      "time period 6": 0.0,
      "time period 7": 0.0,
      "time period 8": 0.0,
      "time period 9": 300.0,
      "time period 10": 300.0,
      "time period 11": 0.0,
      "time period 12": 0.0,
      "time period 13": 0.0,
      "time period 14": 0.0,
      "time period 15": 0.0,
      "time period 16": 0.0,
      "time period 17": 0.0,
      "time period 18": 300.0,
      "time period 19": 300.0,
      "time period 20": 81.74999999999996,
      "time period 21": 0.0,
      "time period 22": 0.0,
      "time period 23": 0.0,
      "time period 24": 0.0,
      "time period 25": 300.0,
      "time period 26": 0.0,
      "time period 27": 0.0,
      "time period 28": 300.0,
      "time period 29": 0.0,
      "time period 30": 133.5,
      "time period 31": 0.0
    },
    "Charging power (MW)": {
      "time period 1": 0.0,
      "time period 2": 0.0,
      "time period 3": 300.0,
      "time period 4": 0.0,
      "time period 5": 0.0,
      "time period 6": 300.0,
      "time period 7": 300.0,
      "time period 8": 0.0,
      "time period 9": 0.0,
      "time period 10": 0.0,
      "time period 11": 0.0,
      "time period 12": 300.0,
      "time period 13": 300.0,
      "time period 14": 230.4498269896195,
      "time period 15": 0.0,
      "time period 16": 0.0,
      "time period 17": 0.0,
      "time period 18": 0.0,
      "time period 19": 0.0,
      "time period 20": 0.0,
      "time period 21": 300.0,
      "time period 22": 0.0,
      "time period 23": 0.0,
      "time period 24": 0.0,
      "time period 25": 0.0,
      "time period 26": 300.0,
      "time period 27": 300.0,
      "time period 28": 0.0,
      "time period 29": 0.0,
      "time period 30": 0.0,
      "time period 31": 0.0
    },
    "Net discharging power (MW)": {
      "time period 1": 133.49999999999986,
      "time period 2": 0.0,
      "time period 3": -300.0,
      "time period 4": 133.49999999999994,
      "time period 5": 300.0,
      "time period 6": -300.0,
      "time period 7": -300.0,
      "time period 8": 0.0,
      "time period 9": 300.0,
      "time period 10": 300.0,
      "time period 11": 0.0,
      "time period 12": -300.0,
      "time period 13": -300.0,
      "time period 14": -230.4498269896195,
      "time period 15": 0.0,
      "time period 16": 0.0,
      "time period 17": 0.0,
      "time period 18": 300.0,
      "time period 19": 300.0,
      "time period 20": 81.74999999999996,
      "time period 21": -300.0,
      "time period 22": 0.0,
      "time period 23": 0.0,
      "time period 24": 0.0,
      "time period 25": 300.0,
      "time period 26": -300.0,
      "time period 27": -300.0,
      "time period 28": 300.0,
      "time period 29": 0.0,
      "time period 30": 133.5,
      "time period 31": 0.0
    },
    "Stored energy (MWh)": {
      "time period 1": 322.5,
      "time period 2": 322.5,
      "time period 3": 450.0,
      "time period 4": 371.47058823529414,
      "time period 5": 195.0,
      "time period 6": 322.5,
      "time period 7": 450.0,
      "time period 8": 450.0,
      "time period 9": 273.52941176470586,
      "time period 10": 97.05882352941174,
      "time period 11": 97.05882352941174,
      "time period 12": 224.55882352941174,
      "time period 13": 352.0588235294117,
      "time period 14": 450.0,
      "time period 15": 450.0,
      "time period 16": 450.0,
      "time period 17": 450.0,
      "time period 18": 273.52941176470586,
      "time period 19": 97.05882352941174,
      "time period 20": 48.970588235294116,
      "time period 21": 176.47058823529412,
      "time period 22": 176.47058823529412,
      "time period 23": 176.47058823529412,
      "time period 24": 176.47058823529412,
      "time period 25": 0.0,
      "time period 26": 127.5,
      "time period 27": 255.0,
      "time period 28": 78.52941176470588,
      "time period 29": 78.52941176470588,
      "time period 30": 0.0,
      "time period 31": 0.0
    },
    "Final energy (MWh)": 0.0,
    "Hourly average cost ($)": {
      "time period 1": 0.0,
      "time period 2": 0.0,
      "time period 3": 37288.5809329714,
      "time period 4": 0.0,
      "time period 5": 0.0,
      "time period 6": 34419.37058125488,
      "time period 7": 44020.90189229002,
      "time period 8": 0.0,
      "time period 9": 0.0,
      "time period 10": 0.0,
      "time period 11": 0.0,
      "time period 12": 38576.11947308534,
      "time period 13": 43925.36993087769,
      "time period 14": 35095.83712990997,
      "time period 15": 0.0,
      "time period 16": 0.0,
      "time period 17": 0.0,
      "time period 18": 0.0,
      "time period 19": 0.0,
      "time period 20": 0.0,
      "time period 21": 47537.10957778932,
      "time period 22": 0.0,
      "time period 23": 0.0,
      "time period 24": 0.0,
      "time period 25": 0.0,
      "time period 26": 42383.127756729125,
      "time period 27": 45079.9844080353,
      "time period 28": 0.0,
      "time period 29": 0.0,
      "time period 30": 0.0,
      "time period 31": 0.0
    },
    "Hourly average revenue ($)": {
      "time period 1": 30895.200530665134,
      "time period 2": 0.0,
      "time period 3": 0.0,
      "time period 4": 33055.97776342048,
      "time period 5": 77296.16519819255,
      "time period 6": 0.0,
      "time period 7": 0.0,
      "time period 8": 0.0,
      "time period 9": 80552.38912592879,
      "time period 10": 85055.87531243316,
      "time period 11": 0.0,
      "time period 12": 0.0,
      "time period 13": 0.0,
      "time period 14": 0.0,
      "time period 15": 0.0,
      "time period 16": 0.0,
      "time period 17": 0.0,
      "time period 18": 90754.96929611202,
      "time period 19": 99617.34347213744,
      "time period 20": 22970.86851967276,
      "time period 21": 0.0,
      "time period 22": 0.0,
      "time period 23": 0.0,
      "time period 24": 0.0,
      "time period 25": 92239.57963623047,
      "time period 26": 0.0,
      "time period 27": 0.0,
      "time period 28": 87423.13122619629,
      "time period 29": 0.0,
      "time period 30": 37490.30360681633,
      "time period 31": 0.0
    },
    "Total average cost ($)": 368326.40168294305,
    "Total average revenue ($)": 737351.8036878054,
    "Total average profit ($)": 369025.4020048624
  }
}
