{
  "Storage unit 1": {
    "Discharging power (MW)": {
      "time period 1": 0.0,
      "time period 2": 133.49999999999994,
      "time period 3": 300.0,
      "time period 4": 0.0,
      "time period 5": 0.0,
      "time period 6": 0.0,
      "time period 7": 300.0,
      "time period 8": 300.0,
      "time period 9": 0.0,
      "time period 10": 0.0,
      "time period 11": 0.0,
      "time period 12": 0.0,
      "time period 13": 0.0,
      "time period 14": 0.0,
      "time period 15": 0.0,
      "time period 16": 300.0,
      "time period 17": 300.0,
      "time period 18": 164.99999999999994,
      "time period 19": 0.0,
      "time period 20": 0.0,
      "time period 21": 0.0,
      "time period 22": 0.0,
      "time period 23": 300.0,
      "time period 24": 0.0,
      "time period 25": 0.0,
      "time period 26": 300.0,
      "time period 27": 0.0,
      "time period 28": 133.5,
      "time period 29": 0.0
    },
    "Charging power (MW)": {
      "time period 1": 300.0,
      "time period 2": 0.0,
      "time period 3": 0.0,
      "time period 4": 300.0,
      "time period 5": 300.0,
      "time period 6": 0.0,
      "time period 7": 0.0,
      "time period 8": 0.0,
      "time period 9": 0.0,
      "time period 10": 300.0,
      "time period 11": 300.0,
      "time period 12": 230.4498269896195,
      "time period 13": 0.0,
      "time period 14": 0.0,
      "time period 15": 0.0,
      "time period 16": 0.0,
      "time period 17": 0.0,
      "time period 18": 0.0,
      "time period 19": 300.0,
      "time period 20": 115.22491349480968,
      "time period 21": 0.0,
      "time period 22": 0.0,
      "time period 23": 0.0,
      "time period 24": 300.0,
      "time period 25": 300.0,
      "time period 26": 0.0,
      "time period 27": 0.0,
      "time period 28": 0.0,
      "time period 29": 0.0
    },
    "Net discharging power (MW)": {
      "time period 1": -300.0,
      "time period 2": 133.49999999999994,
      "time period 3": 300.0,
      "time period 4": -300.0,
      "time period 5": -300.0,
      "time period 6": 0.0,
      "time period 7": 300.0,
      "time period 8": 300.0,
      "time period 9": 0.0,
      "time period 10": -300.0,
      "time period 11": -300.0,
      "time period 12": -230.4498269896195,
      "time period 13": 0.0,
      "time period 14": 0.0,
      "time period 15": 0.0,
      "time period 16": 300.0,
      "time period 17": 300.0,
      "time period 18": 164.99999999999994,
      "time period 19": -300.0,
      "time period 20": -115.22491349480968,
      "time period 21": 0.0,
      "time period 22": 0.0,
      "time period 23": 300.0,
      "time period 24": -300.0,
      "time period 25": -300.0,
      "time period 26": 300.0,
      "time period 27": 0.0,
      "time period 28": 133.5,
      "time period 29": 0.0
    },
    "Stored energy (MWh)": {
      "time period 1": 450.0,
      "time period 2": 371.47058823529414,
      "time period 3": 195.0,
      "time period 4": 322.5,
      "time period 5": 450.0,
      "time period 6": 450.0,
      "time period 7": 273.52941176470586,
      "time period 8": 97.05882352941174,
      "time period 9": 97.05882352941174,
      "time period 10": 224.55882352941174,
      "time period 11": 352.0588235294117,
      "time period 12": 450.0,
      "time period 13": 450.0,
      "time period 14": 450.0,
      "time period 15": 450.0,
      "time period 16": 273.52941176470586,
      "time period 17": 97.05882352941174,
      "time period 18": 0.0,
      "time period 19": 127.5,
      "time period 20": 176.47058823529412,
      "time period 21": 176.47058823529412,
      "time period 22": 176.47058823529412,
      "time period 23": 0.0,
      "time period 24": 127.5,
      "time period 25": 255.0,
      "time period 26": 78.52941176470588,
      "time period 27": 78.52941176470588,
      "time period 28": 0.0,
      "time period 29": 0.0
    },
    "Final energy (MWh)": 0.0,
    "Hourly average cost ($)": {
      "time period 1": 37282.416922843106,
      "time period 2": 0.0,
      "time period 3": 0.0,
      "time period 4": 31125.096097574162,
      "time period 5": 41314.165198192524,
      "time period 6": 0.0,
      "time period 7": 0.0,
      "time period 8": 0.0,
      "time period 9": 0.0,
      "time period 10": 37745.87531243318,
      "time period 11": 42278.690554601446,
      "time period 12": 35442.50700008633,
      "time period 13": 0.0,
      "time period 14": 0.0,
      "time period 15": 0.0,
      "time period 16": 0.0,
      "time period 17": 0.0,
      "time period 18": 0.0,
      "time period 19": 48260.34347213745,
      "time period 20": 19788.63646466687,
      "time period 21": 0.0,
      "time period 22": 0.0,
      "time period 23": 0.0,
      "time period 24": 42784.29558242797,
      "time period 25": 42784.579636230475,
      "time period 26": 0.0,
      "time period 27": 0.0,
      "time period 28": 0.0,
      "time period 29": 0.0
    },
    "Hourly average revenue ($)": {
      "time period 1": 0.0,
      "time period 2": 32842.31328109245,
      "time period 3": 77353.58093297142,
      "time period 4": 0.0,
      "time period 5": 0.0,
      "time period 6": 0.0,
      "time period 7": 78529.90189228998,
      "time period 8": 80329.37669242857,
      "time period 9": 0.0,
      "time period 10": 0.0,
      "time period 11": 0.0,
      "time period 12": 0.0,
      "time period 13": 0.0,
      "time period 14": 0.0,
      "time period 15": 0.0,
      "time period 16": 90434.24246086116,
      "time period 17": 98712.36488021848,
      "time period 18": 47146.53311286161,
      "time period 19": 0.0,
      "time period 20": 0.0,
      "time period 21": 0.0,
      "time period 22": 0.0,
      "time period 23": 92096.26774086001,
      "time period 24": 0.0,
      "time period 25": 0.0,
      "time period 26": 87875.12775672917,
      "time period 27": 0.0,
      "time period 28": 37665.74839565734,
      "time period 29": 0.0
    },
    "Total average cost ($)": 378806.60624119354,
    "Total average revenue ($)": 722985.4571459703,
    "Total average profit ($)": 344178.8509047768
  }
}
