{
  "Storage unit 1": {
    "Discharging power (MW)": {
      "time period 1": 0.0,
      "time period 2": 0.0,
      "time period 3": 0.0,
      "time period 4": 300.0,
      "time period 5": 0.0,
      "time period 6": 0.0,
      "time period 7": 300.0,
      "time period 8": 131.99999999999986,
      "time period 9": 300.0,
      "time period 10": 0.0
    },
    "Charging power (MW)": {
      "time period 1": 300.0,
      "time period 2": 0.0,
      "time period 3": 0.0,
      "time period 4": 0.0,
      "time period 5": 300.0,
      "time period 6": 300.0,
      "time period 7": 0.0,
      "time period 8": 0.0,
      "time period 9": 0.0,
      "time period 10": 0.0
    },
    "Net discharging power (MW)": {
      "time period 1": -300.0,
      "time period 2": 0.0,
      "time period 3": 0.0,
      "time period 4": 300.0,
      "time period 5": -300.0,
      "time period 6": -300.0,
      "time period 7": 300.0,
      "time period 8": 131.99999999999986,
      "time period 9": 300.0,
      "time period 10": 0.0
    },
    "Stored energy (MWh)": {
      "time period 1": 352.0588235294117,
      "time period 2": 352.0588235294117,
      "time period 3": 352.0588235294117,
      "time period 4": 175.5882352941176,
      "time period 5": 303.08823529411757,
      "time period 6": 430.58823529411757,
      "time period 7": 254.11764705882345,
      "time period 8": 176.47058823529412,
      "time period 9": 0.0,
      "time period 10": 0.0
    },
    "Final energy (MWh)": 0.0,
    "Hourly average cost ($)": {
      "time period 1": 45355.41692284311,
      "time period 2": 0.0,
      "time period 3": 0.0,
      "time period 4": 0.0,
      "time period 5": 35392.16519819252,
      "time period 6": 38985.37058125487,
      "time period 7": 0.0,
      "time period 8": 0.0,
      "time period 9": 0.0,
      "time period 10": 0.0
    },
    "Hourly average revenue ($)": {
      "time period 1": 0.0,
      "time period 2": 0.0,
      "time period 3": 0.0,
      "time period 4": 85146.09609757415,
      "time period 5": 0.0,
      "time period 6": 0.0,
      "time period 7": 83590.90189228998,
      "time period 8": 33172.20574466854,
      "time period 9": 82832.3891259288,
      "time period 10": 0.0
    },
    "Total average cost ($)": 119732.95270229051,
    "Total average revenue ($)": 284741.5928604615,
    "Total average profit ($)": 165008.640158171
  }
}
