{
  "Storage unit 1": {
    "Discharging power (MW)": {
      "time period 1": 300.0,
      "time period 2": 131.99999999999986,
      "time period 3": 300.0,
      "time period 4": 0.0
    },
    "Charging power (MW)": {
      "time period 1": 0.0,
      "time period 2": 0.0,
      "time period 3": 0.0,
      "time period 4": 0.0
    },
    "Net discharging power (MW)": {
      "time period 1": 300.0,
      "time period 2": 131.99999999999986,
      "time period 3": 300.0,
      "time period 4": 0.0
    },
    "Stored energy (MWh)": {
      "time period 1": 254.11764705882345,
      "time period 2": 176.47058823529412,
      "time period 3": 0.0,
      "time period 4": 0.0
    },
    "Final energy (MWh)": 0.0,
    "Hourly average cost ($)": {
      "time period 1": 0.0,
      "time period 2": 0.0,
      "time period 3": 0.0,
      "time period 4": 0.0
    },
    "Hourly average revenue ($)": {
      "time period 1": 80935.4169228431,
      "time period 2": 31478.0185251251,
      "time period 3": 78160.58093297142,
      "time period 4": 0.0
    },
    "Total average cost ($)": 0.0,
    "Total average revenue ($)": 190574.01638093963,
    "Total average profit ($)": 190574.01638093963
  }
}
