{
  "Storage unit 1": {
    "Discharging power (MW)": {
      "time period 1": 0.0,
      "time period 2": 0.0,
      "time period 3": 0.0,
      "time period 4": 0.0,
      "time period 5": 0.0,
      "time period 6": 0.0,
      "time period 7": 0.0,
      "time period 8": 300.0,
      "time period 9": 0.0,
      "time period 10": 0.0,
      "time period 11": 0.0,
      "time period 12": 0.0,
      "time period 13": 0.0,
      "time period 14": 300.0,
      "time period 15": 0.0,
      "time period 16": 0.0,
      "time period 17": 164.99999999999994,
      "time period 18": 0.0,
      "time period 19": 0.0,
      "time period 20": 0.0
    },
    "Charging power (MW)": {
      "time period 1": 300.0,
      "time period 2": 300.0,
      "time period 3": 0.0,
      "time period 4": 0.0,
      "time period 5": 0.0,
      "time period 6": 0.0,
      "time period 7": 0.0,
      "time period 8": 0.0,
      "time period 9": 0.0,
      "time period 10": 0.0,
      "time period 11": 0.0,
      "time period 12": 0.0,
      "time period 13": 0.0,
      "time period 14": 0.0,
      "time period 15": 0.0,
      "time period 16": 0.0,
      "time period 17": 0.0,
      "time period 18": 0.0,
      "time period 19": 0.0,
      "time period 20": 0.0
    },
    "Net discharging power (MW)": {
      "time period 1": -300.0,
      "time period 2": -300.0,
      "time period 3": 0.0,
      "time period 4": 0.0,
      "time period 5": 0.0,
      "time period 6": 0.0,
      "time period 7": 0.0,
      "time period 8": 300.0,
      "time period 9": 0.0,
      "time period 10": 0.0,
      "time period 11": 0.0,
      "time period 12": 0.0,
      "time period 13": 0.0,
      "time period 14": 300.0,
      "time period 15": 0.0,
      "time period 16": 0.0,
      "time period 17": 164.99999999999994,
      "time period 18": 0.0,
      "time period 19": 0.0,
      "time period 20": 0.0
    },
    "Stored energy (MWh)": {
      "time period 1": 322.5,
      "time period 2": 450.0,
      "time period 3": 450.0,
      "time period 4": 450.0,
      "time period 5": 450.0,
      "time period 6": 450.0,
      "time period 7": 450.0,
      "time period 8": 273.52941176470586,
      "time period 9": 273.52941176470586,
      "time period 10": 273.52941176470586,
      "time period 11": 273.52941176470586,
      "time period 12": 273.52941176470586,
      "time period 13": 273.52941176470586,
      "time period 14": 97.05882352941174,
      "time period 15": 97.05882352941174,
      "time period 16": 97.05882352941174,
      "time period 17": 0.0,
      "time period 18": 0.0,
      "time period 19": 0.0,
      "time period 20": 0.0
    },
    "Final energy (MWh)": 0.0,
    "Hourly average cost ($)": {
      "time period 1": 29782.416922843106,
      "time period 2": 32525.95119346619,
      "time period 3": 0.0,
      "time period 4": 0.0,
      "time period 5": 0.0,
      "time period 6": 0.0,
      "time period 7": 0.0,
      "time period 8": 0.0,
      "time period 9": 0.0,
      "time period 10": 0.0,
      "time period 11": 0.0,
      "time period 12": 0.0,
      "time period 13": 0.0,
      "time period 14": 0.0,
      "time period 15": 0.0,
      "time period 16": 0.0,
      "time period 17": 0.0,
      "time period 18": 0.0,
      "time period 19": 0.0,
      "time period 20": 0.0
    },
    "Hourly average revenue ($)": {
      "time period 1": 0.0,
      "time period 2": 0.0,
      "time period 3": 0.0,
      "time period 4": 0.0,
      "time period 5": 0.0,
      "time period 6": 0.0,
      "time period 7": 0.0,
      "time period 8": 95266.37669242854,
      "time period 9": 0.0,
      "time period 10": 0.0,
      "time period 11": 0.0,
      "time period 12": 0.0,
      "time period 13": 0.0,
      "time period 14": 93621.82401145932,
      "time period 15": 0.0,
      "time period 16": 0.0,
      "time period 17": 48190.10068412016,
      "time period 18": 0.0,
      "time period 19": 0.0,
      "time period 20": 0.0
    },
    "Total average cost ($)": 62308.3681163093,
    "Total average revenue ($)": 237078.301388008,
    "Total average profit ($)": 174769.9332716987
  }
}
