{
  "Storage unit 1": {
    "Discharging power (MW)": {
      "time period 1": 0.0,
      "time period 2": 0.0,
      "time period 3": 0.0,
      "time period 4": 300.0,
      "time period 5": 300.0,
      "time period 6": 300.0,
      "time period 7": 0.0,
      "time period 8": 0.0,
      "time period 9": 0.0,
      "time period 10": 0.0,
      "time period 11": 300.0,
      "time period 12": 0.0,
      "time period 13": 0.0,
      "time period 14": 300.0,
      "time period 15": 300.0,
      "time period 16": 300.0,
      "time period 17": 0.0
    },
    "Charging power (MW)": {
      "time period 1": 300.0,
      "time period 2": 0.0,
      "time period 3": 0.0,
      "time period 4": 0.0,
      "time period 5": 0.0,
      "time period 6": 0.0,
      "time period 7": 300.0,
      "time period 8": 300.0,
      "time period 9": 177.16262975778565,
      "time period 10": 0.0,
      "time period 11": 0.0,
      "time period 12": 300.0,
      "time period 13": 300.0,
      "time period 14": 0.0,
      "time period 15": 0.0,
      "time period 16": 0.0,
      "time period 17": 0.0
    },
    "Net discharging power (MW)": {
      "time period 1": -300.0,
      "time period 2": 0.0,
      "time period 3": 0.0,
      "time period 4": 300.0,
      "time period 5": 300.0,
      "time period 6": 300.0,
      "time period 7": -300.0,
      "time period 8": -300.0,
      "time period 9": -177.16262975778565,
      "time period 10": 0.0,
      "time period 11": 300.0,
      "time period 12": -300.0,
      "time period 13": -300.0,
      "time period 14": 300.0,
      "time period 15": 300.0,
      "time period 16": 300.0,
      "time period 17": 0.0
    },
    "Stored energy (MWh)": {
      "time period 1": 650.0,
      "time period 2": 650.0,
      "time period 3": 650.0,
      "time period 4": 473.52941176470586,
      "time period 5": 297.0588235294117,
      "time period 6": 120.5882352941176,
      "time period 7": 248.0882352941176,
      "time period 8": 375.58823529411757,
      "time period 9": 450.88235294117646,
      "time period 10": 450.88235294117646,
      "time period 11": 274.4117647058823,
      "time period 12": 401.9117647058823,
      "time period 13": 529.4117647058823,
      "time period 14": 352.94117647058823,
      "time period 15": 176.47058823529412,
      "time period 16": 0.0,
      "time period 17": 0.0
    },
    "Final energy (MWh)": 0.0,
    "Hourly average cost ($)": {
      "time period 1": 39742.416922843106,
      "time period 2": 0.0,
      "time period 3": 0.0,
      "time period 4": 0.0,
      "time period 5": 0.0,
      "time period 6": 0.0,
      "time period 7": 43327.90189229003,
      "time period 8": 48592.376692428596,
      "time period 9": 34106.988734112565,
      "time period 10": 0.0,
      "time period 11": 0.0,
      "time period 12": 44237.119473085324,
      "time period 13": 46610.369930877656,
      "time period 14": 0.0,
      "time period 15": 0.0,
      "time period 16": 0.0,
      "time period 17": 0.0
    },
    "Hourly average revenue ($)": {
      "time period 1": 0.0,
      "time period 2": 0.0,
      "time period 3": 0.0,
      "time period 4": 83031.09609757415,
      "time period 5": 91978.16519819254,
      "time period 6": 81291.37058125489,
      "time period 7": 0.0,
      "time period 8": 0.0,
      "time period 9": 0.0,
      "time period 10": 0.0,
      "time period 11": 94418.69055460148,
      "time period 12": 0.0,
      "time period 13": 0.0,
      "time period 14": 89277.82401145932,
      "time period 15": 79993.59510292052,
      "time period 16": 85424.2424608612,
      "time period 17": 0.0
    },
    "Total average cost ($)": 256617.1736456373,
    "Total average revenue ($)": 605414.9840068641,
    "Total average profit ($)": 348797.81036122685
  }
}
