{
  "Storage unit 1": {
    "Discharging power (MW)": {
      "time period 1": 0.0,
      "time period 2": 0.0,
      "time period 3": 0.0,
      "time period 4": 0.0,
      "time period 5": 0.0,
      "time period 6": 0.0,
      "time period 7": 300.0,
      "time period 8": 0.0,
      "time period 9": 0.0
    },
    "Charging power (MW)": {
      "time period 1": 0.0,
      "time period 2": 186.85121107266454,
      "time period 3": 0.0,
      "time period 4": 0.0,
      "time period 5": 0.0,
      "time period 6": 0.0,
      "time period 7": 0.0,
      "time period 8": 0.0,
      "time period 9": 0.0
    },
    "Net discharging power (MW)": {
      "time period 1": 0.0,
      "time period 2": -186.85121107266454,
      "time period 3": 0.0,
      "time period 4": 0.0,
      "time period 5": 0.0,
      "time period 6": 0.0,
      "time period 7": 300.0,
      "time period 8": 0.0,
      "time period 9": 0.0
    },
    "Stored energy (MWh)": {
      "time period 1": 97.05882352941168,
      "time period 2": 176.47058823529412,
      "time period 3": 176.47058823529412,
      "time period 4": 176.47058823529412,
      "time period 5": 176.47058823529412,
      "time period 6": 176.47058823529412,
      "time period 7": 0.0,
      "time period 8": 0.0,
      "time period 9": 0.0
    },
    "Final energy (MWh)": 0.0,
    "Hourly average cost ($)": {
      "time period 1": 0.0,
      "time period 2": 40167.37444575751,
      "time period 3": 0.0,
      "time period 4": 0.0,
      "time period 5": 0.0,
      "time period 6": 0.0,
      "time period 7": 0.0,
      "time period 8": 0.0,
      "time period 9": 0.0
    },
    "Hourly average revenue ($)": {
      "time period 1": 0.0,
      "time period 2": 0.0,
      "time period 3": 0.0,
      "time period 4": 0.0,
      "time period 5": 0.0,
      "time period 6": 0.0,
      "time period 7": 1.0378339018922902e6,
      "time period 8": 0.0,
      "time period 9": 0.0
    },
    "Total average cost ($)": 40167.37444575751,
    "Total average revenue ($)": 1.0378339018922902e6,
    "Total average profit ($)": 997666.5274465327
  }
}
