{
  "Storage unit 1": {
    "Discharging power (MW)": {
      "time period 1": 0.0,
      "time period 2": 30.0,
      "time period 3": 0.0,
      "time period 4": 0.0,
      "time period 5": 0.0,
      "time period 6": 0.0,
      "time period 7": 21.675,
      "time period 8": 0.0,
      "time period 9": 0.0,
      "time period 10": 3.999999999999998,
      "time period 11": 30.0,
      "time period 12": 0.0,
      "time period 13": 0.0,
      "time period 14": 0.0,
      "time period 15": 3.999999999999998,
      "time period 16": 30.0,
      "time period 17": 0.0,
      "time period 18": 0.0,
      "time period 19": 0.0,
      "time period 20": 0.0,
      "time period 21": 0.0,
      "time period 22": 0.0,
      "time period 23": 0.0,
      "time period 24": 3.999999999999998,
      "time period 25": 30.0,
      "time period 26": 0.0,
      "time period 27": 0.0,
      "time period 28": 0.0,
      "time period 29": 0.0,
      "time period 30": 3.999999999999998,
      "time period 31": 30.0,
      "time period 32": 0.0,
      "time period 33": 0.0,
      "time period 34": 30.0,
      "time period 35": 0.0,
      "time period 36": 3.999999999999998,
      "time period 37": 0.0
    },
    "Charging power (MW)": {
      "time period 1": 0.0,
      "time period 2": 0.0,
      "time period 3": 0.0,
      "time period 4": 0.0,
      "time period 5": 30.0,
      "time period 6": 11.522491349480973,
      "time period 7": 0.0,
      "time period 8": 0.0,
      "time period 9": 30.0,
      "time period 10": 0.0,
      "time period 11": 0.0,
      "time period 12": 30.0,
      "time period 13": 17.058823529411764,
      "time period 14": 0.0,
      "time period 15": 0.0,
      "time period 16": 0.0,
      "time period 17": 0.0,
      "time period 18": 30.0,
      "time period 19": 17.058823529411764,
      "time period 20": 0.0,
      "time period 21": 0.0,
      "time period 22": 0.0,
      "time period 23": 0.0,
      "time period 24": 0.0,
      "time period 25": 0.0,
      "time period 26": 0.0,
      "time period 27": 30.0,
      "time period 28": 17.058823529411764,
      "time period 29": 0.0,
      "time period 30": 0.0,
      "time period 31": 0.0,
      "time period 32": 17.058823529411764,
      "time period 33": 30.0,
      "time period 34": 0.0,
      "time period 35": 0.0,
      "time period 36": 0.0,
      "time period 37": 0.0
    },
    "Net discharging power (MW)": {
      "time period 1": 0.0,
      "time period 2": 30.0,
      "time period 3": 0.0,
      "time period 4": 0.0,
      "time period 5": -30.0,
      "time period 6": -11.522491349480973,
      "time period 7": 21.675,
      "time period 8": 0.0,
      "time period 9": -30.0,
      "time period 10": 3.999999999999998,
      "time period 11": 30.0,
      "time period 12": -30.0,
      "time period 13": -17.058823529411764,
      "time period 14": 0.0,
      "time period 15": 3.999999999999998,
      "time period 16": 30.0,
      "time period 17": 0.0,
      "time period 18": -30.0,
      "time period 19": -17.058823529411764,
      "time period 20": 0.0,
      "time period 21": 0.0,
      "time period 22": 0.0,
      "time period 23": 0.0,
      "time period 24": 3.999999999999998,
      "time period 25": 30.0,
      "time period 26": 0.0,
      "time period 27": -30.0,
      "time period 28": -17.058823529411764,
      "time period 29": 0.0,
      "time period 30": 3.999999999999998,
      "time period 31": 30.0,
      "time period 32": -17.058823529411764,
      "time period 33": -30.0,
      "time period 34": 30.0,
      "time period 35": 0.0,
      "time period 36": 3.999999999999998,
      "time period 37": 0.0
    },
    "Stored energy (MWh)": {
      "time period 1": 20.0,
      "time period 2": 2.352941176470587,
      "time period 3": 2.352941176470587,
      "time period 4": 2.352941176470587,
      "time period 5": 15.102941176470587,
      "time period 6": 20.0,
      "time period 7": 7.25,
      "time period 8": 7.25,
      "time period 9": 20.0,
      "time period 10": 17.647058823529413,
      "time period 11": 0.0,
      "time period 12": 12.75,
      "time period 13": 20.0,
      "time period 14": 20.0,
      "time period 15": 17.647058823529413,
      "time period 16": 0.0,
      "time period 17": 0.0,
      "time period 18": 12.75,
      "time period 19": 20.0,
      "time period 20": 20.0,
      "time period 21": 20.0,
      "time period 22": 20.0,
      "time period 23": 20.0,
      "time period 24": 17.647058823529413,
      "time period 25": 0.0,
      "time period 26": 0.0,
      "time period 27": 12.75,
      "time period 28": 20.0,
      "time period 29": 20.0,
      "time period 30": 17.647058823529413,
      "time period 31": 0.0,
      "time period 32": 7.25,
      "time period 33": 20.0,
      "time period 34": 2.352941176470587,
      "time period 35": 2.352941176470587,
      "time period 36": 0.0,
      "time period 37": 0.0
    },
    "Final energy (MWh)": 0.0,
    "Hourly average cost ($)": {
      "time period 1": 0.0,
      "time period 2": 0.0,
      "time period 3": 0.0,
      "time period 4": 0.0,
      "time period 5": 3024.116519819251,
      "time period 6": 1956.6484894530424,
      "time period 7": 0.0,
      "time period 8": 0.0,
      "time period 9": 4196.038912592882,
      "time period 10": 0.0,
      "time period 11": 0.0,
      "time period 12": 4005.211947308534,
      "time period 13": 2965.470054893046,
      "time period 14": 0.0,
      "time period 15": 0.0,
      "time period 16": 0.0,
      "time period 17": 0.0,
      "time period 18": 3737.2969296112065,
      "time period 19": 2315.8685503764436,
      "time period 20": 0.0,
      "time period 21": 0.0,
      "time period 22": 0.0,
      "time period 23": 0.0,
      "time period 24": 0.0,
      "time period 25": 0.0,
      "time period 26": 0.0,
      "time period 27": 4992.79844080353,
      "time period 28": 2947.9427559993965,
      "time period 29": 0.0,
      "time period 30": 0.0,
      "time period 31": 0.0,
      "time period 32": 2539.6566820271996,
      "time period 33": 4163.289264930725,
      "time period 34": 0.0,
      "time period 35": 0.0,
      "time period 36": 0.0,
      "time period 37": 0.0
    },
    "Hourly average revenue ($)": {
      "time period 1": 0.0,
      "time period 2": 7272.895119346618,
      "time period 3": 0.0,
      "time period 4": 0.0,
      "time period 5": 0.0,
      "time period 6": 0.0,
      "time period 7": 5207.989661717954,
      "time period 8": 0.0,
      "time period 9": 0.0,
      "time period 10": 1098.3983374991085,
      "time period 11": 8648.669055460145,
      "time period 12": 0.0,
      "time period 13": 0.0,
      "time period 14": 0.0,
      "time period 15": 1116.1812680389396,
      "time period 16": 8436.224246086118,
      "time period 17": 0.0,
      "time period 18": 0.0,
      "time period 19": 0.0,
      "time period 20": 0.0,
      "time period 21": 0.0,
      "time period 22": 0.0,
      "time period 23": 0.0,
      "time period 24": 1206.7372744323727,
      "time period 25": 9898.957963623054,
      "time period 26": 0.0,
      "time period 27": 0.0,
      "time period 28": 0.0,
      "time period 29": 0.0,
      "time period 30": 1007.6649769832605,
      "time period 31": 9153.812558163641,
      "time period 32": 0.0,
      "time period 33": 0.0,
      "time period 34": 8667.885095466609,
      "time period 35": 0.0,
      "time period 36": 1120.9862331726067,
      "time period 37": 0.0
    },
    "Total average cost ($)": 36844.33854781525,
    "Total average revenue ($)": 62836.40178999043,
    "Total average profit ($)": 25992.06324217518
  }
}
