{
  "Storage unit 1": {
    "Discharging power (MW)": {
      "time period 1": 0.0,
      "time period 2": 0.0,
      "time period 3": 0.0,
      "time period 4": 0.0,
      "time period 5": 0.0,
      "time period 6": 0.0,
      "time period 7": 0.0,
      "time period 8": 0.0,
      "time period 9": 0.0,
      "time period 10": 0.0,
      "time period 11": 0.0,
      "time period 12": 30.0,
      "time period 13": 0.0,
      "time period 14": 0.0,
      "time period 15": 0.0,
      "time period 16": 0.0,
      "time period 17": 13.349999999999998,
      "time period 18": 0.0,
      "time period 19": 0.0,
      "time period 20": 3.999999999999998,
      "time period 21": 30.0,
      "time period 22": 0.0,
      "time period 23": 0.0,
      "time period 24": 0.0,
      "time period 25": 3.999999999999998,
      "time period 26": 30.0,
      "time period 27": 0.0,
      "time period 28": 0.0,
      "time period 29": 0.0,
      "time period 30": 0.0,
      "time period 31": 0.0,
      "time period 32": 0.0,
      "time period 33": 0.0,
      "time period 34": 3.999999999999998,
      "time period 35": 30.0,
      "time period 36": 0.0,
      "time period 37": 0.0,
      "time period 38": 0.0,
      "time period 39": 0.0,
      "time period 40": 3.999999999999998,
      "time period 41": 30.0,
      "time period 42": 0.0,
      "time period 43": 0.0,
      "time period 44": 3.999999999999998,
      "time period 45": 0.0,
      "time period 46": 30.0,
      "time period 47": 0.0
    },
    "Charging power (MW)": {
      "time period 1": 0.0,
      "time period 2": 0.0,
      "time period 3": 0.0,
      "time period 4": 17.058823529411764,
      "time period 5": 30.0,
      "time period 6": 0.0,
      "time period 7": 0.0,
      "time period 8": 0.0,
      "time period 9": 0.0,
      "time period 10": 0.0,
      "time period 11": 0.0,
      "time period 12": 0.0,
      "time period 13": 0.0,
      "time period 14": 0.0,
      "time period 15": 30.0,
      "time period 16": 0.0,
      "time period 17": 0.0,
      "time period 18": 0.0,
      "time period 19": 30.0,
      "time period 20": 0.0,
      "time period 21": 0.0,
      "time period 22": 30.0,
      "time period 23": 17.058823529411764,
      "time period 24": 0.0,
      "time period 25": 0.0,
      "time period 26": 0.0,
      "time period 27": 0.0,
      "time period 28": 30.0,
      "time period 29": 17.058823529411764,
      "time period 30": 0.0,
      "time period 31": 0.0,
      "time period 32": 0.0,
      "time period 33": 0.0,
      "time period 34": 0.0,
      "time period 35": 0.0,
      "time period 36": 0.0,
      "time period 37": 30.0,
      "time period 38": 17.058823529411764,
      "time period 39": 0.0,
      "time period 40": 0.0,
      "time period 41": 0.0,
      "time period 42": 30.0,
      "time period 43": 17.058823529411764,
      "time period 44": 0.0,
      "time period 45": 0.0,
      "time period 46": 0.0,
      "time period 47": 0.0
    },
    "Net discharging power (MW)": {
      "time period 1": 0.0,
      "time period 2": 0.0,
      "time period 3": 0.0,
      "time period 4": -17.058823529411764,
      "time period 5": -30.0,
      "time period 6": 0.0,
      "time period 7": 0.0,
      "time period 8": 0.0,
      "time period 9": 0.0,
      "time period 10": 0.0,
      "time period 11": 0.0,
      "time period 12": 30.0,
      "time period 13": 0.0,
      "time period 14": 0.0,
      "time period 15": -30.0,
      "time period 16": 0.0,
      "time period 17": 13.349999999999998,
      "time period 18": 0.0,
      "time period 19": -30.0,
      "time period 20": 3.999999999999998,
      "time period 21": 30.0,
      "time period 22": -30.0,
      "time period 23": -17.058823529411764,
      "time period 24": 0.0,
      "time period 25": 3.999999999999998,
      "time period 26": 30.0,
      "time period 27": 0.0,
      "time period 28": -30.0,
      "time period 29": -17.058823529411764,
      "time period 30": 0.0,
      "time period 31": 0.0,
      "time period 32": 0.0,
      "time period 33": 0.0,
      "time period 34": 3.999999999999998,
      "time period 35": 30.0,
      "time period 36": 0.0,
      "time period 37": -30.0,
      "time period 38": -17.058823529411764,
      "time period 39": 0.0,
      "time period 40": 3.999999999999998,
      "time period 41": 30.0,
      "time period 42": -30.0,
      "time period 43": -17.058823529411764,
      "time period 44": 3.999999999999998,
      "time period 45": 0.0,
      "time period 46": 30.0,
      "time period 47": 0.0
    },
    "Stored energy (MWh)": {
      "time period 1": 0.0,
      "time period 2": 0.0,
      "time period 3": 0.0,
      "time period 4": 7.25,
      "time period 5": 20.0,
      "time period 6": 20.0,
      "time period 7": 20.0,
      "time period 8": 20.0,
      "time period 9": 20.0,
      "time period 10": 20.0,
      "time period 11": 20.0,
      "time period 12": 2.352941176470587,
      "time period 13": 2.352941176470587,
      "time period 14": 2.352941176470587,
      "time period 15": 15.102941176470587,
      "time period 16": 15.102941176470587,
      "time period 17": 7.25,
      "time period 18": 7.25,
      "time period 19": 20.0,
      "time period 20": 17.647058823529413,
      "time period 21": 0.0,
      "time period 22": 12.75,
      "time period 23": 20.0,
      "time period 24": 20.0,
      "time period 25": 17.647058823529413,
      "time period 26": 0.0,
      "time period 27": 0.0,
      "time period 28": 12.75,
      "time period 29": 20.0,
      "time period 30": 20.0,
      "time period 31": 20.0,
      "time period 32": 20.0,
      "time period 33": 20.0,
      "time period 34": 17.647058823529413,
      "time period 35": 0.0,
      "time period 36": 0.0,
      "time period 37": 12.75,
      "time period 38": 20.0,
      "time period 39": 20.0,
      "time period 40": 17.647058823529413,
      "time period 41": 0.0,
      "time period 42": 12.75,
      "time period 43": 20.0,
      "time period 44": 17.647058823529413,
      "time period 45": 17.647058823529413,
      "time period 46": 0.0,
      "time period 47": 0.0
    },
    "Final energy (MWh)": 0.0,
    "Hourly average cost ($)": {
      "time period 1": 0.0,
      "time period 2": 0.0,
      "time period 3": 0.0,
      "time period 4": 1712.881934960099,
      "time period 5": 2792.5165198192512,
      "time period 6": 0.0,
      "time period 7": 0.0,
      "time period 8": 0.0,
      "time period 9": 0.0,
      "time period 10": 0.0,
      "time period 11": 0.0,
      "time period 12": 0.0,
      "time period 13": 0.0,
      "time period 14": 0.0,
      "time period 15": 3813.159510292053,
      "time period 16": 0.0,
      "time period 17": 0.0,
      "time period 18": 0.0,
      "time period 19": 4487.0343472137465,
      "time period 20": 0.0,
      "time period 21": 0.0,
      "time period 22": 3776.501734794615,
      "time period 23": 2739.7760087939982,
      "time period 24": 0.0,
      "time period 25": 0.0,
      "time period 26": 0.0,
      "time period 27": 0.0,
      "time period 28": 3627.0131226196286,
      "time period 29": 2398.530239622845,
      "time period 30": 0.0,
      "time period 31": 0.0,
      "time period 32": 0.0,
      "time period 33": 0.0,
      "time period 34": 0.0,
      "time period 35": 0.0,
      "time period 36": 0.0,
      "time period 37": 4684.354992736816,
      "time period 38": 2940.53144182048,
      "time period 39": 0.0,
      "time period 40": 0.0,
      "time period 41": 0.0,
      "time period 42": 4213.513202442168,
      "time period 43": 2583.720733890927,
      "time period 44": 0.0,
      "time period 45": 0.0,
      "time period 46": 0.0,
      "time period 47": 0.0
    },
    "Hourly average revenue ($)": {
      "time period 1": 0.0,
      "time period 2": 0.0,
      "time period 3": 0.0,
      "time period 4": 0.0,
      "time period 5": 0.0,
      "time period 6": 0.0,
      "time period 7": 0.0,
      "time period 8": 0.0,