{
  "Storage unit 1": {
    "Discharging power (MW)": {
      "time period 1": 0.0,
      "time period 2": 0.0,
      "time period 3": 3.999999999999998,
      "time period 4": 30.0,
      "time period 5": 0.0,
      "time period 6": 0.0,
      "time period 7": 0.0,
      "time period 8": 0.0,
      "time period 9": 0.0,
      "time period 10": 0.0,
      "time period 11": 0.0,
      "time period 12": 3.999999999999998,
      "time period 13": 30.0,
      "time period 14": 0.0,
      "time period 15": 0.0,
      "time period 16": 0.0,
      "time period 17": 0.0,
      "time period 18": 3.999999999999998,
      "time period 19": 30.0,
      "time period 20": 0.0,
      "time period 21": 0.0,
      "time period 22": 30.0,
      "time period 23": 0.0,
      "time period 24": 3.999999999999998,
      "time period 25": 0.0
    },
    "Charging power (MW)": {
      "time period 1": 17.058823529411764,
      "time period 2": 0.0,
      "time period 3": 0.0,
      "time period 4": 0.0,
      "time period 5": 0.0,
      "time period 6": 30.0,
      "time period 7": 17.058823529411764,
      "time period 8": 0.0,
      "time period 9": 0.0,
      "time period 10": 0.0,
      "time period 11": 0.0,
      "time period 12": 0.0,
      "time period 13": 0.0,
      "time period 14": 0.0,
      "time period 15": 30.0,
      "time period 16": 17.058823529411764,
      "time period 17": 0.0,
      "time period 18": 0.0,
      "time period 19": 0.0,
      "time period 20": 30.0,
      "time period 21": 17.058823529411764,
      "time period 22": 0.0,
      "time period 23": 0.0,
      "time period 24": 0.0,
      "time period 25": 0.0
    },
    "Net discharging power (MW)": {
      "time period 1": -17.058823529411764,
      "time period 2": 0.0,
      "time period 3": 3.999999999999998,
      "time period 4": 30.0,
      "time period 5": 0.0,
      "time period 6": -30.0,
      "time period 7": -17.058823529411764,
      "time period 8": 0.0,
      "time period 9": 0.0,
      "time period 10": 0.0,
      "time period 11": 0.0,
      "time period 12": 3.999999999999998,
      "time period 13": 30.0,
      "time period 14": 0.0,
      "time period 15": -30.0,
      "time period 16": -17.058823529411764,
      "time period 17": 0.0,
      "time period 18": 3.999999999999998,
      "time period 19": 30.0,
      "time period 20": -30.0,
      "time period 21": -17.058823529411764,
      "time period 22": 30.0,
      "time period 23": 0.0,
      "time period 24": 3.999999999999998,
      "time period 25": 0.0
    },
    "Stored energy (MWh)": {
      "time period 1": 20.0,
      "time period 2": 20.0,
      "time period 3": 17.647058823529413,
      "time period 4": 0.0,
      "time period 5": 0.0,
      "time period 6": 12.75,
      "time period 7": 20.0,
      "time period 8": 20.0,
      "time period 9": 20.0,
      "time period 10": 20.0,
      "time period 11": 20.0,
      "time period 12": 17.647058823529413,
      "time period 13": 0.0,
      "time period 14": 0.0,
      "time period 15": 12.75,
      "time period 16": 20.0,
      "time period 17": 20.0,
      "time period 18": 17.647058823529413,
      "time period 19": 0.0,
      "time period 20": 12.75,
      "time period 21": 20.0,
      "time period 22": 2.352941176470587,
      "time period 23": 2.352941176470587,
      "time period 24": 0.0,
      "time period 25": 0.0
    },
    "Final energy (MWh)": 0.0,
    "Hourly average cost ($)": {
      "time period 1": 2352.1511583577444,
      "time period 2": 0.0,
      "time period 3": 0.0,
      "time period 4": 0.0,
      "time period 5": 0.0,
      "time period 6": 3294.3370581254876,
      "time period 7": 2035.39638211061,
      "time period 8": 0.0,
      "time period 9": 0.0,
      "time period 10": 0.0,
      "time period 11": 0.0,
      "time period 12": 0.0,
      "time period 13": 0.0,
      "time period 14": 0.0,
      "time period 15": 4851.159510292054,
      "time period 16": 2992.4157477744598,
      "time period 17": 0.0,
      "time period 18": 0.0,
      "time period 19": 0.0,
      "time period 20": 4160.976520980835,
      "time period 21": 2427.419956384099,
      "time period 22": 0.0,
      "time period 23": 0.0,
      "time period 24": 0.0,
      "time period 25": 0.0
    },
    "Hourly average revenue ($)": {
      "time period 1": 0.0,
      "time period 2": 0.0,
      "time period 3": 1011.7410791062846,
      "time period 4": 7695.909609757415,
      "time period 5": 0.0,
      "time period 6": 0.0,
      "time period 7": 0.0,
      "time period 8": 0.0,
      "time period 9": 0.0,
      "time period 10": 0.0,
      "time period 11": 0.0,
      "time period 12": 1226.1082596411368,
      "time period 13": 10281.53699308777,
      "time period 14": 0.0,
      "time period 15": 0.0,
      "time period 16": 0.0,
      "time period 17": 0.0,
      "time period 18": 1027.6262572814937,
      "time period 19": 9286.734347213744,
      "time period 20": 0.0,
      "time period 21": 0.0,
      "time period 22": 8744.20173479462,
      "time period 23": 0.0,
      "time period 24": 1139.9372744323723,
      "time period 25": 0.0
    },
    "Total average cost ($)": 22113.85633402529,
    "Total average revenue ($)": 40413.79555531483,
    "Total average profit ($)": 18299.939221289536
  }
}
