{
  "Storage unit 1": {
    "Discharging power (MW)": {
      "time period 1": 0.0,
      "time period 2": 3.999999999999998,
      "time period 3": 30.0,
      "time period 4": 0.0,
      "time period 5": 0.0,
      "time period 6": 0.0,
      "time period 7": 0.0,
      "time period 8": 0.0,
      "time period 9": 0.0,
      "time period 10": 0.0,
      "time period 11": 3.999999999999998,
      "time period 12": 30.0,
      "time period 13": 0.0,
      "time period 14": 0.0,
      "time period 15": 0.0,
      "time period 16": 0.0,
      "time period 17": 3.999999999999998,
      "time period 18": 30.0,
      "time period 19": 0.0,
      "time period 20": 0.0,
      "time period 21": 30.0,
      "time period 22": 0.0,
      "time period 23": 3.999999999999998,
      "time period 24": 0.0
    },
    "Charging power (MW)": {
      "time period 1": 0.0,
      "time period 2": 0.0,
      "time period 3": 0.0,
      "time period 4": 0.0,
      "time period 5": 30.0,
      "time period 6": 17.058823529411764,
      "time period 7": 0.0,
      "time period 8": 0.0,
      "time period 9": 0.0,
      "time period 10": 0.0,
      "time period 11": 0.0,
      "time period 12": 0.0,
      "time period 13": 0.0,
      "time period 14": 30.0,
      "time period 15": 17.058823529411764,
      "time period 16": 0.0,
      "time period 17": 0.0,
      "time period 18": 0.0,
      "time period 19": 17.058823529411764,
      "time period 20": 30.0,
      "time period 21": 0.0,
      "time period 22": 0.0,
      "time period 23": 0.0,
      "time period 24": 0.0
    },
    "Net discharging power (MW)": {
      "time period 1": 0.0,
      "time period 2": 3.999999999999998,
      "time period 3": 30.0,
      "time period 4": 0.0,
      "time period 5": -30.0,
      "time period 6": -17.058823529411764,
      "time period 7": 0.0,
      "time period 8": 0.0,
      "time period 9": 0.0,
      "time period 10": 0.0,
      "time period 11": 3.999999999999998,
      "time period 12": 30.0,
      "time period 13": 0.0,
      "time period 14": -30.0,
      "time period 15": -17.058823529411764,
      "time period 16": 0.0,
      "time period 17": 3.999999999999998,
      "time period 18": 30.0,
      "time period 19": -17.058823529411764,
      "time period 20": -30.0,
      "time period 21": 30.0,
      "time period 22": 0.0,
      "time period 23": 3.999999999999998,
      "time period 24": 0.0
    },
    "Stored energy (MWh)": {
      "time period 1": 20.0,
      "time period 2": 17.647058823529413,
      "time period 3": 0.0,
      "time period 4": 0.0,
      "time period 5": 12.75,
      "time period 6": 20.0,
      "time period 7": 20.0,
      "time period 8": 20.0,
      "time period 9": 20.0,
      "time period 10": 20.0,
      "time period 11": 17.647058823529413,
      "time period 12": 0.0,
      "time period 13": 0.0,
      "time period 14": 12.75,
      "time period 15": 20.0,
      "time period 16": 20.0,
      "time period 17": 17.647058823529413,
      "time period 18": 0.0,
      "time period 19": 7.25,
      "time period 20": 20.0,
      "time period 21": 2.352941176470587,
      "time period 22": 2.352941176470587,
      "time period 23": 0.0,
      "time period 24": 0.0
    },
    "Final energy (MWh)": 0.0,
    "Hourly average cost ($)": {
      "time period 1": 0.0,
      "time period 2": 0.0,
      "time period 3": 0.0,
      "time period 4": 0.0,
      "time period 5": 2973.1165198192516,
      "time period 6": 2064.1387193262576,
      "time period 7": 0.0,
      "time period 8": 0.0,
      "time period 9": 0.0,
      "time period 10": 0.0,
      "time period 11": 0.0,
      "time period 12": 0.0,
      "time period 13": 0.0,
      "time period 14": 4901.482401145935,
      "time period 15": 3024.7907019307745,
      "time period 16": 0.0,
      "time period 17": 0.0,
      "time period 18": 0.0,
      "time period 19": 2446.8803150823255,
      "time period 20": 4199.076520980835,
      "time period 21": 0.0,
      "time period 22": 0.0,
      "time period 23": 0.0,
      "time period 24": 0.0
    },
    "Hourly average revenue ($)": {
      "time period 1": 0.0,
      "time period 2": 1003.4793492462153,
      "time period 3": 7709.858093297138,
      "time period 4": 0.0,
      "time period 5": 0.0,
      "time period 6": 0.0,
      "time period 7": 0.0,
      "time period 8": 0.0,
      "time period 9": 0.0,
      "time period 10": 0.0,
      "time period 11": 1230.715874061352,
      "time period 12": 10082.311947308528,
      "time period 13": 0.0,
      "time period 14": 0.0,
      "time period 15": 0.0,
      "time period 16": 0.0,
      "time period 17": 1015.5248650695797,
      "time period 18": 9286.996929611207,
      "time period 19": 0.0,
      "time period 20": 0.0,
      "time period 21": 8780.010957778935,
      "time period 22": 0.0,
      "time period 23": 1132.9502365447986,
      "time period 24": 0.0
    },
    "Total average cost ($)": 19609.48517828538,
    "Total average revenue ($)": 40241.848252917756,
    "Total average profit ($)": 20632.363074632376
  }
}
