{
  "Storage unit 1": {
    "Discharging power (MW)": {
      "time period 1": 0.0,
      "time period 2": 0.0,
      "time period 3": 0.0,
      "time period 4": 0.0,
      "time period 5": 0.0,
      "time period 6": 0.0,
      "time period 7": 3.999999999999998,
      "time period 8": 30.0,
      "time period 9": 0.0,
      "time period 10": 0.0,
      "time period 11": 0.0,
      "time period 12": 0.0,
      "time period 13": 3.999999999999998,
      "time period 14": 30.0,
      "time period 15": 0.0,
      "time period 16": 0.0,
      "time period 17": 30.0,
      "time period 18": 0.0,
      "time period 19": 3.999999999999998,
      "time period 20": 0.0
    },
    "Charging power (MW)": {
      "time period 1": 30.0,
      "time period 2": 17.058823529411764,
      "time period 3": 0.0,
      "time period 4": 0.0,
      "time period 5": 0.0,
      "time period 6": 0.0,
      "time period 7": 0.0,
      "time period 8": 0.0,
      "time period 9": 0.0,
      "time period 10": 30.0,
      "time period 11": 17.058823529411764,
      "time period 12": 0.0,
      "time period 13": 0.0,
      "time period 14": 0.0,
      "time period 15": 17.058823529411764,
      "time period 16": 30.0,
      "time period 17": 0.0,
      "time period 18": 0.0,
      "time period 19": 0.0,
      "time period 20": 0.0
    },
    "Net discharging power (MW)": {
      "time period 1": -30.0,
      "time period 2": -17.058823529411764,
      "time period 3": 0.0,
      "time period 4": 0.0,
      "time period 5": 0.0,
      "time period 6": 0.0,
      "time period 7": 3.999999999999998,
      "time period 8": 30.0,
      "time period 9": 0.0,
      "time period 10": -30.0,
      "time period 11": -17.058823529411764,
      "time period 12": 0.0,
      "time period 13": 3.999999999999998,
      "time period 14": 30.0,
      "time period 15": -17.058823529411764,
      "time period 16": -30.0,
      "time period 17": 30.0,
      "time period 18": 0.0,
      "time period 19": 3.999999999999998,
      "time period 20": 0.0
    },
    "Stored energy (MWh)": {
      "time period 1": 12.75,
      "time period 2": 20.0,
      "time period 3": 20.0,
      "time period 4": 20.0,
      "time period 5": 20.0,
      "time period 6": 20.0,
      "time period 7": 17.647058823529413,
      "time period 8": 0.0,
      "time period 9": 0.0,
      "time period 10": 12.75,
      "time period 11": 20.0,
      "time period 12": 20.0,
      "time period 13": 17.647058823529413,
      "time period 14": 0.0,
      "time period 15": 7.25,
      "time period 16": 20.0,
      "time period 17": 2.352941176470587,
      "time period 18": 2.352941176470587,
      "time period 19": 0.0,
      "time period 20": 0.0
    },
    "Final energy (MWh)": 0.0,
    "Hourly average cost ($)": {
      "time period 1": 2978.2416922843104,
      "time period 2": 1849.5148717853324,
      "time period 3": 0.0,
      "time period 4": 0.0,
      "time period 5": 0.0,
      "time period 6": 0.0,
      "time period 7": 0.0,
      "time period 8": 0.0,
      "time period 9": 0.0,
      "time period 10": 4863.587531243318,
      "time period 11": 3098.7176982028273,
      "time period 12": 0.0,
      "time period 13": 0.0,
      "time period 14": 0.0,
      "time period 15": 2461.1671725190104,
      "time period 16": 4309.4242460861215,
      "time period 17": 0.0,
      "time period 18": 0.0,
      "time period 19": 0.0,
      "time period 20": 0.0
    },
    "Hourly average revenue ($)": {
      "time period 1": 0.0,
      "time period 2": 0.0,
      "time period 3": 0.0,
      "time period 4": 0.0,
      "time period 5": 0.0,
      "time period 6": 0.0,
      "time period 7": 1144.265358563867,
      "time period 8": 9526.637669242855,
      "time period 9": 0.0,
      "time period 10": 0.0,
      "time period 11": 0.0,
      "time period 12": 0.0,
      "time period 13": 1070.231599078369,
      "time period 14": 9362.182401145932,
      "time period 15": 0.0,
      "time period 16": 0.0,
      "time period 17": 8761.83648802185,
      "time period 18": 0.0,
      "time period 19": 1143.2312462951654,
      "time period 20": 0.0
    },
    "Total average cost ($)": 19560.65321212092,
    "Total average revenue ($)": 31008.38476234804,
    "Total average profit ($)": 11447.73155022712
  }
}
