{
  "Storage unit 1": {
    "Discharging power (MW)": {
      "time period 1": 0.0,
      "time period 2": 0.0,
      "time period 3": 3.999999999999998,
      "time period 4": 30.0,
      "time period 5": 0.0,
      "time period 6": 0.0,
      "time period 7": 0.0,
      "time period 8": 0.0,
      "time period 9": 3.999999999999998,
      "time period 10": 30.0,
      "time period 11": 0.0,
      "time period 12": 0.0,
      "time period 13": 30.0,
      "time period 14": 0.0,
      "time period 15": 3.999999999999998,
      "time period 16": 0.0
    },
    "Charging power (MW)": {
      "time period 1": 0.0,
      "time period 2": 0.0,
      "time period 3": 0.0,
      "time period 4": 0.0,
      "time period 5": 0.0,
      "time period 6": 30.0,
      "time period 7": 17.058823529411764,
      "time period 8": 0.0,
      "time period 9": 0.0,
      "time period 10": 0.0,
      "time period 11": 30.0,
      "time period 12": 17.058823529411764,
      "time period 13": 0.0,
      "time period 14": 0.0,
      "time period 15": 0.0,
      "time period 16": 0.0
    },
    "Net discharging power (MW)": {
      "time period 1": 0.0,
      "time period 2": 0.0,
      "time period 3": 3.999999999999998,
      "time period 4": 30.0,
      "time period 5": 0.0,
      "time period 6": -30.0,
      "time period 7": -17.058823529411764,
      "time period 8": 0.0,
      "time period 9": 3.999999999999998,
      "time period 10": 30.0,
      "time period 11": -30.0,
      "time period 12": -17.058823529411764,
      "time period 13": 30.0,
      "time period 14": 0.0,
      "time period 15": 3.999999999999998,
      "time period 16": 0.0
    },
    "Stored energy (MWh)": {
      "time period 1": 20.0,
      "time period 2": 20.0,
      "time period 3": 17.647058823529413,
      "time period 4": 0.0,
      "time period 5": 0.0,
      "time period 6": 12.75,
      "time period 7": 20.0,
      "time period 8": 20.0,
      "time period 9": 17.647058823529413,
      "time period 10": 0.0,
      "time period 11": 12.75,
      "time period 12": 20.0,
      "time period 13": 2.352941176470587,
      "time period 14": 2.352941176470587,
      "time period 15": 0.0,
      "time period 16": 0.0
    },
    "Final energy (MWh)": 0.0,
    "Hourly average cost ($)": {
      "time period 1": 0.0,
      "time period 2": 0.0,
      "time period 3": 0.0,
      "time period 4": 0.0,
      "time period 5": 0.0,
      "time period 6": 4383.33705812549,
      "time period 7": 2730.0316762282555,
      "time period 8": 0.0,
      "time period 9": 0.0,
      "time period 10": 0.0,
      "time period 11": 4458.269055460144,
      "time period 12": 2537.1087543519116,
      "time period 13": 0.0,
      "time period 14": 0.0,
      "time period 15": 0.0,
      "time period 16": 0.0
    },
    "Hourly average revenue ($)": {
      "time period 1": 0.0,
      "time period 2": 0.0,
      "time period 3": 1108.9410791062846,
      "time period 4": 9189.609609757417,
      "time period 5": 0.0,
      "time period 6": 0.0,
      "time period 7": 0.0,
      "time period 8": 0.0,
      "time period 9": 988.7918550123833,
      "time period 10": 9324.287531243317,
      "time period 11": 0.0,
      "time period 12": 0.0,
      "time period 13": 9172.136993087766,
      "time period 14": 0.0,
      "time period 15": 1146.5812680389395,
      "time period 16": 0.0
    },
    "Total average cost ($)": 14108.7465441658,
    "Total average revenue ($)": 30930.34833624611,
    "Total average profit ($)": 16821.601792080306
  }
}
