{
  "Storage unit 1": {
    "Discharging power (MW)": {
      "time period 1": 4.0,
      "time period 2": 30.0,
      "time period 3": 0.0,
      "time period 4": 0.0,
      "time period 5": 0.0,
      "time period 6": 0.0,
      "time period 7": 3.999999999999998,
      "time period 8": 30.0,
      "time period 9": 0.0,
      "time period 10": 0.0,
      "time period 11": 30.0,
      "time period 12": 0.0,
      "time period 13": 3.999999999999998,
      "time period 14": 0.0
    },
    "Charging power (MW)": {
      "time period 1": 0.0,
      "time period 2": 0.0,
      "time period 3": 0.0,
      "time period 4": 30.0,
      "time period 5": 17.058823529411764,
      "time period 6": 0.0,
      "time period 7": 0.0,
      "time period 8": 0.0,
      "time period 9": 30.0,
      "time period 10": 17.058823529411764,
      "time period 11": 0.0,
      "time period 12": 0.0,
      "time period 13": 0.0,
      "time period 14": 0.0
    },
    "Net discharging power (MW)": {
      "time period 1": 4.0,
      "time period 2": 30.0,
      "time period 3": 0.0,
      "time period 4": -30.0,
      "time period 5": -17.058823529411764,
      "time period 6": 0.0,
      "time period 7": 3.999999999999998,
      "time period 8": 30.0,
      "time period 9": -30.0,
      "time period 10": -17.058823529411764,
      "time period 11": 30.0,
      "time period 12": 0.0,
      "time period 13": 3.999999999999998,
      "time period 14": 0.0
    },
    "Stored energy (MWh)": {
      "time period 1": 17.647058823529413,
      "time period 2": 0.0,
      "time period 3": 0.0,
      "time period 4": 12.75,
      "time period 5": 20.0,
      "time period 6": 20.0,
      "time period 7": 17.647058823529413,
      "time period 8": 0.0,
      "time period 9": 12.75,
      "time period 10": 20.0,
      "time period 11": 2.352941176470587,
      "time period 12": 2.352941176470587,
      "time period 13": 0.0,
      "time period 14": 0.0
    },
    "Final energy (MWh)": 0.0,
    "Hourly average cost ($)": {
      "time period 1": 0.0,
      "time period 2": 0.0,
      "time period 3": 0.0,
      "time period 4": 4053.9096097574143,
      "time period 5": 2576.1191975442807,
      "time period 6": 0.0,
      "time period 7": 0.0,
      "time period 8": 0.0,
      "time period 9": 4012.1389125928786,
      "time period 10": 2489.898792275611,
      "time period 11": 0.0,
      "time period 12": 0.0,
      "time period 13": 0.0,
      "time period 14": 0.0
    },
    "Hourly average revenue ($)": {
      "time period 1": 1108.8588923045747,
      "time period 2": 9141.595119346617,
      "time period 3": 0.0,
      "time period 4": 0.0,
      "time period 5": 0.0,
      "time period 6": 0.0,
      "time period 7": 961.8253585638663,
      "time period 8": 8851.637669242858,
      "time period 9": 0.0,
      "time period 10": 0.0,
      "time period 11": 9007.469055460144,
      "time period 12": 0.0,
      "time period 13": 1185.8715990783692,
      "time period 14": 0.0
    },
    "Total average cost ($)": 13132.066512170184,
    "Total average revenue ($)": 30257.25769399643,
    "Total average profit ($)": 17125.191181826245
  }
}
