{
  "Storage unit 1": {
    "Discharging power (MW)": {
      "time period 1": 30.0,
      "time period 2": 0.0,
      "time period 3": 0.0,
      "time period 4": 3.999999999999998,
      "time period 5": 0.0,
      "time period 6": 30.0,
      "time period 7": 0.0
    },
    "Charging power (MW)": {
      "time period 1": 0.0,
      "time period 2": 30.0,
      "time period 3": 17.058823529411764,
      "time period 4": 0.0,
      "time period 5": 0.0,
      "time period 6": 0.0,
      "time period 7": 0.0
    },
    "Net discharging power (MW)": {
      "time period 1": 30.0,
      "time period 2": -30.0,
      "time period 3": -17.058823529411764,
      "time period 4": 3.999999999999998,
      "time period 5": 0.0,
      "time period 6": 30.0,
      "time period 7": 0.0
    },
    "Stored energy (MWh)": {
      "time period 1": 0.0,
      "time period 2": 12.75,
      "time period 3": 20.0,
      "time period 4": 17.647058823529413,
      "time period 5": 17.647058823529413,
      "time period 6": 0.0,
      "time period 7": 0.0
    },
    "Final energy (MWh)": 0.0,
    "Hourly average cost ($)": {
      "time period 1": 0.0,
      "time period 2": 3482.9951193466172,
      "time period 3": 2037.4251903062166,
      "time period 4": 0.0,
      "time period 5": 0.0,
      "time period 6": 0.0,
      "time period 7": 0.0
    },
    "Hourly average revenue ($)": {
      "time period 1": 8527.941692284308,
      "time period 2": 0.0,
      "time period 3": 0.0,
      "time period 4": 1077.3612813009884,
      "time period 5": 0.0,
      "time period 6": 8131.537058125486,
      "time period 7": 0.0
    },
    "Total average cost ($)": 5520.420309652834,
    "Total average revenue ($)": 17736.84003171078,
    "Total average profit ($)": 12216.419722057948
  }
}
