{
  "Storage unit 1": {
    "Discharging power (MW)": {
      "time period 1": 0.0,
      "time period 2": 0.0,
      "time period 3": 30.0,
      "time period 4": 0.0,
      "time period 5": 3.999999999999998,
      "time period 6": 0.0
    },
    "Charging power (MW)": {
      "time period 1": 17.058823529411764,
      "time period 2": 30.0,
      "time period 3": 0.0,
      "time period 4": 0.0,
      "time period 5": 0.0,
      "time period 6": 0.0
    },
    "Net discharging power (MW)": {
      "time period 1": -17.058823529411764,
      "time period 2": -30.0,
      "time period 3": 30.0,
      "time period 4": 0.0,
      "time period 5": 3.999999999999998,
      "time period 6": 0.0
    },
    "Stored energy (MWh)": {
      "time period 1": 7.25,
      "time period 2": 20.0,
      "time period 3": 2.352941176470587,
      "time period 4": 2.352941176470587,
      "time period 5": 0.0,
      "time period 6": 0.0
    },
    "Final energy (MWh)": 0.0,
    "Hourly average cost ($)": {
      "time period 1": 2015.4099818871557,
      "time period 2": 3521.0951193466194,
      "time period 3": 0.0,
      "time period 4": 0.0,
      "time period 5": 0.0,
      "time period 6": 0.0
    },
    "Hourly average revenue ($)": {
      "time period 1": 0.0,
      "time period 2": 0.0,
      "time period 3": 8094.158093297138,
      "time period 4": 0.0,
      "time period 5": 1041.3755359758995,
      "time period 6": 0.0
    },
    "Total average cost ($)": 5536.505101233775,
    "Total average revenue ($)": 9135.533629273037,
    "Total average profit ($)": 3599.028528039262
  }
}
