{
  "Storage unit 1": {
    "Discharging power (MW)": {
      "time period 1": 0.0,
      "time period 2": 0.0,
      "time period 3": 0.0,
      "time period 4": 0.0,
      "time period 5": 0.0,
      "time period 6": 0.0,
      "time period 7": 0.0,
      "time period 8": 21.675,
      "time period 9": 0.0,
      "time period 10": 0.0,
      "time period 11": 0.0,
      "time period 12": 0.0,
      "time period 13": 21.675,
      "time period 14": 0.0,
      "time period 15": 0.0,
      "time period 16": 3.999999999999998,
      "time period 17": 30.0,
      "time period 18": 0.0,
      "time period 19": 0.0,
      "time period 20": 0.0,
      "time period 21": 3.999999999999998,
      "time period 22": 30.0,
      "time period 23": 0.0,
      "time period 24": 0.0,
      "time period 25": 0.0,
      "time period 26": 0.0,
      "time period 27": 0.0,
      "time period 28": 0.0,
      "time period 29": 0.0,
      "time period 30": 3.999999999999998,
      "time period 31": 30.0,
      "time period 32": 0.0,
      "time period 33": 0.0,
      "time period 34": 0.0,
      "time period 35": 0.0,
      "time period 36": 3.999999999999998,
      "time period 37": 30.0,
      "time period 38": 0.0,
      "time period 39": 0.0,
      "time period 40": 30.0,
      "time period 41": 0.0,
      "time period 42": 3.999999999999998,
      "time period 43": 0.0
    },
    "Charging power (MW)": {
      "time period 1": 30.0,
      "time period 2": 0.0,
      "time period 3": 0.0,
      "time period 4": 0.0,
      "time period 5": 0.0,
      "time period 6": 0.0,
      "time period 7": 0.0,
      "time period 8": 0.0,
      "time period 9": 0.0,
      "time period 10": 0.0,
      "time period 11": 30.0,
      "time period 12": 0.0,
      "time period 13": 0.0,
      "time period 14": 0.0,
      "time period 15": 30.0,
      "time period 16": 0.0,
      "time period 17": 0.0,
      "time period 18": 30.0,
      "time period 19": 17.058823529411764,
      "time period 20": 0.0,
      "time period 21": 0.0,
      "time period 22": 0.0,
      "time period 23": 0.0,
      "time period 24": 30.0,
      "time period 25": 17.058823529411764,
      "time period 26": 0.0,
      "time period 27": 0.0,
      "time period 28": 0.0,
      "time period 29": 0.0,
      "time period 30": 0.0,
      "time period 31": 0.0,
      "time period 32": 0.0,
      "time period 33": 30.0,
      "time period 34": 17.058823529411764,
      "time period 35": 0.0,
      "time period 36": 0.0,
      "time period 37": 0.0,
      "time period 38": 30.0,
      "time period 39": 17.058823529411764,
      "time period 40": 0.0,
      "time period 41": 0.0,
      "time period 42": 0.0,
      "time period 43": 0.0
    },
    "Net discharging power (MW)": {
      "time period 1": -30.0,
      "time period 2": 0.0,
      "time period 3": 0.0,
      "time period 4": 0.0,
      "time period 5": 0.0,
      "time period 6": 0.0,
      "time period 7": 0.0,
      "time period 8": 21.675,
      "time period 9": 0.0,
      "time period 10": 0.0,
      "time period 11": -30.0,
      "time period 12": 0.0,
      "time period 13": 21.675,
      "time period 14": 0.0,
      "time period 15": -30.0,
      "time period 16": 3.999999999999998,
      "time period 17": 30.0,
      "time period 18": -30.0,
      "time period 19": -17.058823529411764,
      "time period 20": 0.0,
      "time period 21": 3.999999999999998,
      "time period 22": 30.0,
      "time period 23": 0.0,
      "time period 24": -30.0,
      "time period 25": -17.058823529411764,
      "time period 26": 0.0,
      "time period 27": 0.0,
      "time period 28": 0.0,
      "time period 29": 0.0,
      "time period 30": 3.999999999999998,
      "time period 31": 30.0,
      "time period 32": 0.0,
      "time period 33": -30.0,
      "time period 34": -17.058823529411764,
      "time period 35": 0.0,
      "time period 36": 3.999999999999998,
      "time period 37": 30.0,
      "time period 38": -30.0,
      "time period 39": -17.058823529411764,
      "time period 40": 30.0,
      "time period 41": 0.0,
      "time period 42": 3.999999999999998,
      "time period 43": 0.0
    },
    "Stored energy (MWh)": {
      "time period 1": 20.0,
      "time period 2": 20.0,
      "time period 3": 20.0,
      "time period 4": 20.0,
      "time period 5": 20.0,
      "time period 6": 20.0,
      "time period 7": 20.0,
      "time period 8": 7.25,
      "time period 9": 7.25,
      "time period 10": 7.25,
      "time period 11": 20.0,
      "time period 12": 20.0,
      "time period 13": 7.25,
      "time period 14": 7.25,
      "time period 15": 20.0,
      "time period 16": 17.647058823529413,
      "time period 17": 0.0,
      "time period 18": 12.75,
      "time period 19": 20.0,
      "time period 20": 20.0,
      "time period 21": 17.647058823529413,
      "time period 22": 0.0,
      "time period 23": 0.0,
      "time period 24": 12.75,
      "time period 25": 20.0,
      "time period 26": 20.0,
      "time period 27": 20.0,
      "time period 28": 20.0,
      "time period 29": 20.0,
      "time period 30": 17.647058823529413,
      "time period 31": 0.0,
      "time period 32": 0.0,
      "time period 33": 12.75,
      "time period 34": 20.0,
      "time period 35": 20.0,
      "time period 36": 17.647058823529413,
      "time period 37": 0.0,
      "time period 38": 12.75,
      "time period 39": 20.0,
      "time period 40": 2.352941176470587,
      "time period 41": 2.352941176470587,
      "time period 42": 0.0,
      "time period 43": 0.0
    },
    "Final energy (MWh)": 0.0,
    "Hourly average cost ($)": {
      "time period 1": 2797.6416922843105,
      "time period 2": 0.0,
      "time period 3": 0.0,
      "time period 4": 0.0,
      "time period 5": 0.0,
      "time period 6": 0.0,
      "time period 7": 0.0,
      "time period 8": 0.0,
      "time period 9": 0.0,
      "time period 10": 0.0,
      "time period 11": 3943.1690554601464,
      "time period 12": 0.0,
      "time period 13": 0.0,
      "time period 14": 0.0,
      "time period 15": 4512.159510292054,
      "time period 16": 0.0,
      "time period 17": 0.0,
      "time period 18": 3884.8969296112055,
      "time period 19": 2783.6214915529144,
      "time period 20": 0.0,
      "time period 21": 0.0,
      "time period 22": 0.0,
      "time period 23": 0.0,
      "time period 24": 3712.329558242798,
      "time period 25": 2280.1721753934976,
      "time period 26": 0.0,
      "time period 27": 0.0,
      "time period 28": 0.0,
      "time period 29": 0.0,
      "time period 30": 0.0,
      "time period 31": 0.0,
      "time period 32": 0.0,
      "time period 33": 4648.089264930726,
      "time period 34": 2905.620936637877,
      "time period 35": 0.0,
      "time period 36": 0.0,
      "time period 37": 0.0,
      "time period 38": 4180.079432167053,
      "time period 39": 2576.9192092139297,
      "time period 40": 0.0,
      "time period 41": 0.0,
      "time period 42": 0.0,
      "time period 43": 0.0
    },
    "Hourly average revenue ($)": {
      "time period 1": 0.0,
      "time period 2": 0.0,
      "time period 3": 0.0,
      "time period 4": 0.0,
      "time period 5": 0.0,
      "time period 6": 0.0,
      "time period 7": 0.0,
      "time period 8": 5532.859966027965,
      "time period 9": 0.0,
      "time period 10": 0.0,
      "time period 11": 0.0,
      "time period 12": 0.0,
      "time period 13": 5795.415977505913,
      "time period 14": 0.0,
      "time period 15": 0.0,
      "time period 16": 1089.149899478149,
      "time period 17": 8403.036488021853,
      "time period 18": 0.0,
      "time period 19": 0.0,
      "time period 20": 0.0,
      "time period 21": 1103.188127703857,
      "time period 22": 8359.901734794616,
      "time period 23": 0.0,
      "time period 24": 0.0,
      "time period 25": 0.0,
      "time period 26": 0.0,
      "time period 27": 0.0,
      "time period 28": 0.0,
      "time period 29": 0.0,