{
  "Storage unit 1": {
    "Discharging power (MW)": {
      "time period 1": 0.0,
      "time period 2": 0.0,
      "time period 3": 0.0,
      "time period 4": 0.0,
      "time period 5": 0.0,
      "time period 6": 0.0,
      "time period 7": 21.675,
      "time period 8": 0.0,
      "time period 9": 0.0,
      "time period 10": 0.0,
      "time period 11": 0.0,
      "time period 12": 21.675,
      "time period 13": 0.0,
      "time period 14": 0.0,
      "time period 15": 3.999999999999998,
      "time period 16": 30.0,
      "time period 17": 0.0,
      "time period 18": 0.0,
      "time period 19": 0.0,
      "time period 20": 3.999999999999998,
      "time period 21": 30.0,
      "time period 22": 0.0,
      "time period 23": 0.0,
      "time period 24": 0.0,
      "time period 25": 0.0,
      "time period 26": 0.0,
      "time period 27": 0.0,
      "time period 28": 0.0,
      "time period 29": 3.999999999999998,
      "time period 30": 30.0,
      "time period 31": 0.0,
      "time period 32": 0.0,
      "time period 33": 0.0,
      "time period 34": 0.0,
      "time period 35": 3.999999999999998,
      "time period 36": 30.0,
      "time period 37": 0.0,
      "time period 38": 0.0,
      "time period 39": 30.0,
      "time period 40": 0.0,
      "time period 41": 3.999999999999998,
      "time period 42": 0.0
    },
    "Charging power (MW)": {
      "time period 1": 0.0,
      "time period 2": 0.0,
      "time period 3": 0.0,
      "time period 4": 0.0,
      "time period 5": 0.0,
      "time period 6": 0.0,
      "time period 7": 0.0,
      "time period 8": 0.0,
      "time period 9": 0.0,
      "time period 10": 30.0,
      "time period 11": 0.0,
      "time period 12": 0.0,
      "time period 13": 0.0,
      "time period 14": 30.0,
      "time period 15": 0.0,
      "time period 16": 0.0,
      "time period 17": 30.0,
      "time period 18": 17.058823529411764,
      "time period 19": 0.0,
      "time period 20": 0.0,
      "time period 21": 0.0,
      "time period 22": 0.0,
      "time period 23": 30.0,
      "time period 24": 17.058823529411764,
      "time period 25": 0.0,
      "time period 26": 0.0,
      "time period 27": 0.0,
      "time period 28": 0.0,
      "time period 29": 0.0,
      "time period 30": 0.0,
      "time period 31": 0.0,
      "time period 32": 30.0,
      "time period 33": 17.058823529411764,
      "time period 34": 0.0,
      "time period 35": 0.0,
      "time period 36": 0.0,
      "time period 37": 30.0,
      "time period 38": 17.058823529411764,
      "time period 39": 0.0,
      "time period 40": 0.0,
      "time period 41": 0.0,
      "time period 42": 0.0
    },
    "Net discharging power (MW)": {
      "time period 1": 0.0,
      "time period 2": 0.0,
      "time period 3": 0.0,
      "time period 4": 0.0,
      "time period 5": 0.0,
      "time period 6": 0.0,
      "time period 7": 21.675,
      "time period 8": 0.0,
      "time period 9": 0.0,
      "time period 10": -30.0,
      "time period 11": 0.0,
      "time period 12": 21.675,
      "time period 13": 0.0,
      "time period 14": -30.0,
      "time period 15": 3.999999999999998,
      "time period 16": 30.0,
      "time period 17": -30.0,
      "time period 18": -17.058823529411764,
      "time period 19": 0.0,
      "time period 20": 3.999999999999998,
      "time period 21": 30.0,
      "time period 22": 0.0,
      "time period 23": -30.0,
      "time period 24": -17.058823529411764,
      "time period 25": 0.0,
      "time period 26": 0.0,
      "time period 27": 0.0,
      "time period 28": 0.0,
      "time period 29": 3.999999999999998,
      "time period 30": 30.0,
      "time period 31": 0.0,
      "time period 32": -30.0,
      "time period 33": -17.058823529411764,
      "time period 34": 0.0,
      "time period 35": 3.999999999999998,
      "time period 36": 30.0,
      "time period 37": -30.0,
      "time period 38": -17.058823529411764,
      "time period 39": 30.0,
      "time period 40": 0.0,
      "time period 41": 3.999999999999998,
      "time period 42": 0.0
    },
    "Stored energy (MWh)": {
      "time period 1": 20.0,
      "time period 2": 20.0,
      "time period 3": 20.0,
      "time period 4": 20.0,
      "time period 5": 20.0,
      "time period 6": 20.0,
      "time period 7": 7.25,
      "time period 8": 7.25,
      "time period 9": 7.25,
      "time period 10": 20.0,
      "time period 11": 20.0,
      "time period 12": 7.25,
      "time period 13": 7.25,
      "time period 14": 20.0,
      "time period 15": 17.647058823529413,
      "time period 16": 0.0,
      "time period 17": 12.75,
      "time period 18": 20.0,
      "time period 19": 20.0,
      "time period 20": 17.647058823529413,
      "time period 21": 0.0,
      "time period 22": 0.0,
      "time period 23": 12.75,
      "time period 24": 20.0,
      "time period 25": 20.0,
      "time period 26": 20.0,
      "time period 27": 20.0,
      "time period 28": 20.0,
      "time period 29": 17.647058823529413,
      "time period 30": 0.0,
      "time period 31": 0.0,
      "time period 32": 12.75,
      "time period 33": 20.0,
      "time period 34": 20.0,
      "time period 35": 17.647058823529413,
      "time period 36": 0.0,
      "time period 37": 12.75,
      "time period 38": 20.0,
      "time period 39": 2.352941176470587,
      "time period 40": 2.352941176470587,
      "time period 41": 0.0,
      "time period 42": 0.0
    },
    "Final energy (MWh)": 0.0,
    "Hourly average cost ($)": {
      "time period 1": 0.0,
      "time period 2": 0.0,
      "time period 3": 0.0,
      "time period 4": 0.0,
      "time period 5": 0.0,
      "time period 6": 0.0,
      "time period 7": 0.0,
      "time period 8": 0.0,
      "time period 9": 0.0,
      "time period 10": 3825.587531243317,
      "time period 11": 0.0,
      "time period 12": 0.0,
      "time period 13": 0.0,
      "time period 14": 4562.482401145935,
      "time period 15": 0.0,
      "time period 16": 0.0,
      "time period 17": 3794.1364880218503,
      "time period 18": 2783.7708031122547,
      "time period 19": 0.0,
      "time period 20": 0.0,
      "time period 21": 0.0,
      "time period 22": 0.0,
      "time period 23": 3659.926774085998,
      "time period 24": 2301.8207291968856,
      "time period 25": 0.0,
      "time period 26": 0.0,
      "time period 27": 0.0,
      "time period 28": 0.0,
      "time period 29": 0.0,
      "time period 30": 0.0,
      "time period 31": 0.0,
      "time period 32": 4989.192785634041,
      "time period 33": 2909.319385940999,
      "time period 34": 0.0,
      "time period 35": 0.0,
      "time period 36": 0.0,
      "time period 37": 4161.454992736815,
      "time period 38": 2398.572618291069,
      "time period 39": 0.0,
      "time period 40": 0.0,
      "time period 41": 0.0,
      "time period 42": 0.0
    },
    "Hourly average revenue ($)": {
      "time period 1": 0.0,
      "time period 2": 0.0,
      "time period 3": 0.0,
      "time period 4": 0.0,
      "time period 5": 0.0,
      "time period 6": 0.0,
      "time period 7": 5490.848411717957,
      "time period 8": 0.0,
      "time period 9": 0.0,
      "time period 10": 0.0,
      "time period 11": 0.0,
      "time period 12": 5651.475881930414,
      "time period 13": 0.0,
      "time period 14": 0.0,
      "time period 15": 1096.7412680389396,
      "time period 16": 8461.724246086123,
      "time period 17": 0.0,
      "time period 18": 0.0,
      "time period 19": 0.0,
      "time period 20": 1093.8768694641108,
      "time period 21": 8395.71095777893,
      "time period 22": 0.0,
      "time period 23": 0.0,
      "time period 24": 0.0,
      "time period 25": 0.0,
      "time period 26": 0.0,
      "time period 27": 0.0,
      "time period 28": 0.0,
      "time period 29": 1229.4139872219082,
      "time period 30": 9812.287327374457,
      "time period 31": 0.0,
      "time period 32": 0.0,
      "time period 33": 0.0,
      "time period 34": 0.0,