{
  "Storage unit 1": {
    "Discharging power (MW)": {
      "time period 1": 0.0,
      "time period 2": 0.0,
      "time period 3": 0.0,
      "time period 4": 0.0,
      "time period 5": 0.0,
      "time period 6": 21.675,
      "time period 7": 0.0,
      "time period 8": 0.0,
      "time period 9": 0.0,
      "time period 10": 0.0,
      "time period 11": 21.675,
      "time period 12": 0.0,
      "time period 13": 0.0,
      "time period 14": 3.999999999999998,
      "time period 15": 30.0,
      "time period 16": 0.0,
      "time period 17": 0.0,
      "time period 18": 0.0,
      "time period 19": 30.0,
      "time period 20": 3.999999999999998,
      "time period 21": 0.0,
      "time period 22": 0.0,
      "time period 23": 0.0,
      "time period 24": 0.0,
      "time period 25": 0.0,
      "time period 26": 0.0,
      "time period 27": 0.0,
      "time period 28": 3.999999999999998,
      "time period 29": 30.0,
      "time period 30": 0.0,
      "time period 31": 0.0,
      "time period 32": 0.0,
      "time period 33": 0.0,
      "time period 34": 0.0,
      "time period 35": 30.0,
      "time period 36": 0.0,
      "time period 37": 0.0,
      "time period 38": 30.0,
      "time period 39": 0.0,
      "time period 40": 3.999999999999998,
      "time period 41": 0.0
    },
    "Charging power (MW)": {
      "time period 1": 0.0,
      "time period 2": 0.0,
      "time period 3": 0.0,
      "time period 4": 0.0,
      "time period 5": 0.0,
      "time period 6": 0.0,
      "time period 7": 0.0,
      "time period 8": 0.0,
      "time period 9": 30.0,
      "time period 10": 0.0,
      "time period 11": 0.0,
      "time period 12": 0.0,
      "time period 13": 30.0,
      "time period 14": 0.0,
      "time period 15": 0.0,
      "time period 16": 30.0,
      "time period 17": 17.058823529411764,
      "time period 18": 0.0,
      "time period 19": 0.0,
      "time period 20": 0.0,
      "time period 21": 0.0,
      "time period 22": 30.0,
      "time period 23": 17.058823529411764,
      "time period 24": 0.0,
      "time period 25": 0.0,
      "time period 26": 0.0,
      "time period 27": 0.0,
      "time period 28": 0.0,
      "time period 29": 0.0,
      "time period 30": 0.0,
      "time period 31": 30.0,
      "time period 32": 11.522491349480973,
      "time period 33": 0.0,
      "time period 34": 0.0,
      "time period 35": 0.0,
      "time period 36": 30.0,
      "time period 37": 17.058823529411764,
      "time period 38": 0.0,
      "time period 39": 0.0,
      "time period 40": 0.0,
      "time period 41": 0.0
    },
    "Net discharging power (MW)": {
      "time period 1": 0.0,
      "time period 2": 0.0,
      "time period 3": 0.0,
      "time period 4": 0.0,
      "time period 5": 0.0,
      "time period 6": 21.675,
      "time period 7": 0.0,
      "time period 8": 0.0,
      "time period 9": -30.0,
      "time period 10": 0.0,
      "time period 11": 21.675,
      "time period 12": 0.0,
      "time period 13": -30.0,
      "time period 14": 3.999999999999998,
      "time period 15": 30.0,
      "time period 16": -30.0,
      "time period 17": -17.058823529411764,
      "time period 18": 0.0,
      "time period 19": 30.0,
      "time period 20": 3.999999999999998,
      "time period 21": 0.0,
      "time period 22": -30.0,
      "time period 23": -17.058823529411764,
      "time period 24": 0.0,
      "time period 25": 0.0,
      "time period 26": 0.0,
      "time period 27": 0.0,
      "time period 28": 3.999999999999998,
      "time period 29": 30.0,
      "time period 30": 0.0,
      "time period 31": -30.0,
      "time period 32": -11.522491349480973,
      "time period 33": 0.0,
      "time period 34": 0.0,
      "time period 35": 30.0,
      "time period 36": -30.0,
      "time period 37": -17.058823529411764,
      "time period 38": 30.0,
      "time period 39": 0.0,
      "time period 40": 3.999999999999998,
      "time period 41": 0.0
    },
    "Stored energy (MWh)": {
      "time period 1": 20.0,
      "time period 2": 20.0,
      "time period 3": 20.0,
      "time period 4": 20.0,
      "time period 5": 20.0,
      "time period 6": 7.25,
      "time period 7": 7.25,
      "time period 8": 7.25,
      "time period 9": 20.0,
      "time period 10": 20.0,
      "time period 11": 7.25,
      "time period 12": 7.25,
      "time period 13": 20.0,
      "time period 14": 17.647058823529413,
      "time period 15": 0.0,
      "time period 16": 12.75,
      "time period 17": 20.0,
      "time period 18": 20.0,
      "time period 19": 2.352941176470587,
      "time period 20": 0.0,
      "time period 21": 0.0,
      "time period 22": 12.75,
      "time period 23": 20.0,
      "time period 24": 20.0,
      "time period 25": 20.0,
      "time period 26": 20.0,
      "time period 27": 20.0,
      "time period 28": 17.647058823529413,
      "time period 29": 0.0,
      "time period 30": 0.0,
      "time period 31": 12.75,
      "time period 32": 17.647058823529413,
      "time period 33": 17.647058823529413,
      "time period 34": 17.647058823529413,
      "time period 35": 0.0,
      "time period 36": 12.75,
      "time period 37": 20.0,
      "time period 38": 2.352941176470587,
      "time period 39": 2.352941176470587,
      "time period 40": 0.0,
      "time period 41": 0.0
    },
    "Final energy (MWh)": 0.0,
    "Hourly average cost ($)": {
      "time period 1": 0.0,
      "time period 2": 0.0,
      "time period 3": 0.0,
      "time period 4": 0.0,
      "time period 5": 0.0,
      "time period 6": 0.0,
      "time period 7": 0.0,
      "time period 8": 0.0,
      "time period 9": 3497.0389125928796,
      "time period 10": 0.0,
      "time period 11": 0.0,
      "time period 12": 0.0,
      "time period 13": 4806.836993087771,
      "time period 14": 0.0,
      "time period 15": 0.0,
      "time period 16": 3852.8242460861197,
      "time period 17": 2732.1619245614443,
      "time period 18": 0.0,
      "time period 19": 0.0,
      "time period 20": 0.0,
      "time period 21": 0.0,
      "time period 22": 3628.901734794616,
      "time period 23": 2272.0230676175297,
      "time period 24": 0.0,
      "time period 25": 0.0,
      "time period 26": 0.0,
      "time period 27": 0.0,
      "time period 28": 0.0,
      "time period 29": 0.0,
      "time period 30": 0.0,
      "time period 31": 4693.112558163646,
      "time period 32": 2096.1304470774344,
      "time period 33": 0.0,
      "time period 34": 0.0,
      "time period 35": 0.0,
      "time period 36": 4136.296748794555,
      "time period 37": 2387.982250771915,
      "time period 38": 0.0,
      "time period 39": 0.0,
      "time period 40": 0.0,
      "time period 41": 0.0
    },
    "Hourly average revenue ($)": {
      "time period 1": 0.0,
      "time period 2": 0.0,
      "time period 3": 0.0,
      "time period 4": 0.0,
      "time period 5": 0.0,
      "time period 6": 5527.368524495665,
      "time period 7": 0.0,
      "time period 8": 0.0,
      "time period 9": 0.0,
      "time period 10": 0.0,
      "time period 11": 5676.443392569953,
      "time period 12": 0.0,
      "time period 13": 0.0,
      "time period 14": 1103.4509868194575,
      "time period 15": 8518.659510292056,
      "time period 16": 0.0,
      "time period 17": 0.0,
      "time period 18": 0.0,
      "time period 19": 8346.234347213745,
      "time period 20": 1110.1168694641103,
      "time period 21": 0.0,
      "time period 22": 0.0,
      "time period 23": 0.0,
      "time period 24": 0.0,
      "time period 25": 0.0,
      "time period 26": 0.0,
      "time period 27": 0.0,
      "time period 28": 1195.3617496826166,
      "time period 29": 10107.104904164315,
      "time period 30": 0.0,
      "time period 31": 0.0,
      "time period 32": 0.0,
      "time period 33": 0.0,
      "time period 34": 0.0,
      "time period 35": 8810.201476086617,
      "time period 36": 0.0,
      "time period 37": 0.0,
      "time period 38": 8729.279432167055,