{
  "Storage unit 1": {
    "Discharging power (MW)": {
      "time period 1": 0.0,
      "time period 2": 0.0,
      "time period 3": 300.0,
      "time period 4": 0.0,
      "time period 5": 0.0,
      "time period 6": 0.0,
      "time period 7": 0.0,
      "time period 8": 0.0,
      "time period 9": 300.0,
      "time period 10": 0.0,
      "time period 11": 0.0,
      "time period 12": 81.74999999999996,
      "time period 13": 0.0,
      "time period 14": 300.0,
      "time period 15": 0.0
    },
    "Charging power (MW)": {
      "time period 1": 0.0,
      "time period 2": 0.0,
      "time period 3": 0.0,
      "time period 4": 0.0,
      "time period 5": 300.0,
      "time period 6": 0.0,
      "time period 7": 0.0,
      "time period 8": 0.0,
      "time period 9": 0.0,
      "time period 10": 0.0,
      "time period 11": 300.0,
      "time period 12": 0.0,
      "time period 13": 0.0,
      "time period 14": 0.0,
      "time period 15": 0.0
    },
    "Net discharging power (MW)": {
      "time period 1": 0.0,
      "time period 2": 0.0,
      "time period 3": 300.0,
      "time period 4": 0.0,
      "time period 5": -300.0,
      "time period 6": 0.0,
      "time period 7": 0.0,
      "time period 8": 0.0,
      "time period 9": 300.0,
      "time period 10": 0.0,
      "time period 11": -300.0,
      "time period 12": 81.74999999999996,
      "time period 13": 0.0,
      "time period 14": 300.0,
      "time period 15": 0.0
    },
    "Stored energy (MWh)": {
      "time period 1": 322.5,
      "time period 2": 322.5,
      "time period 3": 146.02941176470588,
      "time period 4": 146.02941176470588,
      "time period 5": 273.52941176470586,
      "time period 6": 273.52941176470586,
      "time period 7": 273.52941176470586,
      "time period 8": 273.52941176470586,
      "time period 9": 97.05882352941174,
      "time period 10": 97.05882352941174,
      "time period 11": 224.55882352941174,
      "time period 12": 176.47058823529412,
      "time period 13": 176.47058823529412,
      "time period 14": 0.0,
      "time period 15": 0.0
    },
    "Final energy (MWh)": 0.0,
    "Hourly average cost ($)": {
      "time period 1": 0.0,
      "time period 2": 0.0,
      "time period 3": 0.0,
      "time period 4": 0.0,
      "time period 5": 34922.71911621094,
      "time period 6": 0.0,
      "time period 7": 0.0,
      "time period 8": 0.0,
      "time period 9": 0.0,
      "time period 10": 0.0,
      "time period 11": 33559.49542236328,
      "time period 12": 0.0,
      "time period 13": 0.0,
      "time period 14": 0.0,
      "time period 15": 0.0
    },
    "Hourly average revenue ($)": {
      "time period 1": 0.0,
      "time period 2": 0.0,
      "time period 3": 80820.31398010255,
      "time period 4": 0.0,
      "time period 5": 0.0,
      "time period 6": 0.0,
      "time period 7": 0.0,
      "time period 8": 0.0,
      "time period 9": 83131.35905456544,
      "time period 10": 0.0,
      "time period 11": 0.0,
      "time period 12": 21437.710002593984,
      "time period 13": 0.0,
      "time period 14": 82830.29389572145,
      "time period 15": 0.0
    },
    "Total average cost ($)": 68482.21453857422,
    "Total average revenue ($)": 268219.67693298345,
    "Total average profit ($)": 199737.46239440923
  }
}
