{
  "Storage unit 1": {
    "Discharging power (MW)": {
      "time period 1": 0.0,
      "time period 2": 0.0,
      "time period 3": 300.0,
      "time period 4": 0.0,
      "time period 5": 0.0,
      "time period 6": 300.0,
      "time period 7": 0.0,
      "time period 8": 299.9999999999999,
      "time period 9": 0.0
    },
    "Charging power (MW)": {
      "time period 1": 0.0,
      "time period 2": 0.0,
      "time period 3": 0.0,
      "time period 4": 300.0,
      "time period 5": 300.0,
      "time period 6": 0.0,
      "time period 7": 0.0,
      "time period 8": 0.0,
      "time period 9": 0.0
    },
    "Net discharging power (MW)": {
      "time period 1": 0.0,
      "time period 2": 0.0,
      "time period 3": 300.0,
      "time period 4": -300.0,
      "time period 5": -300.0,
      "time period 6": 300.0,
      "time period 7": 0.0,
      "time period 8": 299.9999999999999,
      "time period 9": 0.0
    },
    "Stored energy (MWh)": {
      "time period 1": 274.4117647058823,
      "time period 2": 274.4117647058823,
      "time period 3": 97.9411764705882,
      "time period 4": 225.4411764705882,
      "time period 5": 352.9411764705882,
      "time period 6": 176.47058823529406,
      "time period 7": 176.47058823529406,
      "time period 8": 0.0,
      "time period 9": 0.0
    },
    "Final energy (MWh)": 0.0,
    "Hourly average cost ($)": {
      "time period 1": 0.0,
      "time period 2": 0.0,
      "time period 3": 0.0,
      "time period 4": 35310.09609757415,
      "time period 5": 35773.165198192524,
      "time period 6": 0.0,
      "time period 7": 0.0,
      "time period 8": 0.0,
      "time period 9": 0.0
    },
    "Hourly average revenue ($)": {
      "time period 1": 0.0,
      "time period 2": 0.0,
      "time period 3": 85285.58093297142,
      "time period 4": 0.0,
      "time period 5": 0.0,
      "time period 6": 84096.37058125489,
      "time period 7": 0.0,
      "time period 8": 81391.37669242857,
      "time period 9": 0.0
    },
    "Total average cost ($)": 71083.26129576667,
    "Total average revenue ($)": 250773.3282066549,
    "Total average profit ($)": 179690.06691088824
  }
}
