{
  "Storage unit 1": {
    "Discharging power (MW)": {
      "time period 1": 0.0,
      "time period 2": 0.0,
      "time period 3": 0.0,
      "time period 4": 0.0,
      "time period 5": 0.0,
      "time period 6": 0.0,
      "time period 7": 0.0,
      "time period 8": 300.0,
      "time period 9": 300.0,
      "time period 10": 300.0,
      "time period 11": 0.0,
      "time period 12": 0.0,
      "time period 13": 0.0,
      "time period 14": 0.0,
      "time period 15": 300.0,
      "time period 16": 0.0,
      "time period 17": 0.0,
      "time period 18": 300.0,
      "time period 19": 171.99999999999977,
      "time period 20": 300.0,
      "time period 21": 0.0
    },
    "Charging power (MW)": {
      "time period 1": 0.0,
      "time period 2": 300.0,
      "time period 3": 300.0,
      "time period 4": 300.0,
      "time period 5": 300.0,
      "time period 6": 0.0,
      "time period 7": 0.0,
      "time period 8": 0.0,
      "time period 9": 0.0,
      "time period 10": 0.0,
      "time period 11": 300.0,
      "time period 12": 300.0,
      "time period 13": 0.0,
      "time period 14": 0.0,
      "time period 15": 0.0,
      "time period 16": 300.0,
      "time period 17": 300.0,
      "time period 18": 0.0,
      "time period 19": 0.0,
      "time period 20": 0.0,
      "time period 21": 0.0
    },
    "Net discharging power (MW)": {
      "time period 1": 0.0,
      "time period 2": -300.0,
      "time period 3": -300.0,
      "time period 4": -300.0,
      "time period 5": -300.0,
      "time period 6": 0.0,
      "time period 7": 0.0,
      "time period 8": 300.0,
      "time period 9": 300.0,
      "time period 10": 300.0,
      "time period 11": -300.0,
      "time period 12": -300.0,
      "time period 13": 0.0,
      "time period 14": 0.0,
      "time period 15": 300.0,
      "time period 16": -300.0,
      "time period 17": -300.0,
      "time period 18": 300.0,
      "time period 19": 171.99999999999977,
      "time period 20": 300.0,
      "time period 21": 0.0
    },
    "Stored energy (MWh)": {
      "time period 1": 140.00000000000003,
      "time period 2": 267.5,
      "time period 3": 395.0,
      "time period 4": 522.5,
      "time period 5": 650.0,
      "time period 6": 650.0,
      "time period 7": 650.0,
      "time period 8": 473.52941176470586,
      "time period 9": 297.0588235294117,
      "time period 10": 120.5882352941176,
      "time period 11": 248.0882352941176,
      "time period 12": 375.58823529411757,
      "time period 13": 375.58823529411757,
      "time period 14": 375.58823529411757,
      "time period 15": 199.11764705882345,
      "time period 16": 326.6176470588234,
      "time period 17": 454.1176470588234,
      "time period 18": 277.6470588235293,
      "time period 19": 176.47058823529412,
      "time period 20": 0.0,
      "time period 21": 0.0
    },
    "Final energy (MWh)": 0.0,
    "Hourly average cost ($)": {
      "time period 1": 0.0,
      "time period 2": 29168.951193466186,
      "time period 3": 33145.58093297139,
      "time period 4": 37212.09609757414,
      "time period 5": 39691.165198192524,
      "time period 6": 0.0,
      "time period 7": 0.0,
      "time period 8": 0.0,
      "time period 9": 0.0,
      "time period 10": 0.0,
      "time period 11": 49811.69055460146,
      "time period 12": 54149.119473085324,
      "time period 13": 0.0,
      "time period 14": 0.0,
      "time period 15": 0.0,
      "time period 16": 42713.24246086119,
      "time period 17": 42507.364880218505,
      "time period 18": 0.0,
      "time period 19": 0.0,
      "time period 20": 0.0,
      "time period 21": 0.0
    },
    "Hourly average revenue ($)": {
      "time period 1": 0.0,
      "time period 2": 0.0,
      "time period 3": 0.0,
      "time period 4": 0.0,
      "time period 5": 0.0,
      "time period 6": 0.0,
      "time period 7": 0.0,
      "time period 8": 86401.37669242857,
      "time period 9": 96707.38912592885,
      "time period 10": 86093.87531243316,
      "time period 11": 0.0,
      "time period 12": 0.0,
      "time period 13": 0.0,
      "time period 14": 0.0,
      "time period 15": 93118.59510292047,
      "time period 16": 0.0,
      "time period 17": 0.0,
      "time period 18": 88525.9692961121,
      "time period 19": 45718.94359069207,
      "time period 20": 84320.76520980833,
      "time period 21": 0.0
    },
    "Total average cost ($)": 328399.2107909707,
    "Total average revenue ($)": 580886.9143303236,
    "Total average profit ($)": 252487.70353935286
  }
}
