{
  "Storage unit 1": {
    "Discharging power (MW)": {
      "time period 1": 0.0,
      "time period 2": 0.0,
      "time period 3": 0.0,
      "time period 4": 0.0,
      "time period 5": 300.0,
      "time period 6": 300.0,
      "time period 7": 300.0,
      "time period 8": 0.0,
      "time period 9": 0.0,
      "time period 10": 0.0,
      "time period 11": 0.0,
      "time period 12": 300.0,
      "time period 13": 0.0,
      "time period 14": 0.0,
      "time period 15": 300.0,
      "time period 16": 171.99999999999977,
      "time period 17": 300.0,
      "time period 18": 0.0
    },
    "Charging power (MW)": {
      "time period 1": 300.0,
      "time period 2": 300.0,
      "time period 3": 0.0,
      "time period 4": 0.0,
      "time period 5": 0.0,
      "time period 6": 0.0,
      "time period 7": 0.0,
      "time period 8": 300.0,
      "time period 9": 300.0,
      "time period 10": 0.0,
      "time period 11": 0.0,
      "time period 12": 0.0,
      "time period 13": 300.0,
      "time period 14": 300.0,
      "time period 15": 0.0,
      "time period 16": 0.0,
      "time period 17": 0.0,
      "time period 18": 0.0
    },
    "Net discharging power (MW)": {
      "time period 1": -300.0,
      "time period 2": -300.0,
      "time period 3": 0.0,
      "time period 4": 0.0,
      "time period 5": 300.0,
      "time period 6": 300.0,
      "time period 7": 300.0,
      "time period 8": -300.0,
      "time period 9": -300.0,
      "time period 10": 0.0,
      "time period 11": 0.0,
      "time period 12": 300.0,
      "time period 13": -300.0,
      "time period 14": -300.0,
      "time period 15": 300.0,
      "time period 16": 171.99999999999977,
      "time period 17": 300.0,
      "time period 18": 0.0
    },
    "Stored energy (MWh)": {
      "time period 1": 522.5,
      "time period 2": 650.0,
      "time period 3": 650.0,
      "time period 4": 650.0,
      "time period 5": 473.52941176470586,
      "time period 6": 297.0588235294117,
      "time period 7": 120.5882352941176,
      "time period 8": 248.0882352941176,
      "time period 9": 375.58823529411757,
      "time period 10": 375.58823529411757,
      "time period 11": 375.58823529411757,
      "time period 12": 199.11764705882345,
      "time period 13": 326.6176470588234,
      "time period 14": 454.1176470588234,
      "time period 15": 277.6470588235293,
      "time period 16": 176.47058823529412,
      "time period 17": 0.0,
      "time period 18": 0.0
    },
    "Final energy (MWh)": 0.0,
    "Hourly average cost ($)": {
      "time period 1": 37345.4169228431,
      "time period 2": 39128.95119346619,
      "time period 3": 0.0,
      "time period 4": 0.0,
      "time period 5": 0.0,
      "time period 6": 0.0,
      "time period 7": 0.0,
      "time period 8": 43909.37669242859,
      "time period 9": 50033.3891259288,
      "time period 10": 0.0,
      "time period 11": 0.0,
      "time period 12": 0.0,
      "time period 13": 46229.36993087767,
      "time period 14": 44166.824011459335,
      "time period 15": 0.0,
      "time period 16": 0.0,
      "time period 17": 0.0,
      "time period 18": 0.0
    },
    "Hourly average revenue ($)": {
      "time period 1": 0.0,
      "time period 2": 0.0,
      "time period 3": 0.0,
      "time period 4": 0.0,
      "time period 5": 83113.16519819251,
      "time period 6": 95190.37058125486,
      "time period 7": 80785.90189229007,
      "time period 8": 0.0,
      "time period 9": 0.0,
      "time period 10": 0.0,
      "time period 11": 0.0,
      "time period 12": 94073.11947308533,
      "time period 13": 0.0,
      "time period 14": 0.0,
      "time period 15": 88774.59510292052,
      "time period 16": 45536.56567756037,
      "time period 17": 84837.36488021853,
      "time period 18": 0.0
    },
    "Total average cost ($)": 260813.32787700367,
    "Total average revenue ($)": 572311.0828055223,
    "Total average profit ($)": 311497.75492851855
  }
}
