{
  "Storage unit 1": {
    "Discharging power (MW)": {
      "time period 1": 0.0,
      "time period 2": 300.0,
      "time period 3": 300.0,
      "time period 4": 300.0,
      "time period 5": 0.0,
      "time period 6": 0.0,
      "time period 7": 0.0,
      "time period 8": 0.0,
      "time period 9": 300.0,
      "time period 10": 0.0,
      "time period 11": 0.0,
      "time period 12": 300.0,
      "time period 13": 300.0,
      "time period 14": 300.0,
      "time period 15": 0.0
    },
    "Charging power (MW)": {
      "time period 1": 0.0,
      "time period 2": 0.0,
      "time period 3": 0.0,
      "time period 4": 0.0,
      "time period 5": 300.0,
      "time period 6": 300.0,
      "time period 7": 177.16262975778565,
      "time period 8": 0.0,
      "time period 9": 0.0,
      "time period 10": 300.0,
      "time period 11": 300.0,
      "time period 12": 0.0,
      "time period 13": 0.0,
      "time period 14": 0.0,
      "time period 15": 0.0
    },
    "Net discharging power (MW)": {
      "time period 1": 0.0,
      "time period 2": 300.0,
      "time period 3": 300.0,
      "time period 4": 300.0,
      "time period 5": -300.0,
      "time period 6": -300.0,
      "time period 7": -177.16262975778565,
      "time period 8": 0.0,
      "time period 9": 300.0,
      "time period 10": -300.0,
      "time period 11": -300.0,
      "time period 12": 300.0,
      "time period 13": 300.0,
      "time period 14": 300.0,
      "time period 15": 0.0
    },
    "Stored energy (MWh)": {
      "time period 1": 650.0,
      "time period 2": 473.52941176470586,
      "time period 3": 297.0588235294117,
      "time period 4": 120.5882352941176,
      "time period 5": 248.0882352941176,
      "time period 6": 375.58823529411757,
      "time period 7": 450.88235294117646,
      "time period 8": 450.88235294117646,
      "time period 9": 274.4117647058823,
      "time period 10": 401.9117647058823,
      "time period 11": 529.4117647058823,
      "time period 12": 352.94117647058823,
      "time period 13": 176.47058823529412,
      "time period 14": 0.0,
      "time period 15": 0.0
    },
    "Final energy (MWh)": 0.0,
    "Hourly average cost ($)": {
      "time period 1": 0.0,
      "time period 2": 0.0,
      "time period 3": 0.0,
      "time period 4": 0.0,
      "time period 5": 40621.16519819251,
      "time period 6": 48516.370581254865,
      "time period 7": 32912.62487756925,
      "time period 8": 0.0,
      "time period 9": 0.0,
      "time period 10": 43406.87531243316,
      "time period 11": 44963.690554601446,
      "time period 12": 0.0,
      "time period 13": 0.0,
      "time period 14": 0.0,
      "time period 15": 0.0
    },
    "Hourly average revenue ($)": {
      "time period 1": 0.0,
      "time period 2": 82550.95119346617,
      "time period 3": 92035.58093297142,
      "time period 4": 77997.09609757418,
      "time period 5": 0.0,
      "time period 6": 0.0,
      "time period 7": 0.0,
      "time period 8": 0.0,
      "time period 9": 89957.38912592878,
      "time period 10": 0.0,
      "time period 11": 0.0,
      "time period 12": 89729.11947308529,
      "time period 13": 82940.36993087766,
      "time period 14": 86496.82401145941,
      "time period 15": 0.0
    },
    "Total average cost ($)": 210420.72652405122,
    "Total average revenue ($)": 601707.3307653628,
    "Total average profit ($)": 391286.6042413116
  }
}
