{
  "Total average profits ($)": {
    "Storage unit 1": {
      "CVaR chr 0.0 CVaR dis 0.0 Enr cap 450.0 alpha 0.95": 1.4895238009450082e6,
      "CVaR chr 0.1 CVaR dis 0.0 Enr cap 450.0 alpha 0.95": 1.4428297065324334e6,
      "CVaR chr 0.2 CVaR dis 0.0 Enr cap 450.0 alpha 0.95": 1.3744425064152805e6,
      "CVaR chr 0.3 CVaR dis 0.0 Enr cap 450.0 alpha 0.95": 1.288337672086914e6,
      "CVaR chr 0.4 CVaR dis 0.0 Enr cap 450.0 alpha 0.95": 1.2601178465195554e6
    }
  },
  "Net discharging levels (MW)": {
    "Storage unit 1": {
      "CVaR chr 0.0 CVaR dis 0.0 Enr cap 450.0 alpha 0.95": {
        "time period 1": 0.0,
        "time period 2": 0.0,
        "time period 3": 0.0,
        "time period 4": 0.0,
        "time period 5": 0.0,
        "time period 6": 0.0,
        "time period 7": 0.0,
        "time period 8": 0.0,
        "time period 9": 0.0,
        "time period 10": 0.0,
        "time period 11": -300.0,
        "time period 12": -300.0,
        "time period 13": -158.8235294117647,
        "time period 14": -300.0,
        "time period 15": 0.0,
        "time period 16": 0.0,
        "time period 17": 300.00000000000017,
        "time period 18": 164.99999999999986,
        "time period 19": 300.0,
        "time period 20": 0.0,
        "time period 21": 0.0,
        "time period 22": 0.0,
        "time period 23": -158.82352941176472,
        "time period 24": -300.0,
        "time period 25": 0.0,
        "time period 26": -300.0,
        "time period 27": -300.0,
        "time period 28": 0.0,
        "time period 29": 0.0,
        "time period 30": 0.0,
        "time period 31": 0.0,
        "time period 32": 0.0,
        "time period 33": 165.0,
        "time period 34": 0.0,
        "time period 35": 0.0,
        "time period 36": 0.0,
        "time period 37": 300.0,
        "time period 38": 0.0,
        "time period 39": 300.0,
        "time period 40": 0.0,
        "time period 41": -300.0,
        "time period 42": 0.0,
        "time period 43": -230.44982698961937,
        "time period 44": -300.0,
        "time period 45": 0.0,
        "time period 46": 300.0,
        "time period 47": 300.0,
        "time period 48": 0.0
      },
      "CVaR chr 0.1 CVaR dis 0.0 Enr cap 450.0 alpha 0.95": {
        "time period 1": -300.0,
        "time period 2": -158.8235294117647,
        "time period 3": 0.0,
        "time period 4": 0.0,
        "time period 5": 0.0,
        "time period 6": 216.75,
        "time period 7": 114.75,
        "time period 8": 0.0,
        "time period 9": 0.0,
        "time period 10": 0.0,
        "time period 11": -300.0,
        "time period 12": -300.0,
        "time period 13": -158.8235294117647,
        "time period 14": -300.0,
        "time period 15": 0.0,
        "time period 16": 0.0,
        "time period 17": 0.0,
        "time period 18": 133.5,
        "time period 19": 300.0,
        "time period 20": 300.0,
        "time period 21": 0.0,
        "time period 22": 0.0,
        "time period 23": -115.22491349480963,
        "time period 24": -300.0,
        "time period 25": 0.0,
        "time period 26": -300.0,
        "time period 27": -300.0,
        "time period 28": 0.0,
        "time period 29": 0.0,
        "time period 30": 0.0,
        "time period 31": 0.0,
        "time period 32": 0.0,
        "time period 33": 0.0,
        "time period 34": 0.0,
        "time period 35": 0.0,
        "time period 36": 0.0,
        "time period 37": 300.00000000000017,
        "time period 38": 81.74999999999986,
        "time period 39": 300.0,
        "time period 40": 0.0,
        "time period 41": -300.0,
        "time period 42": 0.0,
        "time period 43": 0.0,
        "time period 44": 0.0,
        "time period 45": 0.0,
        "time period 46": 300.0,
        "time period 47": 0.0,
        "time period 48": 0.0
      },
      "CVaR chr 0.2 CVaR dis 0.0 Enr cap 450.0 alpha 0.95": {
        "time period 1": -300.0,
        "time period 2": -300.0,
        "time period 3": 0.0,
        "time period 4": 0.0,
        "time period 5": 0.0,
        "time period 6": 0.0,
        "time period 7": 0.0,
        "time period 8": 0.0,
        "time period 9": 18.750000000000004,
        "time period 10": 300.0,
        "time period 11": -300.0,
        "time period 12": -300.0,
        "time period 13": 0.0,
        "time period 14": -300.0,
        "time period 15": 0.0,
        "time period 16": 0.0,
        "time period 17": 0.0,
        "time period 18": 0.0,
        "time period 19": 300.00000000000017,
        "time period 20": 0.0,
        "time period 21": 0.0,
        "time period 22": 0.0,
        "time period 23": 0.0,
        "time period 24": 0.0,
        "time period 25": 133.49999999999986,
        "time period 26": -300.0,
        "time period 27": -300.0,
        "time period 28": 0.0,
        "time period 29": 0.0,
        "time period 30": 0.0,
        "time period 31": 0.0,
        "time period 32": 0.0,
        "time period 33": 0.0,
        "time period 34": 0.0,
        "time period 35": 0.0,
        "time period 36": 0.0,
        "time period 37": 300.00000000000017,
        "time period 38": 0.0,
        "time period 39": 300.0,
        "time period 40": 0.0,
        "time period 41": -186.85121107266454,
        "time period 42": 0.0,
        "time period 43": 0.0,
        "time period 44": 0.0,
        "time period 45": 0.0,
        "time period 46": 300.0,
        "time period 47": 0.0,
        "time period 48": 0.0
      },
      "CVaR chr 0.3 CVaR dis 0.0 Enr cap 450.0 alpha 0.95": {
        "time period 1": -300.0,
        "time period 2": -300.0,
        "time period 3": 0.0,
        "time period 4": 0.0,
        "time period 5": 0.0,
        "time period 6": 0.0,
        "time period 7": 0.0,
        "time period 8": 0.0,
        "time period 9": 0.0,
        "time period 10": 300.0,
        "time period 11": -300.0,
        "time period 12": -299.99999999999994,
        "time period 13": 0.0,
        "time period 14": -274.0484429065747,
        "time period 15": 2.1032064978498967e-13,
        "time period 16": 0.0,
        "time period 17": 0.0,
        "time period 18": 0.0,
        "time period 19": 0.0,
        "time period 20": 0.0,
        "time period 21": 0.0,
        "time period 22": 0.0,
        "time period 23": 0.0,
        "time period 24": 0.0,
        "time period 25": 300.00000000000017,
        "time period 26": -115.22491349480988,
        "time period 27": -300.0,
        "time period 28": 0.0,
        "time period 29": 0.0,
        "time period 30": 0.0,
        "time period 31": 0.0,
        "time period 32": 0.0,
        "time period 33": 0.0,
        "time period 34": 0.0,
        "time period 35": 0.0,
        "time period 36": 0.0,
        "time period 37": 165.0,
        "time period 38": 0.0,
        "time period 39": 300.0,
        "time period 40": 0.0,
        "time period 41": 0.0,
        "time period 42": 0.0,
        "time period 43": 0.0,
        "time period 44": 0.0,
        "time period 45": 0.0,
        "time period 46": 300.0,
        "time period 47": 0.0,
        "time period 48": 0.0
      },
      "CVaR chr 0.4 CVaR dis 0.0 Enr cap 450.0 alpha 0.95": {
        "time period 1": -300.0,
        "time period 2": -300.0,
        "time period 3": 0.0,
        "time period 4": 0.0,
        "time period 5": 0.0,
        "time period 6": 0.0,
        "time period 7": 0.0,
        "time period 8": 0.0,
        "time period 9": 0.0,
        "time period 10": 102.0,
        "time period 11": -300.0,
        "time period 12": -300.0,
        "time period 13": 0.0,
        "time period 14": 0.0,
        "time period 15": 0.0,
        "time period 16": 0.0,
        "time period 17": 0.0,
        "time period 18": 0.0,
        "time period 19": 0.0,
        "time period 20": 0.0,
        "time period 21": 0.0,
        "time period 22": 0.0,
        "time period 23": 0.0,
        "time period 24": 0.0,