{
  "Storage unit 1": {
    "Net discharging power (MW)": [
      {
        "time period 1": -74.16502106191884,
        "time period 2": 66.93393150838175,
        "time period 3": -17.584425497169043,
        "time period 4": -37.71670947142092,
        "time period 5": -46.83183385617843,
        "time period 6": 75.96517049654351,
        "time period 7": -31.53334224596974,
        "time period 8": -34.588580278734604,
        "time period 9": 75.88486894635564,
        "time period 10": 0.0,
        "time period 11": 0.0,
        "time period 12": 0.0,
        "time period 13": 0.0,
        "time period 14": 0.0,
        "time period 15": 0.0,
        "time period 16": 0.0,
        "time period 17": 0.0,
        "time period 18": 0.0,
        "time period 19": 0.0,
        "time period 20": 0.0,
        "time period 21": 0.0,
        "time period 22": 0.0,
        "time period 23": 0.0,
        "time period 24": 0.0
      }
    ],
    "Discharging power (MW)": [
      {
        "time period 1": 0.0,
        "time period 2": 66.93393150838175,
        "time period 3": 0.0,
        "time period 4": 0.0,
        "time period 5": 0.0,
        "time period 6": 75.96517049654351,
        "time period 7": 0.0,
        "time period 8": 0.0,
        "time period 9": 75.88486894635564,
        "time period 10": 0.0,
        "time period 11": 0.0,
        "time period 12": 0.0,
        "time period 13": 0.0,
        "time period 14": 0.0,
        "time period 15": 0.0,
        "time period 16": 0.0,
        "time period 17": 0.0,
        "time period 18": 0.0,
        "time period 19": 0.0,
        "time period 20": 0.0,
        "time period 21": 0.0,
        "time period 22": 0.0,
        "time period 23": 0.0,
        "time period 24": 0.0
      }
    ],
    "Charging power (MW)": [
      {
        "time period 1": 74.16502106191884,
        "time period 2": 0.0,
        "time period 3": 17.584425497169043,
        "time period 4": 37.71670947142092,
        "time period 5": 46.83183385617843,
        "time period 6": 0.0,
        "time period 7": 31.53334224596974,
        "time period 8": 34.588580278734604,
        "time period 9": 0.0,
        "time period 10": 0.0,
        "time period 11": 0.0,
        "time period 12": 0.0,
        "time period 13": 0.0,
        "time period 14": 0.0,
        "time period 15": 0.0,
        "time period 16": 0.0,
        "time period 17": 0.0,
        "time period 18": 0.0,
        "time period 19": 0.0,
        "time period 20": 0.0,
        "time period 21": 0.0,
        "time period 22": 0.0,
        "time period 23": 0.0,
        "time period 24": 0.0
      }
    ],
    "Stored energy (MWh)": [
      {
        "time period 1": 0.0,
        "time period 2": 70.45677000882289,
        "time period 3": 0.0,
        "time period 4": 16.70520422231059,
        "time period 5": 52.53607822016046,
        "time period 6": 97.02632038352996,
        "time period 7": 17.06298301874733,
        "time period 8": 47.019658152418586,
        "time period 9": 79.87880941721646,
        "time period 10": 0.0,
        "time period 11": 0.0,
        "time period 12": 0.0,
        "time period 13": 0.0,
        "time period 14": 0.0,
        "time period 15": 0.0,
        "time period 16": 0.0,
        "time period 17": 0.0,
        "time period 18": 0.0,
        "time period 19": 0.0,
        "time period 20": 0.0,
        "time period 21": 0.0,
        "time period 22": 0.0,
        "time period 23": 0.0,
        "time period 24": 0.0
      }
    ],
    "Final energy (MWh)": 0.0,
    "Average hourly costs ($)": [
      {
        "time period 1": 373.9472754719352,
        "time period 2": 0.0,
        "time period 3": 179.9711180210366,
        "time period 4": 373.9767061367289,
        "time period 5": 322.5694926450837,
        "time period 6": 0.0,
        "time period 7": 318.47288757576086,
        "time period 8": 307.28272483330227,
        "time period 9": 0.0,
        "time period 10": 0.0,
        "time period 11": 0.0,
        "time period 12": 0.0,
        "time period 13": 0.0,
        "time period 14": 0.0,
        "time period 15": 0.0,
        "time period 16": 0.0,
        "time period 17": 0.0,
        "time period 18": 0.0,
        "time period 19": 0.0,
        "time period 20": 0.0,
        "time period 21": 0.0,
        "time period 22": 0.0,
        "time period 23": 0.0,
        "time period 24": 0.0
      }
    ],
    "Average hourly revenues ($)": [
      {
        "time period 1": 0.0,
        "time period 2": 1000.9766910412675,
        "time period 3": 0.0,
        "time period 4": 0.0,
        "time period 5": 0.0,
        "time period 6": 960.6238771728484,
        "time period 7": 0.0,
        "time period 8": 0.0,
        "time period 9": 932.2849170172005,
        "time period 10": 0.0,
        "time period 11": 0.0,
        "time period 12": 0.0,
        "time period 13": 0.0,
        "time period 14": 0.0,
        "time period 15": 0.0,
        "time period 16": 0.0,
        "time period 17": 0.0,
        "time period 18": 0.0,
        "time period 19": 0.0,
        "time period 20": 0.0,
        "time period 21": 0.0,
        "time period 22": 0.0,
        "time period 23": 0.0,
        "time period 24": 0.0
      }
    ],
    "Average total cost ($)": 1876.2202046838474,
    "Average total revenue ($)": 2893.885485231316,
    "Average total profit ($)": 1017.6652805474687
  }
}
