{
  "Storage unit 1": {
    "Net discharging power (MW)": [
      {
        "time period 1": -100.0,
        "time period 2": 57.21414261740541,
        "time period 3": 33.03585738259459,
        "time period 4": 0.0,
        "time period 5": -93.66366771235685,
        "time period 6": 37.982585248271754,
        "time period 7": 24.368755170879048,
        "time period 8": -69.17716055746922,
        "time period 9": 37.94243447317782,
        "time period 10": 0.0,
        "time period 11": 21.232095043352057,
        "time period 12": 0.0,
        "time period 13": 11.188684647928138,
        "time period 14": 0.0,
        "time period 15": 0.0,
        "time period 16": 0.0,
        "time period 17": 0.0,
        "time period 18": 0.0,
        "time period 19": 0.6113140601747844,
        "time period 20": 8.024740033059816,
        "time period 21": 0.0,
        "time period 22": 0.0,
        "time period 23": 5.613238836674617,
        "time period 24": 0.0
      }
    ],
    "Discharging power (MW)": [
      {
        "time period 1": 0.0,
        "time period 2": 57.21414261740541,
        "time period 3": 33.03585738259459,
        "time period 4": 0.0,
        "time period 5": 0.0,
        "time period 6": 37.982585248271754,
        "time period 7": 24.368755170879048,
        "time period 8": 0.0,
        "time period 9": 37.94243447317782,
        "time period 10": 0.0,
        "time period 11": 21.232095043352057,
        "time period 12": 0.0,
        "time period 13": 11.188684647928138,
        "time period 14": 0.0,
        "time period 15": 0.0,
        "time period 16": 0.0,
        "time period 17": 0.0,
        "time period 18": 0.0,
        "time period 19": 0.6113140601747844,
        "time period 20": 8.024740033059816,
        "time period 21": 0.0,
        "time period 22": 0.0,
        "time period 23": 5.613238836674617,
        "time period 24": 0.0
      }
    ],
    "Charging power (MW)": [
      {
        "time period 1": 100.0,
        "time period 2": 0.0,
        "time period 3": 0.0,
        "time period 4": 0.0,
        "time period 5": 93.66366771235685,
        "time period 6": 0.0,
        "time period 7": 0.0,
        "time period 8": 69.17716055746922,
        "time period 9": 0.0,
        "time period 10": 0.0,
        "time period 11": 0.0,
        "time period 12": 0.0,
        "time period 13": 0.0,
        "time period 14": 0.0,
        "time period 15": 0.0,
        "time period 16": 0.0,
        "time period 17": 0.0,
        "time period 18": 0.0,
        "time period 19": 0.0,
        "time period 20": 0.0,
        "time period 21": 0.0,
        "time period 22": 0.0,
        "time period 23": 0.0,
        "time period 24": 0.0
      }
    ],
    "Stored energy (MWh)": [
      {
        "time period 1": 0.0,
        "time period 2": 95.0,
        "time period 3": 34.774586718520624,
        "time period 4": 0.0,
        "time period 5": 0.0,
        "time period 6": 88.980484326739,
        "time period 7": 48.99881564434769,
        "time period 8": 23.347494411843428,
        "time period 9": 89.06579694143919,
        "time period 10": 49.12639223283096,
        "time period 11": 49.12639223283096,
        "time period 12": 26.77681850298669,
        "time period 13": 26.77681850298669,
        "time period 14": 14.999255715693913,
        "time period 15": 14.999255715693913,
        "time period 16": 14.999255715693913,
        "time period 17": 14.999255715693913,
        "time period 18": 14.999255715693913,
        "time period 19": 14.999255715693913,
        "time period 20": 14.355767231299403,
        "time period 21": 5.908672459657491,
        "time period 22": 5.908672459657491,
        "time period 23": 5.908672459657491,
        "time period 24": 0.0
      }
    ],
    "Final energy (MWh)": 0.0,
    "Average hourly costs ($)": [
      {
        "time period 1": 504.2097610404969,
        "time period 2": 0.0,
        "time period 3": 0.0,
        "time period 4": 0.0,
        "time period 5": 645.1389852901674,
        "time period 6": 0.0,
        "time period 7": 0.0,
        "time period 8": 614.5654496666046,
        "time period 9": 0.0,
        "time period 10": 0.0,
        "time period 11": 0.0,
        "time period 12": 0.0,
        "time period 13": 0.0,
        "time period 14": 0.0,
        "time period 15": 0.0,
        "time period 16": 0.0,
        "time period 17": 0.0,
        "time period 18": 0.0,
        "time period 19": 0.0,
        "time period 20": 0.0,
        "time period 21": 0.0,
        "time period 22": 0.0,
        "time period 23": 0.0,
        "time period 24": 0.0
      }
    ],
    "Average hourly revenues ($)": [
      {
        "time period 1": 0.0,
        "time period 2": 855.6201894514747,
        "time period 3": 338.1117107798742,
        "time period 4": 0.0,
        "time period 5": 0.0,
        "time period 6": 480.3119385864242,
        "time period 7": 246.11370927192172,
        "time period 8": 0.0,
        "time period 9": 466.14245850860027,
        "time period 10": 0.0,
        "time period 11": 219.49702365693284,
        "time period 12": 0.0,
        "time period 13": 111.29485831055389,
        "time period 14": 0.0,
        "time period 15": 0.0,
        "time period 16": 0.0,
        "time period 17": 0.0,
        "time period 18": 0.0,
        "time period 19": 6.060607573011165,
        "time period 20": 80.93031698214922,
        "time period 21": 0.0,
        "time period 22": 0.0,
        "time period 23": 55.710173620066996,
        "time period 24": 0.0
      }
    ],
    "Average total cost ($)": 1763.914195997269,
    "Average total revenue ($)": 2859.7929867410094,
    "Average total profit ($)": 1095.8787907437404
  }
}
