{
  "Storage unit 1": {
    "Net discharging power (MW)": [
      {
        "time period 1": -100.0,
        "time period 2": 90.25,
        "time period 3": 0.0,
        "time period 4": -11.599490182379999,
        "time period 5": -93.66366771235685,
        "time period 6": 94.95646312067939,
        "time period 7": -35.87829573463486,
        "time period 8": -69.17716055746922,
        "time period 9": 94.85608618294455,
        "time period 10": 0.0,
        "time period 11": 0.0,
        "time period 12": 0.0,
        "time period 13": 0.0,
        "time period 14": 0.0,
        "time period 15": 0.0,
        "time period 16": 0.0,
        "time period 17": 0.0,
        "time period 18": 0.0,
        "time period 19": 0.0,
        "time period 20": 0.0,
        "time period 21": 0.0,
        "time period 22": 0.0,
        "time period 23": 0.0,
        "time period 24": 0.0
      }
    ],
    "Discharging power (MW)": [
      {
        "time period 1": 0.0,
        "time period 2": 90.25,
        "time period 3": 0.0,
        "time period 4": 0.0,
        "time period 5": 0.0,
        "time period 6": 94.95646312067939,
        "time period 7": 0.0,
        "time period 8": 0.0,
        "time period 9": 94.85608618294455,
        "time period 10": 0.0,
        "time period 11": 0.0,
        "time period 12": 0.0,
        "time period 13": 0.0,
        "time period 14": 0.0,
        "time period 15": 0.0,
        "time period 16": 0.0,
        "time period 17": 0.0,
        "time period 18": 0.0,
        "time period 19": 0.0,
        "time period 20": 0.0,
        "time period 21": 0.0,
        "time period 22": 0.0,
        "time period 23": 0.0,
        "time period 24": 0.0
      }
    ],
    "Charging power (MW)": [
      {
        "time period 1": 100.0,
        "time period 2": 0.0,
        "time period 3": 0.0,
        "time period 4": 11.599490182379999,
        "time period 5": 93.66366771235685,
        "time period 6": 0.0,
        "time period 7": 35.87829573463486,
        "time period 8": 69.17716055746922,
        "time period 9": 0.0,
        "time period 10": 0.0,
        "time period 11": 0.0,
        "time period 12": 0.0,
        "time period 13": 0.0,
        "time period 14": 0.0,
        "time period 15": 0.0,
        "time period 16": 0.0,
        "time period 17": 0.0,
        "time period 18": 0.0,
        "time period 19": 0.0,
        "time period 20": 0.0,
        "time period 21": 0.0,
        "time period 22": 0.0,
        "time period 23": 0.0,
        "time period 24": 0.0
      }
    ],
    "Stored energy (MWh)": [
      {
        "time period 1": 0.0,
        "time period 2": 95.0,
        "time period 3": 0.0,
        "time period 4": 0.0,
        "time period 5": 11.019515673260997,
        "time period 6": 100.0,
        "time period 7": 0.045828294021703186,
        "time period 8": 34.13020924192482,
        "time period 9": 99.84851177152058,
        "time period 10": 0.0,
        "time period 11": 0.0,
        "time period 12": 0.0,
        "time period 13": 0.0,
        "time period 14": 0.0,
        "time period 15": 0.0,
        "time period 16": 0.0,
        "time period 17": 0.0,
        "time period 18": 0.0,
        "time period 19": 0.0,
        "time period 20": 0.0,
        "time period 21": 0.0,
        "time period 22": 0.0,
        "time period 23": 0.0,
        "time period 24": 0.0
      }
    ],
    "Final energy (MWh)": 0.0,
    "Average hourly costs ($)": [
      {
        "time period 1": 504.2097610404969,
        "time period 2": 0.0,
        "time period 3": 0.0,
        "time period 4": 115.013721824243,
        "time period 5": 645.1389852901674,
        "time period 6": 0.0,
        "time period 7": 362.3550067981345,
        "time period 8": 614.5654496666046,
        "time period 9": 0.0,
        "time period 10": 0.0,
        "time period 11": 0.0,
        "time period 12": 0.0,
        "time period 13": 0.0,
        "time period 14": 0.0,
        "time period 15": 0.0,
        "time period 16": 0.0,
        "time period 17": 0.0,
        "time period 18": 0.0,
        "time period 19": 0.0,
        "time period 20": 0.0,
        "time period 21": 0.0,
        "time period 22": 0.0,
        "time period 23": 0.0,
        "time period 24": 0.0
      }
    ],
    "Average hourly revenues ($)": [
      {
        "time period 1": 0.0,
        "time period 2": 1349.661439731235,
        "time period 3": 0.0,
        "time period 4": 0.0,
        "time period 5": 0.0,
        "time period 6": 1200.7798464660607,
        "time period 7": 0.0,
        "time period 8": 0.0,
        "time period 9": 1165.3561462715008,
        "time period 10": 0.0,
        "time period 11": 0.0,
        "time period 12": 0.0,
        "time period 13": 0.0,
        "time period 14": 0.0,
        "time period 15": 0.0,
        "time period 16": 0.0,
        "time period 17": 0.0,
        "time period 18": 0.0,
        "time period 19": 0.0,
        "time period 20": 0.0,
        "time period 21": 0.0,
        "time period 22": 0.0,
        "time period 23": 0.0,
        "time period 24": 0.0
      }
    ],
    "Average total cost ($)": 2241.2829246196466,
    "Average total revenue ($)": 3715.7974324687966,
    "Average total profit ($)": 1474.51450784915
  }
}
