{
  "Storage unit 1": {
    "Net discharging power (MW)": [
      {
        "time period 1": -100.0,
        "time period 2": 28.607071308702704,
        "time period 3": 17.45328481853849,
        "time period 4": 14.061635060467777,
        "time period 5": -71.88032264566091,
        "time period 6": 18.991292624135877,
        "time period 7": 12.184377585439524,
        "time period 8": 0.0,
        "time period 9": 18.97121723658891,
        "time period 10": 0.0,
        "time period 11": 10.616047521676029,
        "time period 12": 5.222176695306713,
        "time period 13": 5.594342323964069,
        "time period 14": 0.0,
        "time period 15": 1.429103781714512,
        "time period 16": 6.353936888605543,
        "time period 17": 0.0,
        "time period 18": 0.0,
        "time period 19": 4.7152115482458115,
        "time period 20": 4.012370016529907,
        "time period 21": 0.0,
        "time period 22": 4.103304359455803,
        "time period 23": 2.8066194183373083,
        "time period 24": 0.0
      }
    ],
    "Discharging power (MW)": [
      {
        "time period 1": 0.0,
        "time period 2": 28.607071308702704,
        "time period 3": 17.45328481853849,
        "time period 4": 14.061635060467777,
        "time period 5": 0.0,
        "time period 6": 18.991292624135877,
        "time period 7": 12.184377585439524,
        "time period 8": 0.0,
        "time period 9": 18.97121723658891,
        "time period 10": 0.0,
        "time period 11": 10.616047521676029,
        "time period 12": 5.222176695306713,
        "time period 13": 5.594342323964069,
        "time period 14": 0.0,
        "time period 15": 1.429103781714512,
        "time period 16": 6.353936888605543,
        "time period 17": 0.0,
        "time period 18": 0.0,
        "time period 19": 4.7152115482458115,
        "time period 20": 4.012370016529907,
        "time period 21": 0.0,
        "time period 22": 4.103304359455803,
        "time period 23": 2.8066194183373083,
        "time period 24": 0.0
      }
    ],
    "Charging power (MW)": [
      {
        "time period 1": 100.0,
        "time period 2": 0.0,
        "time period 3": 0.0,
        "time period 4": 0.0,
        "time period 5": 71.88032264566091,
        "time period 6": 0.0,
        "time period 7": 0.0,
        "time period 8": 0.0,
        "time period 9": 0.0,
        "time period 10": 0.0,
        "time period 11": 0.0,
        "time period 12": 0.0,
        "time period 13": 0.0,
        "time period 14": 0.0,
        "time period 15": 0.0,
        "time period 16": 0.0,
        "time period 17": 0.0,
        "time period 18": 0.0,
        "time period 19": 0.0,
        "time period 20": 0.0,
        "time period 21": 0.0,
        "time period 22": 0.0,
        "time period 23": 0.0,
        "time period 24": 0.0
      }
    ],
    "Stored energy (MWh)": [
      {
        "time period 1": 0.0,
        "time period 2": 95.0,
        "time period 3": 64.88729335926031,
        "time period 4": 46.51541460290401,
        "time period 5": 31.71369348662214,
        "time period 6": 100.0,
        "time period 7": 80.00916565880433,
        "time period 8": 67.18350504255221,
        "time period 9": 67.18350504255221,
        "time period 10": 47.213802688248094,
        "time period 11": 47.213802688248094,
        "time period 12": 36.03901582332596,
        "time period 13": 30.541987723003107,
        "time period 14": 24.65320632935672,
        "time period 15": 24.65320632935672,
        "time period 16": 23.14888655913092,
        "time period 17": 16.460531939546136,
        "time period 18": 16.460531939546136,
        "time period 19": 16.460531939546136,
        "time period 20": 11.497151362445283,
        "time period 21": 7.273603976624328,
        "time period 22": 7.273603976624328,
        "time period 23": 2.9543362298287454,
        "time period 24": 0.0
      }
    ],
    "Final energy (MWh)": 0.0,
    "Average hourly costs ($)": [
      {
        "time period 1": 504.2097610404969,
        "time period 2": 0.0,
        "time period 3": 0.0,
        "time period 4": 0.0,
        "time period 5": 495.0991088280185,
        "time period 6": 0.0,
        "time period 7": 0.0,
        "time period 8": 0.0,
        "time period 9": 0.0,
        "time period 10": 0.0,
        "time period 11": 0.0,
        "time period 12": 0.0,
        "time period 13": 0.0,
        "time period 14": 0.0,
        "time period 15": 0.0,
        "time period 16": 0.0,
        "time period 17": 0.0,
        "time period 18": 0.0,
        "time period 19": 0.0,
        "time period 20": 0.0,
        "time period 21": 0.0,
        "time period 22": 0.0,
        "time period 23": 0.0,
        "time period 24": 0.0
      }
    ],
    "Average hourly revenues ($)": [
      {
        "time period 1": 0.0,
        "time period 2": 427.8100947257374,
        "time period 3": 178.62893402105448,
        "time period 4": 139.42690220087135,
        "time period 5": 0.0,
        "time period 6": 240.1559692932121,
        "time period 7": 123.05685463596086,
        "time period 8": 0.0,
        "time period 9": 233.07122925430014,
        "time period 10": 0.0,
        "time period 11": 109.74851182846642,
        "time period 12": 51.18161897972146,
        "time period 13": 55.647429155276946,
        "time period 14": 0.0,
        "time period 15": 13.605026274896955,
        "time period 16": 61.669509373437485,
        "time period 17": 0.0,
        "time period 18": 0.0,
        "time period 19": 46.74691566799172,
        "time period 20": 40.465158491074604,
        "time period 21": 0.0,
        "time period 22": 39.77180691394149,
        "time period 23": 27.855086810033498,
        "time period 24": 0.0
      }
    ],
    "Average total cost ($)": 999.3088698685153,
    "Average total revenue ($)": 1788.841047625977,
    "Average total profit ($)": 789.5321777574616
  }
}
