{
  "Storage unit 1": {
    "Net discharging power (MW)": [
      {
        "time period 1": -37.082510530959425,
        "time period 2": 28.6070713087027,
        "time period 3": 0.0,
        "time period 4": 0.0,
        "time period 5": -23.415916928089214,
        "time period 6": 18.991292624135877,
        "time period 7": 0.0,
        "time period 8": -17.294290139367305,
        "time period 9": 18.97121723658891,
        "time period 10": 0.0,
        "time period 11": 3.638346463142903,
        "time period 12": 0.0,
        "time period 13": 0.0,
        "time period 14": 0.0,
        "time period 15": 0.0,
        "time period 16": 0.0,
        "time period 17": 0.0,
        "time period 18": 0.0,
        "time period 19": 0.0,
        "time period 20": 0.0,
        "time period 21": 0.0,
        "time period 22": 0.0,
        "time period 23": 0.0,
        "time period 24": 0.0
      }
    ],
    "Discharging power (MW)": [
      {
        "time period 1": 0.0,
        "time period 2": 28.6070713087027,
        "time period 3": 0.0,
        "time period 4": 0.0,
        "time period 5": 0.0,
        "time period 6": 18.991292624135877,
        "time period 7": 0.0,
        "time period 8": 0.0,
        "time period 9": 18.97121723658891,
        "time period 10": 0.0,
        "time period 11": 3.638346463142903,
        "time period 12": 0.0,
        "time period 13": 0.0,
        "time period 14": 0.0,
        "time period 15": 0.0,
        "time period 16": 0.0,
        "time period 17": 0.0,
        "time period 18": 0.0,
        "time period 19": 0.0,
        "time period 20": 0.0,
        "time period 21": 0.0,
        "time period 22": 0.0,
        "time period 23": 0.0,
        "time period 24": 0.0
      }
    ],
    "Charging power (MW)": [
      {
        "time period 1": 37.082510530959425,
        "time period 2": 0.0,
        "time period 3": 0.0,
        "time period 4": 0.0,
        "time period 5": 23.415916928089214,
        "time period 6": 0.0,
        "time period 7": 0.0,
        "time period 8": 17.294290139367305,
        "time period 9": 0.0,
        "time period 10": 0.0,
        "time period 11": 0.0,
        "time period 12": 0.0,
        "time period 13": 0.0,
        "time period 14": 0.0,
        "time period 15": 0.0,
        "time period 16": 0.0,
        "time period 17": 0.0,
        "time period 18": 0.0,
        "time period 19": 0.0,
        "time period 20": 0.0,
        "time period 21": 0.0,
        "time period 22": 0.0,
        "time period 23": 0.0,
        "time period 24": 0.0
      }
    ],
    "Stored energy (MWh)": [
      {
        "time period 1": 0.0,
        "time period 2": 35.22838500441145,
        "time period 3": 5.115678363671769,
        "time period 4": 5.115678363671769,
        "time period 5": 5.115678363671769,
        "time period 6": 27.36079944535652,
        "time period 7": 7.369965104160862,
        "time period 8": 7.369965104160862,
        "time period 9": 23.799540736559802,
        "time period 10": 3.829838382255687,
        "time period 11": 3.829838382255687,
        "time period 12": 0.0,
        "time period 13": 0.0,
        "time period 14": 0.0,
        "time period 15": 0.0,
        "time period 16": 0.0,
        "time period 17": 0.0,
        "time period 18": 0.0,
        "time period 19": 0.0,
        "time period 20": 0.0,
        "time period 21": 0.0,
        "time period 22": 0.0,
        "time period 23": 0.0,
        "time period 24": 0.0
      }
    ],
    "Final energy (MWh)": 0.0,
    "Average hourly costs ($)": [
      {
        "time period 1": 186.97363773596763,
        "time period 2": 0.0,
        "time period 3": 0.0,
        "time period 4": 0.0,
        "time period 5": 161.28474632254185,
        "time period 6": 0.0,
        "time period 7": 0.0,
        "time period 8": 153.64136241665116,
        "time period 9": 0.0,
        "time period 10": 0.0,
        "time period 11": 0.0,
        "time period 12": 0.0,
        "time period 13": 0.0,
        "time period 14": 0.0,
        "time period 15": 0.0,
        "time period 16": 0.0,
        "time period 17": 0.0,
        "time period 18": 0.0,
        "time period 19": 0.0,
        "time period 20": 0.0,
        "time period 21": 0.0,
        "time period 22": 0.0,
        "time period 23": 0.0,
        "time period 24": 0.0
      }
    ],
    "Average hourly revenues ($)": [
      {
        "time period 1": 0.0,
        "time period 2": 427.8100947257373,
        "time period 3": 0.0,
        "time period 4": 0.0,
        "time period 5": 0.0,
        "time period 6": 240.1559692932121,
        "time period 7": 0.0,
        "time period 8": 0.0,
        "time period 9": 233.07122925430014,
        "time period 10": 0.0,
        "time period 11": 37.613161492635925,
        "time period 12": 0.0,
        "time period 13": 0.0,
        "time period 14": 0.0,
        "time period 15": 0.0,
        "time period 16": 0.0,
        "time period 17": 0.0,
        "time period 18": 0.0,
        "time period 19": 0.0,
        "time period 20": 0.0,
        "time period 21": 0.0,
        "time period 22": 0.0,
        "time period 23": 0.0,
        "time period 24": 0.0
      }
    ],
    "Average total cost ($)": 501.89974647516067,
    "Average total revenue ($)": 938.6504547658856,
    "Average total profit ($)": 436.7507082907249
  }
}
