{
  "Storage unit 1": {
    "Net discharging power (MW)": [
      {
        "time period 1": -100.0,
        "time period 2": 85.82121392610811,
        "time period 3": 0.0,
        "time period 4": 0.0,
        "time period 5": -70.24775078426765,
        "time period 6": 56.97387787240764,
        "time period 7": 0.0,
        "time period 8": -51.88287041810191,
        "time period 9": 56.91365170976674,
        "time period 10": 0.0,
        "time period 11": 0.7641421268560283,
        "time period 12": 0.0,
        "time period 13": 0.0,
        "time period 14": 0.0,
        "time period 15": 0.0,
        "time period 16": 0.0,
        "time period 17": 0.0,
        "time period 18": 0.0,
        "time period 19": 0.0,
        "time period 20": 0.0,
        "time period 21": 0.0,
        "time period 22": 0.0,
        "time period 23": 0.0,
        "time period 24": 0.0
      }
    ],
    "Discharging power (MW)": [
      {
        "time period 1": 0.0,
        "time period 2": 85.82121392610811,
        "time period 3": 0.0,
        "time period 4": 0.0,
        "time period 5": 0.0,
        "time period 6": 56.97387787240764,
        "time period 7": 0.0,
        "time period 8": 0.0,
        "time period 9": 56.91365170976674,
        "time period 10": 0.0,
        "time period 11": 0.7641421268560283,
        "time period 12": 0.0,
        "time period 13": 0.0,
        "time period 14": 0.0,
        "time period 15": 0.0,
        "time period 16": 0.0,
        "time period 17": 0.0,
        "time period 18": 0.0,
        "time period 19": 0.0,
        "time period 20": 0.0,
        "time period 21": 0.0,
        "time period 22": 0.0,
        "time period 23": 0.0,
        "time period 24": 0.0
      }
    ],
    "Charging power (MW)": [
      {
        "time period 1": 100.0,
        "time period 2": 0.0,
        "time period 3": 0.0,
        "time period 4": 0.0,
        "time period 5": 70.24775078426765,
        "time period 6": 0.0,
        "time period 7": 0.0,
        "time period 8": 51.88287041810191,
        "time period 9": 0.0,
        "time period 10": 0.0,
        "time period 11": 0.0,
        "time period 12": 0.0,
        "time period 13": 0.0,
        "time period 14": 0.0,
        "time period 15": 0.0,
        "time period 16": 0.0,
        "time period 17": 0.0,
        "time period 18": 0.0,
        "time period 19": 0.0,
        "time period 20": 0.0,
        "time period 21": 0.0,
        "time period 22": 0.0,
        "time period 23": 0.0,
        "time period 24": 0.0
      }
    ],
    "Stored energy (MWh)": [
      {
        "time period 1": 0.0,
        "time period 2": 95.0,
        "time period 3": 4.6618800777809355,
        "time period 4": 4.6618800777809355,
        "time period 5": 4.6618800777809355,
        "time period 6": 71.3972433228352,
        "time period 7": 11.424740299248207,
        "time period 8": 11.424740299248207,
        "time period 9": 60.713467196445016,
        "time period 10": 0.8043601335326613,
        "time period 11": 0.8043601335326613,
        "time period 12": 0.0,
        "time period 13": 0.0,
        "time period 14": 0.0,
        "time period 15": 0.0,
        "time period 16": 0.0,
        "time period 17": 0.0,
        "time period 18": 0.0,
        "time period 19": 0.0,
        "time period 20": 0.0,
        "time period 21": 0.0,
        "time period 22": 0.0,
        "time period 23": 0.0,
        "time period 24": 0.0
      }
    ],
    "Final energy (MWh)": 0.0,
    "Average hourly costs ($)": [
      {
        "time period 1": 504.2097610404969,
        "time period 2": 0.0,
        "time period 3": 0.0,
        "time period 4": 0.0,
        "time period 5": 483.85423896762563,
        "time period 6": 0.0,
        "time period 7": 0.0,
        "time period 8": 460.9240872499534,
        "time period 9": 0.0,
        "time period 10": 0.0,
        "time period 11": 0.0,
        "time period 12": 0.0,
        "time period 13": 0.0,
        "time period 14": 0.0,
        "time period 15": 0.0,
        "time period 16": 0.0,
        "time period 17": 0.0,
        "time period 18": 0.0,
        "time period 19": 0.0,
        "time period 20": 0.0,
        "time period 21": 0.0,
        "time period 22": 0.0,
        "time period 23": 0.0,
        "time period 24": 0.0
      }
    ],
    "Average hourly revenues ($)": [
      {
        "time period 1": 0.0,
        "time period 2": 1283.4302841772123,
        "time period 3": 0.0,
        "time period 4": 0.0,
        "time period 5": 0.0,
        "time period 6": 720.4679078796365,
        "time period 7": 0.0,
        "time period 8": 0.0,
        "time period 9": 699.2136877629006,
        "time period 10": 0.0,
        "time period 11": 7.899687814759162,
        "time period 12": 0.0,
        "time period 13": 0.0,
        "time period 14": 0.0,
        "time period 15": 0.0,
        "time period 16": 0.0,
        "time period 17": 0.0,
        "time period 18": 0.0,
        "time period 19": 0.0,
        "time period 20": 0.0,
        "time period 21": 0.0,
        "time period 22": 0.0,
        "time period 23": 0.0,
        "time period 24": 0.0
      }
    ],
    "Average total cost ($)": 1448.988087258076,
    "Average total revenue ($)": 2711.0115676345085,
    "Average total profit ($)": 1262.0234803764326
  }
}
