{
  "Storage unit 1": {
    "Net discharging power (MW)": [
      {
        "time period 1": -100.0,
        "time period 2": 85.82121392610811,
        "time period 3": 4.428786073891889,
        "time period 4": 0.0,
        "time period 5": -100.0,
        "time period 6": 56.97387787240764,
        "time period 7": 33.276122127592366,
        "time period 8": -100.0,
        "time period 9": 56.91365170976674,
        "time period 10": 0.0,
        "time period 11": 31.848142565028088,
        "time period 12": 0.0,
        "time period 13": 0.0,
        "time period 14": 0.0,
        "time period 15": 0.0,
        "time period 16": 0.0,
        "time period 17": 0.0,
        "time period 18": 0.0,
        "time period 19": 0.0,
        "time period 20": 1.4882057252051766,
        "time period 21": 0.0,
        "time period 22": 0.0,
        "time period 23": 0.0,
        "time period 24": 0.0
      }
    ],
    "Discharging power (MW)": [
      {
        "time period 1": 0.0,
        "time period 2": 85.82121392610811,
        "time period 3": 4.428786073891889,
        "time period 4": 0.0,
        "time period 5": 0.0,
        "time period 6": 56.97387787240764,
        "time period 7": 33.276122127592366,
        "time period 8": 0.0,
        "time period 9": 56.91365170976674,
        "time period 10": 0.0,
        "time period 11": 31.848142565028088,
        "time period 12": 0.0,
        "time period 13": 0.0,
        "time period 14": 0.0,
        "time period 15": 0.0,
        "time period 16": 0.0,
        "time period 17": 0.0,
        "time period 18": 0.0,
        "time period 19": 0.0,
        "time period 20": 1.4882057252051766,
        "time period 21": 0.0,
        "time period 22": 0.0,
        "time period 23": 0.0,
        "time period 24": 0.0
      }
    ],
    "Charging power (MW)": [
      {
        "time period 1": 100.0,
        "time period 2": 0.0,
        "time period 3": 0.0,
        "time period 4": 0.0,
        "time period 5": 100.0,
        "time period 6": 0.0,
        "time period 7": 0.0,
        "time period 8": 100.0,
        "time period 9": 0.0,
        "time period 10": 0.0,
        "time period 11": 0.0,
        "time period 12": 0.0,
        "time period 13": 0.0,
        "time period 14": 0.0,
        "time period 15": 0.0,
        "time period 16": 0.0,
        "time period 17": 0.0,
        "time period 18": 0.0,
        "time period 19": 0.0,
        "time period 20": 0.0,
        "time period 21": 0.0,
        "time period 22": 0.0,
        "time period 23": 0.0,
        "time period 24": 0.0
      }
    ],
    "Stored energy (MWh)": [
      {
        "time period 1": 0.0,
        "time period 2": 95.0,
        "time period 3": 4.6618800777809355,
        "time period 4": 0.0,
        "time period 5": 0.0,
        "time period 6": 95.0,
        "time period 7": 35.02749697641301,
        "time period 8": 0.0,
        "time period 9": 95.0,
        "time period 10": 35.090892937087645,
        "time period 11": 35.090892937087645,
        "time period 12": 1.5665323423212385,
        "time period 13": 1.5665323423212385,
        "time period 14": 1.5665323423212385,
        "time period 15": 1.5665323423212385,
        "time period 16": 1.5665323423212385,
        "time period 17": 1.5665323423212385,
        "time period 18": 1.5665323423212385,
        "time period 19": 1.5665323423212385,
        "time period 20": 1.5665323423212385,
        "time period 21": 0.0,
        "time period 22": 0.0,
        "time period 23": 0.0,
        "time period 24": 0.0
      }
    ],
    "Final energy (MWh)": 0.0,
    "Average hourly costs ($)": [
      {
        "time period 1": 504.2097610404969,
        "time period 2": 0.0,
        "time period 3": 0.0,
        "time period 4": 0.0,
        "time period 5": 688.7825354772601,
        "time period 6": 0.0,
        "time period 7": 0.0,
        "time period 8": 888.3935748650044,
        "time period 9": 0.0,
        "time period 10": 0.0,
        "time period 11": 0.0,
        "time period 12": 0.0,
        "time period 13": 0.0,
        "time period 14": 0.0,
        "time period 15": 0.0,
        "time period 16": 0.0,
        "time period 17": 0.0,
        "time period 18": 0.0,
        "time period 19": 0.0,
        "time period 20": 0.0,
        "time period 21": 0.0,
        "time period 22": 0.0,
        "time period 23": 0.0,
        "time period 24": 0.0
      }
    ],
    "Average hourly revenues ($)": [
      {
        "time period 1": 0.0,
        "time period 2": 1283.4302841772123,
        "time period 3": 45.32724605206124,
        "time period 4": 0.0,
        "time period 5": 0.0,
        "time period 6": 720.4679078796365,
        "time period 7": 336.07419786440425,
        "time period 8": 0.0,
        "time period 9": 699.2136877629006,
        "time period 10": 0.0,
        "time period 11": 329.2455354853993,
        "time period 12": 0.0,
        "time period 13": 0.0,
        "time period 14": 0.0,
        "time period 15": 0.0,
        "time period 16": 0.0,
        "time period 17": 0.0,
        "time period 18": 0.0,
        "time period 19": 0.0,
        "time period 20": 15.008705650191677,
        "time period 21": 0.0,
        "time period 22": 0.0,
        "time period 23": 0.0,
        "time period 24": 0.0
      }
    ],
    "Average total cost ($)": 2081.3858713827613,
    "Average total revenue ($)": 3428.7675648718055,
    "Average total profit ($)": 1347.3816934890442
  }
}
