{
  "Storage unit 1": {
    "Net discharging power (MW)": [
      {
        "time period 1": -74.16502106191885,
        "time period 2": 66.93393150838176,
        "time period 3": -20.714614567137502,
        "time period 4": -37.71670947142092,
        "time period 5": -46.83183385617843,
        "time period 6": 94.95646312067939,
        "time period 7": -31.53334224596974,
        "time period 8": -34.58858027873461,
        "time period 9": 59.7185719578663,
        "time period 10": 0.0,
        "time period 11": 0.0,
        "time period 12": 0.0,
        "time period 13": 0.0,
        "time period 14": 0.0,
        "time period 15": 0.0,
        "time period 16": 0.0,
        "time period 17": 0.0,
        "time period 18": 0.0,
        "time period 19": 0.0,
        "time period 20": 0.0,
        "time period 21": 0.0,
        "time period 22": 0.0,
        "time period 23": 0.0,
        "time period 24": 0.0
      }
    ],
    "Discharging power (MW)": [
      {
        "time period 1": 0.0,
        "time period 2": 66.93393150838176,
        "time period 3": 0.0,
        "time period 4": 0.0,
        "time period 5": 0.0,
        "time period 6": 94.95646312067939,
        "time period 7": 0.0,
        "time period 8": 0.0,
        "time period 9": 59.7185719578663,
        "time period 10": 0.0,
        "time period 11": 0.0,
        "time period 12": 0.0,
        "time period 13": 0.0,
        "time period 14": 0.0,
        "time period 15": 0.0,
        "time period 16": 0.0,
        "time period 17": 0.0,
        "time period 18": 0.0,
        "time period 19": 0.0,
        "time period 20": 0.0,
        "time period 21": 0.0,
        "time period 22": 0.0,
        "time period 23": 0.0,
        "time period 24": 0.0
      }
    ],
    "Charging power (MW)": [
      {
        "time period 1": 74.16502106191885,
        "time period 2": 0.0,
        "time period 3": 20.714614567137502,
        "time period 4": 37.71670947142092,
        "time period 5": 46.83183385617843,
        "time period 6": 0.0,
        "time period 7": 31.53334224596974,
        "time period 8": 34.58858027873461,
        "time period 9": 0.0,
        "time period 10": 0.0,
        "time period 11": 0.0,
        "time period 12": 0.0,
        "time period 13": 0.0,
        "time period 14": 0.0,
        "time period 15": 0.0,
        "time period 16": 0.0,
        "time period 17": 0.0,
        "time period 18": 0.0,
        "time period 19": 0.0,
        "time period 20": 0.0,
        "time period 21": 0.0,
        "time period 22": 0.0,
        "time period 23": 0.0,
        "time period 24": 0.0
      }
    ],
    "Stored energy (MWh)": [
      {
        "time period 1": 0.0,
        "time period 2": 70.4567700088229,
        "time period 3": 0.0,
        "time period 4": 19.678883838780628,
        "time period 5": 55.5097578366305,
        "time period 6": 100.0,
        "time period 7": 0.045828294021703186,
        "time period 8": 30.002503427692957,
        "time period 9": 62.86165469249084,
        "time period 10": 0.0,
        "time period 11": 0.0,
        "time period 12": 0.0,
        "time period 13": 0.0,
        "time period 14": 0.0,
        "time period 15": 0.0,
        "time period 16": 0.0,
        "time period 17": 0.0,
        "time period 18": 0.0,
        "time period 19": 0.0,
        "time period 20": 0.0,
        "time period 21": 0.0,
        "time period 22": 0.0,
        "time period 23": 0.0,
        "time period 24": 0.0
      }
    ],
    "Final energy (MWh)": 0.0,
    "Average hourly costs ($)": [
      {
        "time period 1": 373.94727547193526,
        "time period 2": 0.0,
        "time period 3": 212.00762820615165,
        "time period 4": 373.9767061367289,
        "time period 5": 322.5694926450837,
        "time period 6": 0.0,
        "time period 7": 318.47288757576086,
        "time period 8": 307.2827248333023,
        "time period 9": 0.0,
        "time period 10": 0.0,
        "time period 11": 0.0,
        "time period 12": 0.0,
        "time period 13": 0.0,
        "time period 14": 0.0,
        "time period 15": 0.0,
        "time period 16": 0.0,
        "time period 17": 0.0,
        "time period 18": 0.0,
        "time period 19": 0.0,
        "time period 20": 0.0,
        "time period 21": 0.0,
        "time period 22": 0.0,
        "time period 23": 0.0,
        "time period 24": 0.0
      }
    ],
    "Average hourly revenues ($)": [
      {
        "time period 1": 0.0,
        "time period 2": 1000.9766910412677,
        "time period 3": 0.0,
        "time period 4": 0.0,
        "time period 5": 0.0,
        "time period 6": 1200.7798464660607,
        "time period 7": 0.0,
        "time period 8": 0.0,
        "time period 9": 733.6735857247452,
        "time period 10": 0.0,
        "time period 11": 0.0,
        "time period 12": 0.0,
        "time period 13": 0.0,
        "time period 14": 0.0,
        "time period 15": 0.0,
        "time period 16": 0.0,
        "time period 17": 0.0,
        "time period 18": 0.0,
        "time period 19": 0.0,
        "time period 20": 0.0,
        "time period 21": 0.0,
        "time period 22": 0.0,
        "time period 23": 0.0,
        "time period 24": 0.0
      }
    ],
    "Average total cost ($)": 1908.2567148689627,
    "Average total revenue ($)": 2935.430123232073,
    "Average total profit ($)": 1027.1734083631104
  }
}
