{
  "Storage unit 1": {
    "Net discharging power (MW)": [
      {
        "time period 1": -100.0,
        "time period 2": 28.607071308702704,
        "time period 3": 17.45328481853849,
        "time period 4": 14.061635060467777,
        "time period 5": -70.24775078426765,
        "time period 6": 18.991292624135877,
        "time period 7": 12.184377585439524,
        "time period 8": 0.0,
        "time period 9": 18.97121723658891,
        "time period 10": 0.0,
        "time period 11": 10.616047521676029,
        "time period 12": 5.222176695306713,
        "time period 13": 5.594342323964069,
        "time period 14": 0.0,
        "time period 15": 0.0,
        "time period 16": 6.353936888605543,
        "time period 17": 0.0,
        "time period 18": 0.0,
        "time period 19": 4.7152115482458115,
        "time period 20": 4.012370016529907,
        "time period 21": 0.0,
        "time period 22": 4.05901203626289,
        "time period 23": 2.8066194183373083,
        "time period 24": 0.0
      }
    ],
    "Discharging power (MW)": [
      {
        "time period 1": 0.0,
        "time period 2": 28.607071308702704,
        "time period 3": 17.45328481853849,
        "time period 4": 14.061635060467777,
        "time period 5": 0.0,
        "time period 6": 18.991292624135877,
        "time period 7": 12.184377585439524,
        "time period 8": 0.0,
        "time period 9": 18.97121723658891,
        "time period 10": 0.0,
        "time period 11": 10.616047521676029,
        "time period 12": 5.222176695306713,
        "time period 13": 5.594342323964069,
        "time period 14": 0.0,
        "time period 15": 0.0,
        "time period 16": 6.353936888605543,
        "time period 17": 0.0,
        "time period 18": 0.0,
        "time period 19": 4.7152115482458115,
        "time period 20": 4.012370016529907,
        "time period 21": 0.0,
        "time period 22": 4.05901203626289,
        "time period 23": 2.8066194183373083,
        "time period 24": 0.0
      }
    ],
    "Charging power (MW)": [
      {
        "time period 1": 100.0,
        "time period 2": 0.0,
        "time period 3": 0.0,
        "time period 4": 0.0,
        "time period 5": 70.24775078426765,
        "time period 6": 0.0,
        "time period 7": 0.0,
        "time period 8": 0.0,
        "time period 9": 0.0,
        "time period 10": 0.0,
        "time period 11": 0.0,
        "time period 12": 0.0,
        "time period 13": 0.0,
        "time period 14": 0.0,
        "time period 15": 0.0,
        "time period 16": 0.0,
        "time period 17": 0.0,
        "time period 18": 0.0,
        "time period 19": 0.0,
        "time period 20": 0.0,
        "time period 21": 0.0,
        "time period 22": 0.0,
        "time period 23": 0.0,
        "time period 24": 0.0
      }
    ],
    "Stored energy (MWh)": [
      {
        "time period 1": 0.0,
        "time period 2": 95.0,
        "time period 3": 64.88729335926031,
        "time period 4": 46.51541460290401,
        "time period 5": 31.71369348662214,
        "time period 6": 98.4490567316764,
        "time period 7": 78.45822239048073,
        "time period 8": 65.6325617742286,
        "time period 9": 65.6325617742286,
        "time period 10": 45.66285941992449,
        "time period 11": 45.66285941992449,
        "time period 12": 34.488072555002354,
        "time period 13": 28.9910444546795,
        "time period 14": 23.102263061033113,
        "time period 15": 23.102263061033113,
        "time period 16": 23.102263061033113,
        "time period 17": 16.41390844144833,
        "time period 18": 16.41390844144833,
        "time period 19": 16.41390844144833,
        "time period 20": 11.450527864347478,
        "time period 21": 7.2269804785265235,
        "time period 22": 7.2269804785265235,
        "time period 23": 2.9543362298287454,
        "time period 24": 0.0
      }
    ],
    "Final energy (MWh)": 0.0,
    "Average hourly costs ($)": [
      {
        "time period 1": 504.2097610404969,
        "time period 2": 0.0,
        "time period 3": 0.0,
        "time period 4": 0.0,
        "time period 5": 483.85423896762563,
        "time period 6": 0.0,
        "time period 7": 0.0,
        "time period 8": 0.0,
        "time period 9": 0.0,
        "time period 10": 0.0,
        "time period 11": 0.0,
        "time period 12": 0.0,
        "time period 13": 0.0,
        "time period 14": 0.0,
        "time period 15": 0.0,
        "time period 16": 0.0,
        "time period 17": 0.0,
        "time period 18": 0.0,
        "time period 19": 0.0,
        "time period 20": 0.0,
        "time period 21": 0.0,
        "time period 22": 0.0,
        "time period 23": 0.0,
        "time period 24": 0.0
      }
    ],
    "Average hourly revenues ($)": [
      {
        "time period 1": 0.0,
        "time period 2": 427.8100947257374,
        "time period 3": 178.62893402105448,
        "time period 4": 139.42690220087135,
        "time period 5": 0.0,
        "time period 6": 240.1559692932121,
        "time period 7": 123.05685463596086,
        "time period 8": 0.0,
        "time period 9": 233.07122925430014,
        "time period 10": 0.0,
        "time period 11": 109.74851182846642,
        "time period 12": 51.18161897972146,
        "time period 13": 55.647429155276946,
        "time period 14": 0.0,
        "time period 15": 0.0,
        "time period 16": 61.669509373437485,
        "time period 17": 0.0,
        "time period 18": 0.0,
        "time period 19": 46.74691566799172,
        "time period 20": 40.465158491074604,
        "time period 21": 0.0,
        "time period 22": 39.3424978567815,
        "time period 23": 27.855086810033498,
        "time period 24": 0.0
      }
    ],
    "Average total cost ($)": 988.0640000081225,
    "Average total revenue ($)": 1774.8067122939199,
    "Average total profit ($)": 786.7427122857973
  }
}
