{
  "Storage unit 1": {
    "Discharging power (MW)": {
      "time period 1": 0.0,
      "time period 2": 0.0,
      "time period 3": 300.0,
      "time period 4": 0.0,
      "time period 5": 298.4999999999999,
      "time period 6": 0.0
    },
    "Charging power (MW)": {
      "time period 1": 300.0,
      "time period 2": 300.0,
      "time period 3": 0.0,
      "time period 4": 0.0,
      "time period 5": 0.0,
      "time period 6": 0.0
    },
    "Net discharging power (MW)": {
      "time period 1": -300.0,
      "time period 2": -300.0,
      "time period 3": 300.0,
      "time period 4": 0.0,
      "time period 5": 298.4999999999999,
      "time period 6": 0.0
    },
    "Stored energy (MWh)": {
      "time period 1": 224.55882352941168,
      "time period 2": 352.0588235294117,
      "time period 3": 175.5882352941176,
      "time period 4": 175.5882352941176,
      "time period 5": 0.0,
      "time period 6": 0.0
    },
    "Final energy (MWh)": 0.0,
    "Hourly average cost ($)": {
      "time period 1": 35443.416922843084,
      "time period 2": 35210.95119346619,
      "time period 3": 0.0,
      "time period 4": 0.0,
      "time period 5": 0.0,
      "time period 6": 0.0
    },
    "Hourly average revenue ($)": {
      "time period 1": 0.0,
      "time period 2": 0.0,
      "time period 3": 80941.58093297138,
      "time period 4": 0.0,
      "time period 5": 77712.64937220153,
      "time period 6": 0.0
    },
    "Total average cost ($)": 70654.36811630928,
    "Total average revenue ($)": 158654.2303051729,
    "Total average profit ($)": 87999.86218886363
  }
}
