{
  "Storage unit 1": {
    "Discharging power (MW)": {
      "time period 1": 0.0,
      "time period 2": 300.0,
      "time period 3": 0.0,
      "time period 4": 0.0,
      "time period 5": 0.0,
      "time period 6": 0.0,
      "time period 7": 216.75,
      "time period 8": 0.0,
      "time period 9": 0.0,
      "time period 10": 300.0,
      "time period 11": 298.49999999999994,
      "time period 12": 0.0,
      "time period 13": 0.0,
      "time period 14": 0.0,
      "time period 15": 300.0,
      "time period 16": 300.0,
      "time period 17": 0.0,
      "time period 18": 0.0,
      "time period 19": 0.0,
      "time period 20": 0.0,
      "time period 21": 0.0,
      "time period 22": 0.0,
      "time period 23": 0.0,
      "time period 24": 300.0,
      "time period 25": 300.0,
      "time period 26": 164.99999999999994,
      "time period 27": 0.0,
      "time period 28": 0.0,
      "time period 29": 0.0,
      "time period 30": 0.0,
      "time period 31": 300.0,
      "time period 32": 0.0,
      "time period 33": 0.0,
      "time period 34": 300.0,
      "time period 35": 0.0,
      "time period 36": 266.99999999999994,
      "time period 37": 0.0
    },
    "Charging power (MW)": {
      "time period 1": 115.22491349480968,
      "time period 2": 0.0,
      "time period 3": 0.0,
      "time period 4": 0.0,
      "time period 5": 300.0,
      "time period 6": 300.0,
      "time period 7": 0.0,
      "time period 8": 0.0,
      "time period 9": 300.0,
      "time period 10": 0.0,
      "time period 11": 0.0,
      "time period 12": 300.0,
      "time period 13": 300.0,
      "time period 14": 0.0,
      "time period 15": 0.0,
      "time period 16": 0.0,
      "time period 17": 0.0,
      "time period 18": 300.0,
      "time period 19": 300.0,
      "time period 20": 300.0,
      "time period 21": 158.8235294117647,
      "time period 22": 0.0,
      "time period 23": 0.0,
      "time period 24": 0.0,
      "time period 25": 0.0,
      "time period 26": 0.0,
      "time period 27": 300.0,
      "time period 28": 300.0,
      "time period 29": 0.0,
      "time period 30": 0.0,
      "time period 31": 0.0,
      "time period 32": 300.0,
      "time period 33": 300.0,
      "time period 34": 0.0,
      "time period 35": 0.0,
      "time period 36": 0.0,
      "time period 37": 0.0
    },
    "Net discharging power (MW)": {
      "time period 1": -115.22491349480968,
      "time period 2": 300.0,
      "time period 3": 0.0,
      "time period 4": 0.0,
      "time period 5": -300.0,
      "time period 6": -300.0,
      "time period 7": 216.75,
      "time period 8": 0.0,
      "time period 9": -300.0,
      "time period 10": 300.0,
      "time period 11": 298.49999999999994,
      "time period 12": -300.0,
      "time period 13": -300.0,
      "time period 14": 0.0,
      "time period 15": 300.0,
      "time period 16": 300.0,
      "time period 17": 0.0,
      "time period 18": -300.0,
      "time period 19": -300.0,
      "time period 20": -300.0,
      "time period 21": -158.8235294117647,
      "time period 22": 0.0,
      "time period 23": 0.0,
      "time period 24": 300.0,
      "time period 25": 300.0,
      "time period 26": 164.99999999999994,
      "time period 27": -300.0,
      "time period 28": -300.0,
      "time period 29": 0.0,
      "time period 30": 0.0,
      "time period 31": 300.0,
      "time period 32": -300.0,
      "time period 33": -300.0,
      "time period 34": 300.0,
      "time period 35": 0.0,
      "time period 36": 266.99999999999994,
      "time period 37": 0.0
    },
    "Stored energy (MWh)": {
      "time period 1": 371.47058823529414,
      "time period 2": 195.0,
      "time period 3": 195.0,
      "time period 4": 195.0,
      "time period 5": 322.5,
      "time period 6": 450.0,
      "time period 7": 322.5,
      "time period 8": 322.5,
      "time period 9": 450.0,
      "time period 10": 273.52941176470586,
      "time period 11": 97.94117647058823,
      "time period 12": 225.44117647058823,
      "time period 13": 352.94117647058823,
      "time period 14": 352.94117647058823,
      "time period 15": 176.47058823529412,
      "time period 16": 0.0,
      "time period 17": 0.0,
      "time period 18": 127.5,
      "time period 19": 255.0,
      "time period 20": 382.5,
      "time period 21": 450.0,
      "time period 22": 450.0,
      "time period 23": 450.0,
      "time period 24": 273.52941176470586,
      "time period 25": 97.05882352941174,
      "time period 26": 0.0,
      "time period 27": 127.5,
      "time period 28": 255.0,
      "time period 29": 255.0,
      "time period 30": 255.0,
      "time period 31": 78.52941176470588,
      "time period 32": 206.02941176470588,
      "time period 33": 333.52941176470586,
      "time period 34": 157.05882352941174,
      "time period 35": 157.05882352941174,
      "time period 36": 0.0,
      "time period 37": 0.0
    },
    "Final energy (MWh)": 0.0,
    "Hourly average cost ($)": {
      "time period 1": 16824.56398575199,
      "time period 2": 0.0,
      "time period 3": 0.0,
      "time period 4": 0.0,
      "time period 5": 24542.719116210934,
      "time period 6": 42741.748123168945,
      "time period 7": 0.0,
      "time period 8": 0.0,
      "time period 9": 35134.35905456543,
      "time period 10": 0.0,
      "time period 11": 0.0,
      "time period 12": 28993.495422363285,
      "time period 13": 45164.54857635498,
      "time period 14": 0.0,
      "time period 15": 0.0,
      "time period 16": 0.0,
      "time period 17": 0.0,
      "time period 18": 32631.32360458374,
      "time period 19": 35988.027488708496,
      "time period 20": 39978.62049865723,
      "time period 21": 22432.113297406366,
      "time period 22": 0.0,
      "time period 23": 0.0,
      "time period 24": 0.0,
      "time period 25": 0.0,
      "time period 26": 0.0,
      "time period 27": 43390.03984451294,
      "time period 28": 48471.729972839355,
      "time period 29": 0.0,
      "time period 30": 0.0,
      "time period 31": 0.0,
      "time period 32": 34941.3942489624,
      "time period 33": 35323.76811218262,
      "time period 34": 0.0,
      "time period 35": 0.0,
      "time period 36": 0.0,
      "time period 37": 0.0
    },
    "Hourly average revenue ($)": {
      "time period 1": 0.0,
      "time period 2": 67221.0001373291,
      "time period 3": 0.0,
      "time period 4": 0.0,
      "time period 5": 0.0,
      "time period 6": 0.0,
      "time period 7": 46759.214467048645,
      "time period 8": 0.0,
      "time period 9": 0.0,
      "time period 10": 77378.06707763672,
      "time period 11": 74707.08294525146,
      "time period 12": 0.0,
      "time period 13": 0.0,
      "time period 14": 0.0,
      "time period 15": 80399.28395462036,
      "time period 16": 81171.61983489989,
      "time period 17": 0.0,
      "time period 18": 0.0,
      "time period 19": 0.0,
      "time period 20": 0.0,
      "time period 21": 0.0,
      "time period 22": 0.0,
      "time period 23": 0.0,
      "time period 24": 86299.01791763304,
      "time period 25": 95152.99754333498,
      "time period 26": 44864.766302490214,
      "time period 27": 0.0,
      "time period 28": 0.0,
      "time period 29": 0.0,
      "time period 30": 0.0,
      "time period 31": 84891.40429687501,
      "time period 32": 0.0,
      "time period 33": 0.0,
      "time period 34": 80278.65296173096,
      "time period 35": 0.0,
      "time period 36": 69099.70771911621,
      "time period 37": 0.0
    },
    "Total average cost ($)": 486558.4513462687,
    "Total average revenue ($)": 888222.8151579667,
    "Total average profit ($)": 401664.363811698
  }
}
