{
  "Storage unit 1": {
    "Discharging power (MW)": {
      "time period 1": 0.0,
      "time period 2": 300.0,
      "time period 3": 298.4999999999999,
      "time period 4": 0.0,
      "time period 5": 0.0,
      "time period 6": 0.0,
      "time period 7": 0.0,
      "time period 8": 0.0,
      "time period 9": 0.0,
      "time period 10": 0.0,
      "time period 11": 165.0,
      "time period 12": 300.0,
      "time period 13": 300.0,
      "time period 14": 0.0,
      "time period 15": 0.0,
      "time period 16": 0.0,
      "time period 17": 0.0,
      "time period 18": 300.0,
      "time period 19": 0.0,
      "time period 20": 0.0,
      "time period 21": 300.0,
      "time period 22": 0.0,
      "time period 23": 300.0,
      "time period 24": 0.0
    },
    "Charging power (MW)": {
      "time period 1": 0.0,
      "time period 2": 0.0,
      "time period 3": 0.0,
      "time period 4": 0.0,
      "time period 5": 300.0,
      "time period 6": 300.0,
      "time period 7": 300.0,
      "time period 8": 158.8235294117647,
      "time period 9": 0.0,
      "time period 10": 0.0,
      "time period 11": 0.0,
      "time period 12": 0.0,
      "time period 13": 0.0,
      "time period 14": 300.0,
      "time period 15": 300.0,
      "time period 16": 45.67474048442899,
      "time period 17": 0.0,
      "time period 18": 0.0,
      "time period 19": 300.0,
      "time period 20": 300.0,
      "time period 21": 0.0,
      "time period 22": 0.0,
      "time period 23": 0.0,
      "time period 24": 0.0
    },
    "Net discharging power (MW)": {
      "time period 1": 0.0,
      "time period 2": 300.0,
      "time period 3": 298.4999999999999,
      "time period 4": 0.0,
      "time period 5": -300.0,
      "time period 6": -300.0,
      "time period 7": -300.0,
      "time period 8": -158.8235294117647,
      "time period 9": 0.0,
      "time period 10": 0.0,
      "time period 11": 165.0,
      "time period 12": 300.0,
      "time period 13": 300.0,
      "time period 14": -300.0,
      "time period 15": -300.0,
      "time period 16": -45.67474048442899,
      "time period 17": 0.0,
      "time period 18": 300.0,
      "time period 19": -300.0,
      "time period 20": -300.0,
      "time period 21": 300.0,
      "time period 22": 0.0,
      "time period 23": 300.0,
      "time period 24": 0.0
    },
    "Stored energy (MWh)": {
      "time period 1": 352.0588235294117,
      "time period 2": 175.5882352941176,
      "time period 3": 0.0,
      "time period 4": 0.0,
      "time period 5": 127.5,
      "time period 6": 255.0,
      "time period 7": 382.5,
      "time period 8": 450.0,
      "time period 9": 450.0,
      "time period 10": 450.0,
      "time period 11": 352.94117647058823,
      "time period 12": 176.47058823529412,
      "time period 13": 0.0,
      "time period 14": 127.5,
      "time period 15": 255.0,
      "time period 16": 274.4117647058823,
      "time period 17": 274.4117647058823,
      "time period 18": 97.94117647058823,
      "time period 19": 225.44117647058823,
      "time period 20": 352.94117647058823,
      "time period 21": 176.47058823529412,
      "time period 22": 176.47058823529412,
      "time period 23": 0.0,
      "time period 24": 0.0
    },
    "Final energy (MWh)": 0.0,
    "Hourly average cost ($)": {
      "time period 1": 0.0,
      "time period 2": 0.0,
      "time period 3": 0.0,
      "time period 4": 0.0,
      "time period 5": 24032.719116210938,
      "time period 6": 28098.74812316894,
      "time period 7": 32636.635940551754,
      "time period 8": 18704.490334005914,
      "time period 9": 0.0,
      "time period 10": 0.0,
      "time period 11": 0.0,
      "time period 12": 0.0,
      "time period 13": 0.0,
      "time period 14": 45348.293895721436,
      "time period 15": 49880.28395462036,
      "time period 16": 8702.045926420731,
      "time period 17": 0.0,
      "time period 18": 0.0,
      "time period 19": 38292.027488708496,
      "time period 20": 38457.62049865723,
      "time period 21": 0.0,
      "time period 22": 0.0,
      "time period 23": 0.0,
      "time period 24": 0.0
    },
    "Hourly average revenue ($)": {
      "time period 1": 0.0,
      "time period 2": 69753.0001373291,
      "time period 3": 65553.897410202,
      "time period 4": 0.0,
      "time period 5": 0.0,
      "time period 6": 0.0,
      "time period 7": 0.0,
      "time period 8": 0.0,
      "time period 9": 0.0,
      "time period 10": 0.0,
      "time period 11": 44494.722482299796,
      "time period 12": 89764.4954223633,
      "time period 13": 81929.54857635498,
      "time period 14": 0.0,
      "time period 15": 0.0,
      "time period 16": 0.0,
      "time period 17": 0.0,
      "time period 18": 88128.32360458375,
      "time period 19": 0.0,
      "time period 20": 0.0,
      "time period 21": 83564.76956176758,
      "time period 22": 0.0,
      "time period 23": 81280.11269760133,
      "time period 24": 0.0
    },
    "Total average cost ($)": 284152.8652780658,
    "Total average revenue ($)": 604468.8698925019,
    "Total average profit ($)": 320316.00461443607
  }
}
