{
  "Storage unit 1": {
    "Discharging power (MW)": {
      "time period 1": 298.49999999999994,
      "time period 2": 0.0,
      "time period 3": 0.0,
      "time period 4": 0.0,
      "time period 5": 0.0,
      "time period 6": 0.0,
      "time period 7": 0.0,
      "time period 8": 0.0,
      "time period 9": 300.0,
      "time period 10": 300.0,
      "time period 11": 132.0,
      "time period 12": 0.0,
      "time period 13": 0.0,
      "time period 14": 0.0,
      "time period 15": 0.0,
      "time period 16": 300.0,
      "time period 17": 0.0,
      "time period 18": 0.0,
      "time period 19": 300.0,
      "time period 20": 0.0,
      "time period 21": 300.0,
      "time period 22": 0.0
    },
    "Charging power (MW)": {
      "time period 1": 0.0,
      "time period 2": 0.0,
      "time period 3": 300.0,
      "time period 4": 300.0,
      "time period 5": 300.0,
      "time period 6": 158.8235294117647,
      "time period 7": 0.0,
      "time period 8": 0.0,
      "time period 9": 0.0,
      "time period 10": 0.0,
      "time period 11": 0.0,
      "time period 12": 300.0,
      "time period 13": 300.0,
      "time period 14": 0.0,
      "time period 15": 0.0,
      "time period 16": 0.0,
      "time period 17": 300.0,
      "time period 18": 300.0,
      "time period 19": 0.0,
      "time period 20": 0.0,
      "time period 21": 0.0,
      "time period 22": 0.0
    },
    "Net discharging power (MW)": {
      "time period 1": 298.49999999999994,
      "time period 2": 0.0,
      "time period 3": -300.0,
      "time period 4": -300.0,
      "time period 5": -300.0,
      "time period 6": -158.8235294117647,
      "time period 7": 0.0,
      "time period 8": 0.0,
      "time period 9": 300.0,
      "time period 10": 300.0,
      "time period 11": 132.0,
      "time period 12": -300.0,
      "time period 13": -300.0,
      "time period 14": 0.0,
      "time period 15": 0.0,
      "time period 16": 300.0,
      "time period 17": -300.0,
      "time period 18": -300.0,
      "time period 19": 300.0,
      "time period 20": 0.0,
      "time period 21": 300.0,
      "time period 22": 0.0
    },
    "Stored energy (MWh)": {
      "time period 1": 0.0,
      "time period 2": 0.0,
      "time period 3": 127.5,
      "time period 4": 255.0,
      "time period 5": 382.5,
      "time period 6": 450.0,
      "time period 7": 450.0,
      "time period 8": 450.0,
      "time period 9": 273.52941176470586,
      "time period 10": 97.05882352941174,
      "time period 11": 19.41176470588232,
      "time period 12": 146.91176470588232,
      "time period 13": 274.4117647058823,
      "time period 14": 274.4117647058823,
      "time period 15": 274.4117647058823,
      "time period 16": 97.94117647058823,
      "time period 17": 225.44117647058823,
      "time period 18": 352.94117647058823,
      "time period 19": 176.47058823529412,
      "time period 20": 176.47058823529412,
      "time period 21": 0.0,
      "time period 22": 0.0
    },
    "Final energy (MWh)": 0.0,
    "Hourly average cost ($)": {
      "time period 1": 0.0,
      "time period 2": 0.0,
      "time period 3": 18573.31398010254,
      "time period 4": 26196.46655273437,
      "time period 5": 31595.719116210934,
      "time period 6": 18371.51371226591,
      "time period 7": 0.0,
      "time period 8": 0.0,
      "time period 9": 0.0,
      "time period 10": 0.0,
      "time period 11": 0.0,
      "time period 12": 38407.49542236328,
      "time period 13": 49154.54857635498,
      "time period 14": 0.0,
      "time period 15": 0.0,
      "time period 16": 0.0,
      "time period 17": 38680.95580673218,
      "time period 18": 38673.32360458374,
      "time period 19": 0.0,
      "time period 20": 0.0,
      "time period 21": 0.0,
      "time period 22": 0.0
    },
    "Hourly average revenue ($)": {
      "time period 1": 74453.35794525144,
      "time period 2": 0.0,
      "time period 3": 0.0,
      "time period 4": 0.0,
      "time period 5": 0.0,
      "time period 6": 0.0,
      "time period 7": 0.0,
      "time period 8": 0.0,
      "time period 9": 81016.35905456542,
      "time period 10": 94991.06707763673,
      "time period 11": 33380.81798583984,
      "time period 12": 0.0,
      "time period 13": 0.0,
      "time period 14": 0.0,
      "time period 15": 0.0,
      "time period 16": 89358.61983489992,
      "time period 17": 0.0,
      "time period 18": 0.0,
      "time period 19": 83784.0274887085,
      "time period 20": 0.0,
      "time period 21": 80783.76956176759,
      "time period 22": 0.0
    },
    "Total average cost ($)": 259653.33677134794,
    "Total average revenue ($)": 537768.0189486694,
    "Total average profit ($)": 278114.6821773215
  }
}
