{
  "Storage unit 1": {
    "Discharging power (MW)": {
      "time period 1": 0.0,
      "time period 2": 0.0,
      "time period 3": 0.0,
      "time period 4": 0.0,
      "time period 5": 0.0,
      "time period 6": 0.0,
      "time period 7": 0.0,
      "time period 8": 165.0,
      "time period 9": 300.0,
      "time period 10": 300.0,
      "time period 11": 0.0,
      "time period 12": 0.0,
      "time period 13": 0.0,
      "time period 14": 0.0,
      "time period 15": 300.0,
      "time period 16": 0.0,
      "time period 17": 0.0,
      "time period 18": 300.0,
      "time period 19": 0.0,
      "time period 20": 300.0,
      "time period 21": 0.0
    },
    "Charging power (MW)": {
      "time period 1": 0.0,
      "time period 2": 300.0,
      "time period 3": 300.0,
      "time period 4": 300.0,
      "time period 5": 158.8235294117647,
      "time period 6": 0.0,
      "time period 7": 0.0,
      "time period 8": 0.0,
      "time period 9": 0.0,
      "time period 10": 0.0,
      "time period 11": 300.0,
      "time period 12": 300.0,
      "time period 13": 45.67474048442899,
      "time period 14": 0.0,
      "time period 15": 0.0,
      "time period 16": 300.0,
      "time period 17": 300.0,
      "time period 18": 0.0,
      "time period 19": 0.0,
      "time period 20": 0.0,
      "time period 21": 0.0
    },
    "Net discharging power (MW)": {
      "time period 1": 0.0,
      "time period 2": -300.0,
      "time period 3": -300.0,
      "time period 4": -300.0,
      "time period 5": -158.8235294117647,
      "time period 6": 0.0,
      "time period 7": 0.0,
      "time period 8": 165.0,
      "time period 9": 300.0,
      "time period 10": 300.0,
      "time period 11": -300.0,
      "time period 12": -300.0,
      "time period 13": -45.67474048442899,
      "time period 14": 0.0,
      "time period 15": 300.0,
      "time period 16": -300.0,
      "time period 17": -300.0,
      "time period 18": 300.0,
      "time period 19": 0.0,
      "time period 20": 300.0,
      "time period 21": 0.0
    },
    "Stored energy (MWh)": {
      "time period 1": 0.0,
      "time period 2": 127.5,
      "time period 3": 255.0,
      "time period 4": 382.5,
      "time period 5": 450.0,
      "time period 6": 450.0,
      "time period 7": 450.0,
      "time period 8": 352.94117647058823,
      "time period 9": 176.47058823529412,
      "time period 10": 0.0,
      "time period 11": 127.5,
      "time period 12": 255.0,
      "time period 13": 274.4117647058823,
      "time period 14": 274.4117647058823,
      "time period 15": 97.94117647058823,
      "time period 16": 225.44117647058823,
      "time period 17": 352.94117647058823,
      "time period 18": 176.47058823529412,
      "time period 19": 176.47058823529412,
      "time period 20": 0.0,
      "time period 21": 0.0
    },
    "Final energy (MWh)": 0.0,
    "Hourly average cost ($)": {
      "time period 1": 0.0,
      "time period 2": 23661.0001373291,
      "time period 3": 21930.313980102535,
      "time period 4": 30402.46655273437,
      "time period 5": 17996.145414464612,
      "time period 6": 0.0,
      "time period 7": 0.0,
      "time period 8": 0.0,
      "time period 9": 0.0,
      "time period 10": 0.0,
      "time period 11": 38407.49542236328,
      "time period 12": 43090.49542236328,
      "time period 13": 8659.405319583442,
      "time period 14": 0.0,
      "time period 15": 0.0,
      "time period 16": 39522.6198348999,
      "time period 17": 39061.95580673218,
      "time period 18": 0.0,
      "time period 19": 0.0,
      "time period 20": 0.0,
      "time period 21": 0.0
    },
    "Hourly average revenue ($)": {
      "time period 1": 0.0,
      "time period 2": 0.0,
      "time period 3": 0.0,
      "time period 4": 0.0,
      "time period 5": 0.0,
      "time period 6": 0.0,
      "time period 7": 0.0,
      "time period 8": 43313.98718032836,
      "time period 9": 89881.35905456544,
      "time period 10": 81092.06707763672,
      "time period 11": 0.0,
      "time period 12": 0.0,
      "time period 13": 0.0,
      "time period 14": 0.0,
      "time period 15": 89804.28395462038,
      "time period 16": 0.0,
      "time period 17": 0.0,
      "time period 18": 83784.32360458374,
      "time period 19": 0.0,
      "time period 20": 80787.62049865724,
      "time period 21": 0.0
    },
    "Total average cost ($)": 262731.8978905727,
    "Total average revenue ($)": 468663.6413703919,
    "Total average profit ($)": 205931.74347981915
  }
}
