{
  "Storage unit 1": {
    "Discharging power (MW)": {
      "time period 1": 300.0,
      "time period 2": 300.0,
      "time period 3": 0.0,
      "time period 4": 0.0,
      "time period 5": 0.0,
      "time period 6": 0.0,
      "time period 7": 0.0,
      "time period 8": 300.0,
      "time period 9": 0.0,
      "time period 10": 0.0,
      "time period 11": 300.0,
      "time period 12": 164.99999999999994,
      "time period 13": 300.0,
      "time period 14": 0.0
    },
    "Charging power (MW)": {
      "time period 1": 0.0,
      "time period 2": 0.0,
      "time period 3": 0.0,
      "time period 4": 300.0,
      "time period 5": 300.0,
      "time period 6": 274.04844290657445,
      "time period 7": 0.0,
      "time period 8": 0.0,
      "time period 9": 300.0,
      "time period 10": 300.0,
      "time period 11": 0.0,
      "time period 12": 0.0,
      "time period 13": 0.0,
      "time period 14": 0.0
    },
    "Net discharging power (MW)": {
      "time period 1": 300.0,
      "time period 2": 300.0,
      "time period 3": 0.0,
      "time period 4": -300.0,
      "time period 5": -300.0,
      "time period 6": -274.04844290657445,
      "time period 7": 0.0,
      "time period 8": 300.0,
      "time period 9": -300.0,
      "time period 10": -300.0,
      "time period 11": 300.0,
      "time period 12": 164.99999999999994,
      "time period 13": 300.0,
      "time period 14": 0.0
    },
    "Stored energy (MWh)": {
      "time period 1": 176.47058823529412,
      "time period 2": 0.0,
      "time period 3": 0.0,
      "time period 4": 127.5,
      "time period 5": 255.0,
      "time period 6": 371.47058823529414,
      "time period 7": 371.47058823529414,
      "time period 8": 195.0,
      "time period 9": 322.5,
      "time period 10": 450.0,
      "time period 11": 273.52941176470586,
      "time period 12": 176.47058823529412,
      "time period 13": 0.0,
      "time period 14": 0.0
    },
    "Final energy (MWh)": 0.0,
    "Hourly average cost ($)": {
      "time period 1": 0.0,
      "time period 2": 0.0,
      "time period 3": 0.0,
      "time period 4": 33729.466552734375,
      "time period 5": 39605.71911621094,
      "time period 6": 43881.32008483254,
      "time period 7": 0.0,
      "time period 8": 0.0,
      "time period 9": 33295.35905456543,
      "time period 10": 38786.06707763672,
      "time period 11": 0.0,
      "time period 12": 0.0,
      "time period 13": 0.0,
      "time period 14": 0.0
    },
    "Hourly average revenue ($)": {
      "time period 1": 80899.49542236327,
      "time period 2": 85908.00013732912,
      "time period 3": 0.0,
      "time period 4": 0.0,
      "time period 5": 0.0,
      "time period 6": 0.0,
      "time period 7": 0.0,
      "time period 8": 80867.70396423341,
      "time period 9": 0.0,
      "time period 10": 0.0,
      "time period 11": 78670.49542236328,
      "time period 12": 38439.22248229979,
      "time period 13": 81953.548576355,
      "time period 14": 0.0
    },
    "Total average cost ($)": 189297.93188598,
    "Total average revenue ($)": 446738.4660049438,
    "Total average profit ($)": 257440.5341189638
  }
}
