{
  "Storage unit 1": {
    "Discharging power (MW)": {
      "time period 1": 0.0,
      "time period 2": 0.0,
      "time period 3": 0.0,
      "time period 4": 0.0,
      "time period 5": 0.0,
      "time period 6": 0.0,
      "time period 7": 0.0,
      "time period 8": 0.0,
      "time period 9": 0.0,
      "time period 10": 300.0,
      "time period 11": 0.0,
      "time period 12": 0.0,
      "time period 13": 0.0,
      "time period 14": 0.0,
      "time period 15": 216.75,
      "time period 16": 0.0,
      "time period 17": 0.0,
      "time period 18": 298.50000000000006,
      "time period 19": 300.0,
      "time period 20": 0.0,
      "time period 21": 0.0,
      "time period 22": 0.0,
      "time period 23": 300.0,
      "time period 24": 300.0,
      "time period 25": 0.0,
      "time period 26": 0.0,
      "time period 27": 0.0,
      "time period 28": 0.0,
      "time period 29": 0.0,
      "time period 30": 0.0,
      "time period 31": 0.0,
      "time period 32": 300.0,
      "time period 33": 300.0,
      "time period 34": 164.99999999999994,
      "time period 35": 0.0,
      "time period 36": 0.0,
      "time period 37": 0.0,
      "time period 38": 0.0,
      "time period 39": 300.0,
      "time period 40": 0.0,
      "time period 41": 0.0,
      "time period 42": 300.0,
      "time period 43": 164.99999999999994,
      "time period 44": 300.0,
      "time period 45": 0.0
    },
    "Charging power (MW)": {
      "time period 1": 158.82352941176472,
      "time period 2": 300.0,
      "time period 3": 300.0,
      "time period 4": 300.0,
      "time period 5": 0.0,
      "time period 6": 0.0,
      "time period 7": 0.0,
      "time period 8": 0.0,
      "time period 9": 0.0,
      "time period 10": 0.0,
      "time period 11": 0.0,
      "time period 12": 0.0,
      "time period 13": 300.0,
      "time period 14": 115.22491349480975,
      "time period 15": 0.0,
      "time period 16": 0.0,
      "time period 17": 300.0,
      "time period 18": 0.0,
      "time period 19": 0.0,
      "time period 20": 300.0,
      "time period 21": 300.0,
      "time period 22": 0.0,
      "time period 23": 0.0,
      "time period 24": 0.0,
      "time period 25": 0.0,
      "time period 26": 300.0,
      "time period 27": 300.0,
      "time period 28": 300.0,
      "time period 29": 158.8235294117647,
      "time period 30": 0.0,
      "time period 31": 0.0,
      "time period 32": 0.0,
      "time period 33": 0.0,
      "time period 34": 0.0,
      "time period 35": 300.0,
      "time period 36": 300.0,
      "time period 37": 274.04844290657445,
      "time period 38": 0.0,
      "time period 39": 0.0,
      "time period 40": 300.0,
      "time period 41": 300.0,
      "time period 42": 0.0,
      "time period 43": 0.0,
      "time period 44": 0.0,
      "time period 45": 0.0
    },
    "Net discharging power (MW)": {
      "time period 1": -158.82352941176472,
      "time period 2": -300.0,
      "time period 3": -300.0,
      "time period 4": -300.0,
      "time period 5": 0.0,
      "time period 6": 0.0,
      "time period 7": 0.0,
      "time period 8": 0.0,
      "time period 9": 0.0,
      "time period 10": 300.0,
      "time period 11": 0.0,
      "time period 12": 0.0,
      "time period 13": -300.0,
      "time period 14": -115.22491349480975,
      "time period 15": 216.75,
      "time period 16": 0.0,
      "time period 17": -300.0,
      "time period 18": 298.50000000000006,
      "time period 19": 300.0,
      "time period 20": -300.0,
      "time period 21": -300.0,
      "time period 22": 0.0,
      "time period 23": 300.0,
      "time period 24": 300.0,
      "time period 25": 0.0,
      "time period 26": -300.0,
      "time period 27": -300.0,
      "time period 28": -300.0,
      "time period 29": -158.8235294117647,
      "time period 30": 0.0,
      "time period 31": 0.0,
      "time period 32": 300.0,
      "time period 33": 300.0,
      "time period 34": 164.99999999999994,
      "time period 35": -300.0,
      "time period 36": -300.0,
      "time period 37": -274.04844290657445,
      "time period 38": 0.0,
      "time period 39": 300.0,
      "time period 40": -300.0,
      "time period 41": -300.0,
      "time period 42": 300.0,
      "time period 43": 164.99999999999994,
      "time period 44": 300.0,
      "time period 45": 0.0
    },
    "Stored energy (MWh)": {
      "time period 1": 67.5,
      "time period 2": 195.0,
      "time period 3": 322.5,
      "time period 4": 450.0,
      "time period 5": 450.0,
      "time period 6": 450.0,
      "time period 7": 450.0,
      "time period 8": 450.0,
      "time period 9": 450.0,
      "time period 10": 273.52941176470586,
      "time period 11": 273.52941176470586,
      "time period 12": 273.52941176470586,
      "time period 13": 401.02941176470586,
      "time period 14": 450.0,
      "time period 15": 322.5,
      "time period 16": 322.5,
      "time period 17": 450.0,
      "time period 18": 274.4117647058823,
      "time period 19": 97.94117647058823,
      "time period 20": 225.44117647058823,
      "time period 21": 352.94117647058823,
      "time period 22": 352.94117647058823,
      "time period 23": 176.47058823529412,
      "time period 24": 0.0,
      "time period 25": 0.0,
      "time period 26": 127.5,
      "time period 27": 255.0,
      "time period 28": 382.5,
      "time period 29": 450.0,
      "time period 30": 450.0,
      "time period 31": 450.0,
      "time period 32": 273.52941176470586,
      "time period 33": 97.05882352941174,
      "time period 34": 0.0,
      "time period 35": 127.5,
      "time period 36": 255.0,
      "time period 37": 371.47058823529414,
      "time period 38": 371.47058823529414,
      "time period 39": 195.0,
      "time period 40": 322.5,
      "time period 41": 450.0,
      "time period 42": 273.52941176470586,
      "time period 43": 176.47058823529412,
      "time period 44": 0.0,
      "time period 45": 0.0
    },
    "Final energy (MWh)": 0.0,
    "Hourly average cost ($)": {
      "time period 1": 15751.321105957031,
      "time period 2": 24135.000137329105,
      "time period 3": 16767.313980102535,
      "time period 4": 23358.46655273437,
      "time period 5": 0.0,
      "time period 6": 0.0,
      "time period 7": 0.0,
      "time period 8": 0.0,
      "time period 9": 0.0,
      "time period 10": 0.0,
      "time period 11": 0.0,
      "time period 12": 0.0,
      "time period 13": 34091.54857635497,
      "time period 14": 20148.34125406603,
      "time period 15": 0.0,
      "time period 16": 0.0,
      "time period 17": 40519.95580673218,
      "time period 18": 0.0,
      "time period 19": 0.0,
      "time period 20": 33891.62049865723,
      "time period 21": 43994.76956176758,
      "time period 22": 0.0,
      "time period 23": 0.0,
      "time period 24": 0.0,
      "time period 25": 0.0,
      "time period 26": 33224.30236816406,
      "time period 27": 35857.03984451294,
      "time period 28": 40461.729972839355,
      "time period 29": 23393.017491733328,
      "time period 30": 0.0,
      "time period 31": 0.0,
      "time period 32": 0.0,
      "time period 33": 0.0,
      "time period 34": 0.0,
      "time period 35": 40100.82618713379,
      "time period 36": 44841.121032714844,
      "time period 37": 48007.15136148527,
      "time period 38": 0.0,
      "time period 39": 0.0,
      "time period 40": 35683.78335571289,
      "time period 41": 36815.279457092285,
      "time period 42": 0.0,
      "time period 43": 0.0,
      "time period 44": 0.0,
      "time period 45": 0.0
    },
    "Hourly average revenue ($)": {
      "time period 1": 0.0,
      "time period 2": 0.0,
      "time period 3": 0.0,
      "time period 4": 0.0,
      "time period 5": 0.0,
      "time period 6": 0.0,
      "time period 7": 0.0,
      "time period 8": 0.0,
      "time period 9": 0.0,
      "time period 10": 76304.06707763672,
      "time period 11": 0.0,
      "time period 12": 0.0,