{
  "Storage unit 1": {
    "Discharging power (MW)": {
      "time period 1": 0.0,
      "time period 2": 0.0,
      "time period 3": 0.0,
      "time period 4": 0.0,
      "time period 5": 0.0,
      "time period 6": 183.75000000000006,
      "time period 7": 300.0,
      "time period 8": 0.0,
      "time period 9": 0.0,
      "time period 10": 0.0,
      "time period 11": 300.0,
      "time period 12": 300.0,
      "time period 13": 0.0,
      "time period 14": 0.0,
      "time period 15": 0.0,
      "time period 16": 0.0,
      "time period 17": 0.0,
      "time period 18": 0.0,
      "time period 19": 0.0,
      "time period 20": 300.0,
      "time period 21": 300.0,
      "time period 22": 81.74999999999996,
      "time period 23": 0.0,
      "time period 24": 0.0,
      "time period 25": 0.0,
      "time period 26": 0.0,
      "time period 27": 300.0,
      "time period 28": 0.0,
      "time period 29": 0.0,
      "time period 30": 300.0,
      "time period 31": 0.0,
      "time period 32": 133.5,
      "time period 33": 0.0
    },
    "Charging power (MW)": {
      "time period 1": 299.99999999999994,
      "time period 2": 115.22491349480975,
      "time period 3": 0.0,
      "time period 4": 0.0,
      "time period 5": 300.0,
      "time period 6": 0.0,
      "time period 7": 0.0,
      "time period 8": 300.0,
      "time period 9": 300.0,
      "time period 10": 0.0,
      "time period 11": 0.0,
      "time period 12": 0.0,
      "time period 13": 0.0,
      "time period 14": 300.0,
      "time period 15": 300.0,
      "time period 16": 300.0,
      "time period 17": 0.0,
      "time period 18": 0.0,
      "time period 19": 0.0,
      "time period 20": 0.0,
      "time period 21": 0.0,
      "time period 22": 0.0,
      "time period 23": 300.0,
      "time period 24": 0.0,
      "time period 25": 0.0,
      "time period 26": 0.0,
      "time period 27": 0.0,
      "time period 28": 300.0,
      "time period 29": 300.0,
      "time period 30": 0.0,
      "time period 31": 0.0,
      "time period 32": 0.0,
      "time period 33": 0.0
    },
    "Net discharging power (MW)": {
      "time period 1": -299.99999999999994,
      "time period 2": -115.22491349480975,
      "time period 3": 0.0,
      "time period 4": 0.0,
      "time period 5": -300.0,
      "time period 6": 183.75000000000006,
      "time period 7": 300.0,
      "time period 8": -300.0,
      "time period 9": -300.0,
      "time period 10": 0.0,
      "time period 11": 300.0,
      "time period 12": 300.0,
      "time period 13": 0.0,
      "time period 14": -300.0,
      "time period 15": -300.0,
      "time period 16": -300.0,
      "time period 17": 0.0,
      "time period 18": 0.0,
      "time period 19": 0.0,
      "time period 20": 300.0,
      "time period 21": 300.0,
      "time period 22": 81.74999999999996,
      "time period 23": -300.0,
      "time period 24": 0.0,
      "time period 25": 0.0,
      "time period 26": 0.0,
      "time period 27": 300.0,
      "time period 28": -300.0,
      "time period 29": -300.0,
      "time period 30": 300.0,
      "time period 31": 0.0,
      "time period 32": 133.5,
      "time period 33": 0.0
    },
    "Stored energy (MWh)": {
      "time period 1": 273.52941176470586,
      "time period 2": 322.5,
      "time period 3": 322.5,
      "time period 4": 322.5,
      "time period 5": 450.0,
      "time period 6": 341.9117647058823,
      "time period 7": 165.44117647058823,
      "time period 8": 292.94117647058823,
      "time period 9": 420.44117647058823,
      "time period 10": 420.44117647058823,
      "time period 11": 243.97058823529412,
      "time period 12": 67.5,
      "time period 13": 67.5,
      "time period 14": 195.0,
      "time period 15": 322.5,
      "time period 16": 450.0,
      "time period 17": 450.0,
      "time period 18": 450.0,
      "time period 19": 450.0,
      "time period 20": 273.52941176470586,
      "time period 21": 97.05882352941174,
      "time period 22": 48.970588235294116,
      "time period 23": 176.47058823529412,
      "time period 24": 176.47058823529412,
      "time period 25": 176.47058823529412,
      "time period 26": 176.47058823529412,
      "time period 27": 0.0,
      "time period 28": 127.5,
      "time period 29": 255.0,
      "time period 30": 78.52941176470588,
      "time period 31": 78.52941176470588,
      "time period 32": 0.0,
      "time period 33": 0.0
    },
    "Final energy (MWh)": 0.0,
    "Hourly average cost ($)": {
      "time period 1": 28027.49542236327,
      "time period 2": 16001.28378977001,
      "time period 3": 0.0,
      "time period 4": 0.0,
      "time period 5": 31532.719116210938,
      "time period 6": 0.0,
      "time period 7": 0.0,
      "time period 8": 26846.703964233402,
      "time period 9": 39217.35905456543,
      "time period 10": 0.0,
      "time period 11": 0.0,
      "time period 12": 0.0,
      "time period 13": 0.0,
      "time period 14": 34458.293895721436,
      "time period 15": 37664.28395462036,
      "time period 16": 41424.6198348999,
      "time period 17": 0.0,
      "time period 18": 0.0,
      "time period 19": 0.0,
      "time period 20": 0.0,
      "time period 21": 0.0,
      "time period 22": 0.0,
      "time period 23": 43798.11269760132,
      "time period 24": 0.0,
      "time period 25": 0.0,
      "time period 26": 0.0,
      "time period 27": 0.0,
      "time period 28": 38559.729972839355,
      "time period 29": 40268.810817718506,
      "time period 30": 0.0,
      "time period 31": 0.0,
      "time period 32": 0.0,
      "time period 33": 0.0
    },
    "Hourly average revenue ($)": {
      "time period 1": 0.0,
      "time period 2": 0.0,
      "time period 3": 0.0,
      "time period 4": 0.0,
      "time period 5": 0.0,
      "time period 6": 42492.645725441,
      "time period 7": 72638.63594055176,
      "time period 8": 0.0,
      "time period 9": 0.0,
      "time period 10": 0.0,
      "time period 11": 73609.49542236328,
      "time period 12": 74827.49542236328,
      "time period 13": 0.0,
      "time period 14": 0.0,
      "time period 15": 0.0,
      "time period 16": 0.0,
      "time period 17": 0.0,
      "time period 18": 0.0,
      "time period 19": 0.0,
      "time period 20": 85797.62049865721,
      "time period 21": 94658.76956176759,
      "time period 22": 21385.065680150972,
      "time period 23": 0.0,
      "time period 24": 0.0,
      "time period 25": 0.0,
      "time period 26": 0.0,
      "time period 27": 87997.03984451295,
      "time period 28": 0.0,
      "time period 29": 0.0,
      "time period 30": 81390.90739059448,
      "time period 31": 0.0,
      "time period 32": 34555.315440788276,
      "time period 33": 0.0
    },
    "Total average cost ($)": 377799.4125205439,
    "Total average revenue ($)": 669352.9909271909,
    "Total average profit ($)": 291553.57840664696
  }
}
