{
  "Storage unit 1": {
    "Discharging power (MW)": {
      "time period 1": 0.0,
      "time period 2": 0.0,
      "time period 3": 0.0,
      "time period 4": 100.49999999999996,
      "time period 5": 300.0,
      "time period 6": 0.0,
      "time period 7": 0.0,
      "time period 8": 0.0,
      "time period 9": 0.0,
      "time period 10": 0.0,
      "time period 11": 0.0,
      "time period 12": 0.0,
      "time period 13": 300.0,
      "time period 14": 300.0,
      "time period 15": 164.99999999999994,
      "time period 16": 0.0,
      "time period 17": 0.0,
      "time period 18": 0.0,
      "time period 19": 0.0,
      "time period 20": 300.0,
      "time period 21": 0.0,
      "time period 22": 0.0,
      "time period 23": 300.0,
      "time period 24": 0.0,
      "time period 25": 266.99999999999994,
      "time period 26": 0.0
    },
    "Charging power (MW)": {
      "time period 1": 300.0,
      "time period 2": 300.0,
      "time period 3": 0.0,
      "time period 4": 0.0,
      "time period 5": 0.0,
      "time period 6": 0.0,
      "time period 7": 300.0,
      "time period 8": 300.0,
      "time period 9": 300.0,
      "time period 10": 0.0,
      "time period 11": 0.0,
      "time period 12": 0.0,
      "time period 13": 0.0,
      "time period 14": 0.0,
      "time period 15": 0.0,
      "time period 16": 300.0,
      "time period 17": 300.0,
      "time period 18": 0.0,
      "time period 19": 0.0,
      "time period 20": 0.0,
      "time period 21": 300.0,
      "time period 22": 300.0,
      "time period 23": 0.0,
      "time period 24": 0.0,
      "time period 25": 0.0,
      "time period 26": 0.0
    },
    "Net discharging power (MW)": {
      "time period 1": -300.0,
      "time period 2": -300.0,
      "time period 3": 0.0,
      "time period 4": 100.49999999999996,
      "time period 5": 300.0,
      "time period 6": 0.0,
      "time period 7": -300.0,
      "time period 8": -300.0,
      "time period 9": -300.0,
      "time period 10": 0.0,
      "time period 11": 0.0,
      "time period 12": 0.0,
      "time period 13": 300.0,
      "time period 14": 300.0,
      "time period 15": 164.99999999999994,
      "time period 16": -300.0,
      "time period 17": -300.0,
      "time period 18": 0.0,
      "time period 19": 0.0,
      "time period 20": 300.0,
      "time period 21": -300.0,
      "time period 22": -300.0,
      "time period 23": 300.0,
      "time period 24": 0.0,
      "time period 25": 266.99999999999994,
      "time period 26": 0.0
    },
    "Stored energy (MWh)": {
      "time period 1": 175.58823529411762,
      "time period 2": 303.0882352941176,
      "time period 3": 303.0882352941176,
      "time period 4": 243.97058823529412,
      "time period 5": 67.5,
      "time period 6": 67.5,
      "time period 7": 195.0,
      "time period 8": 322.5,
      "time period 9": 450.0,
      "time period 10": 450.0,
      "time period 11": 450.0,
      "time period 12": 450.0,
      "time period 13": 273.52941176470586,
      "time period 14": 97.05882352941174,
      "time period 15": 0.0,
      "time period 16": 127.5,
      "time period 17": 255.0,
      "time period 18": 255.0,
      "time period 19": 255.0,
      "time period 20": 78.52941176470588,
      "time period 21": 206.02941176470588,
      "time period 22": 333.52941176470586,
      "time period 23": 157.05882352941174,
      "time period 24": 157.05882352941174,
      "time period 25": 0.0,
      "time period 26": 0.0
    },
    "Final energy (MWh)": 0.0,
    "Hourly average cost ($)": {
      "time period 1": 28993.495422363285,
      "time period 2": 35244.0001373291,
      "time period 3": 0.0,
      "time period 4": 0.0,
      "time period 5": 0.0,
      "time period 6": 0.0,
      "time period 7": 25073.635940551758,
      "time period 8": 28727.703964233395,
      "time period 9": 35197.35905456543,
      "time period 10": 0.0,
      "time period 11": 0.0,
      "time period 12": 0.0,
      "time period 13": 0.0,
      "time period 14": 0.0,
      "time period 15": 0.0,
      "time period 16": 44751.6198348999,
      "time period 17": 48592.95580673218,
      "time period 18": 0.0,
      "time period 19": 0.0,
      "time period 20": 0.0,
      "time period 21": 38072.76956176758,
      "time period 22": 36171.3052482605,
      "time period 23": 0.0,
      "time period 24": 0.0,
      "time period 25": 0.0,
      "time period 26": 0.0
    },
    "Hourly average revenue ($)": {
      "time period 1": 0.0,
      "time period 2": 0.0,
      "time period 3": 0.0,
      "time period 4": 23092.041295166004,
      "time period 5": 71342.71911621094,
      "time period 6": 0.0,
      "time period 7": 0.0,
      "time period 8": 0.0,
      "time period 9": 0.0,
      "time period 10": 0.0,
      "time period 11": 0.0,
      "time period 12": 0.0,
      "time period 13": 86963.54857635497,
      "time period 14": 96705.29389572145,
      "time period 15": 45460.40617504118,
      "time period 16": 0.0,
      "time period 17": 0.0,
      "time period 18": 0.0,
      "time period 19": 0.0,
      "time period 20": 87912.62049865724,
      "time period 21": 0.0,
      "time period 22": 0.0,
      "time period 23": 84061.11269760132,
      "time period 24": 0.0,
      "time period 25": 72337.41781356811,
      "time period 26": 0.0
    },
    "Total average cost ($)": 320824.8449707031,
    "Total average revenue ($)": 567875.1600683212,
    "Total average profit ($)": 247050.31509761803
  }
}
