{
  "Storage unit 1": {
    "Discharging power (MW)": {
      "time period 1": 0.0,
      "time period 2": 0.0,
      "time period 3": 0.0,
      "time period 4": 0.0,
      "time period 5": 0.0,
      "time period 6": 215.25,
      "time period 7": 300.0,
      "time period 8": 0.0,
      "time period 9": 0.0,
      "time period 10": 0.0,
      "time period 11": 0.0,
      "time period 12": 0.0,
      "time period 13": 300.0,
      "time period 14": 0.0,
      "time period 15": 0.0,
      "time period 16": 300.0,
      "time period 17": 0.0,
      "time period 18": 300.0,
      "time period 19": 0.0
    },
    "Charging power (MW)": {
      "time period 1": 300.0,
      "time period 2": 158.8235294117647,
      "time period 3": 300.0,
      "time period 4": 0.0,
      "time period 5": 0.0,
      "time period 6": 0.0,
      "time period 7": 0.0,
      "time period 8": 0.0,
      "time period 9": 300.0,
      "time period 10": 0.0,
      "time period 11": 0.0,
      "time period 12": 0.0,
      "time period 13": 0.0,
      "time period 14": 300.0,
      "time period 15": 300.0,
      "time period 16": 0.0,
      "time period 17": 0.0,
      "time period 18": 0.0,
      "time period 19": 0.0
    },
    "Net discharging power (MW)": {
      "time period 1": -300.0,
      "time period 2": -158.8235294117647,
      "time period 3": -300.0,
      "time period 4": 0.0,
      "time period 5": 0.0,
      "time period 6": 215.25,
      "time period 7": 300.0,
      "time period 8": 0.0,
      "time period 9": -300.0,
      "time period 10": 0.0,
      "time period 11": 0.0,
      "time period 12": 0.0,
      "time period 13": 300.0,
      "time period 14": -300.0,
      "time period 15": -300.0,
      "time period 16": 300.0,
      "time period 17": 0.0,
      "time period 18": 300.0,
      "time period 19": 0.0
    },
    "Stored energy (MWh)": {
      "time period 1": 255.0,
      "time period 2": 322.5,
      "time period 3": 450.0,
      "time period 4": 450.0,
      "time period 5": 450.0,
      "time period 6": 323.38235294117646,
      "time period 7": 146.91176470588232,
      "time period 8": 146.91176470588232,
      "time period 9": 274.4117647058823,
      "time period 10": 274.4117647058823,
      "time period 11": 274.4117647058823,
      "time period 12": 274.4117647058823,
      "time period 13": 97.94117647058823,
      "time period 14": 225.44117647058823,
      "time period 15": 352.94117647058823,
      "time period 16": 176.47058823529412,
      "time period 17": 176.47058823529412,
      "time period 18": 0.0,
      "time period 19": 0.0
    },
    "Final energy (MWh)": 0.0,
    "Hourly average cost ($)": {
      "time period 1": 30874.495422363278,
      "time period 2": 16530.35301388011,
      "time period 3": 28533.31398010254,
      "time period 4": 0.0,
      "time period 5": 0.0,
      "time period 6": 0.0,
      "time period 7": 0.0,
      "time period 8": 0.0,
      "time period 9": 38524.35905456543,
      "time period 10": 0.0,
      "time period 11": 0.0,
      "time period 12": 0.0,
      "time period 13": 0.0,
      "time period 14": 40119.293895721436,
      "time period 15": 40349.28395462036,
      "time period 16": 0.0,
      "time period 17": 0.0,
      "time period 18": 0.0,
      "time period 19": 0.0
    },
    "Hourly average revenue ($)": {
      "time period 1": 0.0,
      "time period 2": 0.0,
      "time period 3": 0.0,
      "time period 4": 0.0,
      "time period 5": 0.0,
      "time period 6": 56053.78927837371,
      "time period 7": 87320.63594055177,
      "time period 8": 0.0,
      "time period 9": 0.0,
      "time period 10": 0.0,
      "time period 11": 0.0,
      "time period 12": 0.0,
      "time period 13": 89078.548576355,
      "time period 14": 0.0,
      "time period 15": 0.0,
      "time period 16": 85014.6198348999,
      "time period 17": 0.0,
      "time period 18": 81003.32360458375,
      "time period 19": 0.0
    },
    "Total average cost ($)": 194931.09932125316,
    "Total average revenue ($)": 398470.91723476414,
    "Total average profit ($)": 203539.81791351098
  }
}
