{
  "Storage unit 1": {
    "Discharging power (MW)": {
      "time period 1": 0.0,
      "time period 2": 0.0,
      "time period 3": 0.0,
      "time period 4": 266.9999999999999,
      "time period 5": 300.0,
      "time period 6": 0.0,
      "time period 7": 0.0,
      "time period 8": 0.0,
      "time period 9": 0.0,
      "time period 10": 0.0,
      "time period 11": 300.0,
      "time period 12": 0.0,
      "time period 13": 0.0,
      "time period 14": 300.0,
      "time period 15": 164.99999999999994,
      "time period 16": 300.0,
      "time period 17": 0.0
    },
    "Charging power (MW)": {
      "time period 1": 300.0,
      "time period 2": 0.0,
      "time period 3": 0.0,
      "time period 4": 0.0,
      "time period 5": 0.0,
      "time period 6": 0.0,
      "time period 7": 300.0,
      "time period 8": 300.0,
      "time period 9": 0.0,
      "time period 10": 0.0,
      "time period 11": 0.0,
      "time period 12": 300.0,
      "time period 13": 300.0,
      "time period 14": 0.0,
      "time period 15": 0.0,
      "time period 16": 0.0,
      "time period 17": 0.0
    },
    "Net discharging power (MW)": {
      "time period 1": -300.0,
      "time period 2": 0.0,
      "time period 3": 0.0,
      "time period 4": 266.9999999999999,
      "time period 5": 300.0,
      "time period 6": 0.0,
      "time period 7": -300.0,
      "time period 8": -300.0,
      "time period 9": 0.0,
      "time period 10": 0.0,
      "time period 11": 300.0,
      "time period 12": -300.0,
      "time period 13": -300.0,
      "time period 14": 300.0,
      "time period 15": 164.99999999999994,
      "time period 16": 300.0,
      "time period 17": 0.0
    },
    "Stored energy (MWh)": {
      "time period 1": 450.0,
      "time period 2": 450.0,
      "time period 3": 450.0,
      "time period 4": 292.9411764705883,
      "time period 5": 116.47058823529414,
      "time period 6": 116.47058823529414,
      "time period 7": 243.97058823529414,
      "time period 8": 371.47058823529414,
      "time period 9": 371.47058823529414,
      "time period 10": 371.47058823529414,
      "time period 11": 195.0,
      "time period 12": 322.5,
      "time period 13": 450.0,
      "time period 14": 273.52941176470586,
      "time period 15": 176.47058823529412,
      "time period 16": 0.0,
      "time period 17": 0.0
    },
    "Final energy (MWh)": 0.0,
    "Hourly average cost ($)": {
      "time period 1": 37477.49542236328,
      "time period 2": 0.0,
      "time period 3": 0.0,
      "time period 4": 0.0,
      "time period 5": 0.0,
      "time period 6": 0.0,
      "time period 7": 35963.63594055176,
      "time period 8": 40943.7039642334,
      "time period 9": 0.0,
      "time period 10": 0.0,
      "time period 11": 0.0,
      "time period 12": 33178.49542236328,
      "time period 13": 39623.54857635498,
      "time period 14": 0.0,
      "time period 15": 0.0,
      "time period 16": 0.0,
      "time period 17": 0.0
    },
    "Hourly average revenue ($)": {
      "time period 1": 0.0,
      "time period 2": 0.0,
      "time period 3": 0.0,
      "time period 4": 67837.10523193356,
      "time period 5": 86279.71911621095,
      "time period 6": 0.0,
      "time period 7": 0.0,
      "time period 8": 0.0,
      "time period 9": 0.0,
      "time period 10": 0.0,
      "time period 11": 83014.4954223633,
      "time period 12": 0.0,
      "time period 13": 0.0,
      "time period 14": 85611.29389572144,
      "time period 15": 42173.60617504118,
      "time period 16": 82233.61983489992,
      "time period 17": 0.0
    },
    "Total average cost ($)": 187186.8793258667,
    "Total average revenue ($)": 447149.8396761703,
    "Total average profit ($)": 259962.96035030362
  }
}
