{
  "Storage unit 1": {
    "Discharging power (MW)": {
      "time period 1": 0.0,
      "time period 2": 0.0,
      "time period 3": 0.0,
      "time period 4": 216.75,
      "time period 5": 0.0,
      "time period 6": 0.0,
      "time period 7": 133.49999999999994,
      "time period 8": 300.0,
      "time period 9": 0.0,
      "time period 10": 0.0,
      "time period 11": 0.0,
      "time period 12": 295.0,
      "time period 13": 300.0,
      "time period 14": 0.0,
      "time period 15": 0.0,
      "time period 16": 0.0,
      "time period 17": 0.0,
      "time period 18": 0.0,
      "time period 19": 0.0,
      "time period 20": 0.0,
      "time period 21": 295.0,
      "time period 22": 300.0,
      "time period 23": 0.0,
      "time period 24": 0.0,
      "time period 25": 0.0,
      "time period 26": 0.0,
      "time period 27": 0.0,
      "time period 28": 300.0,
      "time period 29": 0.0,
      "time period 30": 0.0,
      "time period 31": 300.0,
      "time period 32": 0.0,
      "time period 33": 295.0,
      "time period 34": 0.0
    },
    "Charging power (MW)": {
      "time period 1": 0.0,
      "time period 2": 300.0,
      "time period 3": 115.22491349480975,
      "time period 4": 0.0,
      "time period 5": 0.0,
      "time period 6": 300.0,
      "time period 7": 0.0,
      "time period 8": 0.0,
      "time period 9": 300.0,
      "time period 10": 300.0,
      "time period 11": 0.0,
      "time period 12": 0.0,
      "time period 13": 0.0,
      "time period 14": 0.0,
      "time period 15": 300.0,
      "time period 16": 300.0,
      "time period 17": 223.52941176470588,
      "time period 18": 0.0,
      "time period 19": 0.0,
      "time period 20": 0.0,
      "time period 21": 0.0,
      "time period 22": 0.0,
      "time period 23": 0.0,
      "time period 24": 300.0,
      "time period 25": 300.0,
      "time period 26": 38.75432525951563,
      "time period 27": 0.0,
      "time period 28": 0.0,
      "time period 29": 300.0,
      "time period 30": 300.0,
      "time period 31": 0.0,
      "time period 32": 0.0,
      "time period 33": 0.0,
      "time period 34": 0.0
    },
    "Net discharging power (MW)": {
      "time period 1": 0.0,
      "time period 2": -300.0,
      "time period 3": -115.22491349480975,
      "time period 4": 216.75,
      "time period 5": 0.0,
      "time period 6": -300.0,
      "time period 7": 133.49999999999994,
      "time period 8": 300.0,
      "time period 9": -300.0,
      "time period 10": -300.0,
      "time period 11": 0.0,
      "time period 12": 295.0,
      "time period 13": 300.0,
      "time period 14": 0.0,
      "time period 15": -300.0,
      "time period 16": -300.0,
      "time period 17": -223.52941176470588,
      "time period 18": 0.0,
      "time period 19": 0.0,
      "time period 20": 0.0,
      "time period 21": 295.0,
      "time period 22": 300.0,
      "time period 23": 0.0,
      "time period 24": -300.0,
      "time period 25": -300.0,
      "time period 26": -38.75432525951563,
      "time period 27": 0.0,
      "time period 28": 300.0,
      "time period 29": -300.0,
      "time period 30": -300.0,
      "time period 31": 300.0,
      "time period 32": 0.0,
      "time period 33": 295.0,
      "time period 34": 0.0
    },
    "Stored energy (MWh)": {
      "time period 1": 173.52941176470588,
      "time period 2": 301.02941176470586,
      "time period 3": 350.0,
      "time period 4": 222.5,
      "time period 5": 222.5,
      "time period 6": 350.0,
      "time period 7": 271.47058823529414,
      "time period 8": 95.0,
      "time period 9": 222.5,
      "time period 10": 350.0,
      "time period 11": 350.0,
      "time period 12": 176.47058823529412,
      "time period 13": 0.0,
      "time period 14": 0.0,
      "time period 15": 127.5,
      "time period 16": 255.0,
      "time period 17": 350.0,
      "time period 18": 350.0,
      "time period 19": 350.0,
      "time period 20": 350.0,
      "time period 21": 176.47058823529412,
      "time period 22": 0.0,
      "time period 23": 0.0,
      "time period 24": 127.5,
      "time period 25": 255.0,
      "time period 26": 271.47058823529414,
      "time period 27": 271.47058823529414,
      "time period 28": 95.0,
      "time period 29": 222.5,
      "time period 30": 350.0,
      "time period 31": 173.52941176470588,
      "time period 32": 173.52941176470588,
      "time period 33": 0.0,
      "time period 34": 0.0
    },
    "Final energy (MWh)": 0.0,
    "Hourly average cost ($)": {
      "time period 1": 0.0,
      "time period 2": 29678.95119346619,
      "time period 3": 18354.78368013782,
      "time period 4": 0.0,
      "time period 5": 0.0,
      "time period 6": 40443.370581254894,
      "time period 7": 0.0,
      "time period 8": 0.0,
      "time period 9": 35936.3891259288,
      "time period 10": 49328.87531243318,
      "time period 11": 0.0,
      "time period 12": 0.0,
      "time period 13": 0.0,
      "time period 14": 0.0,
      "time period 15": 37621.595102920524,
      "time period 16": 40409.2424608612,
      "time period 17": 32805.4483421236,
      "time period 18": 0.0,
      "time period 19": 0.0,
      "time period 20": 0.0,
      "time period 21": 0.0,
      "time period 22": 0.0,
      "time period 23": 0.0,
      "time period 24": 48013.29558242798,
      "time period 25": 52315.579636230475,
      "time period 26": 7753.077634087279,
      "time period 27": 0.0,
      "time period 28": 0.0,
      "time period 29": 44485.049041643135,
      "time period 30": 41917.87327374458,
      "time period 31": 0.0,
      "time period 32": 0.0,
      "time period 33": 0.0,
      "time period 34": 0.0
    },
    "Hourly average revenue ($)": {
      "time period 1": 0.0,
      "time period 2": 0.0,
      "time period 3": 0.0,
      "time period 4": 50064.98443049733,
      "time period 5": 0.0,
      "time period 6": 0.0,
      "time period 7": 34296.99634206906,
      "time period 8": 80584.37669242859,
      "time period 9": 0.0,
      "time period 10": 0.0,
      "time period 11": 0.0,
      "time period 12": 83256.98414853385,
      "time period 13": 87878.36993087761,
      "time period 14": 0.0,
      "time period 15": 0.0,
      "time period 16": 0.0,
      "time period 17": 0.0,
      "time period 18": 0.0,
      "time period 19": 0.0,
      "time period 20": 0.0,
      "time period 21": 88528.6244181595,
      "time period 22": 98536.01734794621,
      "time period 23": 0.0,
      "time period 24": 0.0,
      "time period 25": 0.0,
      "time period 26": 0.0,
      "time period 27": 0.0,
      "time period 28": 91767.1312261963,
      "time period 29": 0.0,
      "time period 30": 0.0,
      "time period 31": 87194.12558163641,
      "time period 32": 0.0,
      "time period 33": 82563.51110515217,
      "time period 34": 0.0
    },
    "Total average cost ($)": 479063.5309672597,
    "Total average revenue ($)": 784671.1212234971,
    "Total average profit ($)": 305607.59025623737
  }
}
