{
  "Storage unit 1": {
    "Discharging power (MW)": {
      "time period 1": 133.49999999999994,
      "time period 2": 300.0,
      "time period 3": 0.0,
      "time period 4": 0.0,
      "time period 5": 0.0,
      "time period 6": 295.0,
      "time period 7": 300.0,
      "time period 8": 0.0,
      "time period 9": 0.0,
      "time period 10": 0.0,
      "time period 11": 0.0,
      "time period 12": 0.0,
      "time period 13": 0.0,
      "time period 14": 0.0,
      "time period 15": 295.0,
      "time period 16": 300.0,
      "time period 17": 0.0,
      "time period 18": 0.0,
      "time period 19": 0.0,
      "time period 20": 0.0,
      "time period 21": 0.0,
      "time period 22": 300.0,
      "time period 23": 0.0,
      "time period 24": 0.0,
      "time period 25": 300.0,
      "time period 26": 0.0,
      "time period 27": 295.0,
      "time period 28": 0.0
    },
    "Charging power (MW)": {
      "time period 1": 0.0,
      "time period 2": 0.0,
      "time period 3": 300.0,
      "time period 4": 300.0,
      "time period 5": 0.0,
      "time period 6": 0.0,
      "time period 7": 0.0,
      "time period 8": 0.0,
      "time period 9": 300.0,
      "time period 10": 300.0,
      "time period 11": 223.52941176470588,
      "time period 12": 0.0,
      "time period 13": 0.0,
      "time period 14": 0.0,
      "time period 15": 0.0,
      "time period 16": 0.0,
      "time period 17": 0.0,
      "time period 18": 300.0,
      "time period 19": 300.0,
      "time period 20": 38.75432525951563,
      "time period 21": 0.0,
      "time period 22": 0.0,
      "time period 23": 300.0,
      "time period 24": 300.0,
      "time period 25": 0.0,
      "time period 26": 0.0,
      "time period 27": 0.0,
      "time period 28": 0.0
    },
    "Net discharging power (MW)": {
      "time period 1": 133.49999999999994,
      "time period 2": 300.0,
      "time period 3": -300.0,
      "time period 4": -300.0,
      "time period 5": 0.0,
      "time period 6": 295.0,
      "time period 7": 300.0,
      "time period 8": 0.0,
      "time period 9": -300.0,
      "time period 10": -300.0,
      "time period 11": -223.52941176470588,
      "time period 12": 0.0,
      "time period 13": 0.0,
      "time period 14": 0.0,
      "time period 15": 295.0,
      "time period 16": 300.0,
      "time period 17": 0.0,
      "time period 18": -300.0,
      "time period 19": -300.0,
      "time period 20": -38.75432525951563,
      "time period 21": 0.0,
      "time period 22": 300.0,
      "time period 23": -300.0,
      "time period 24": -300.0,
      "time period 25": 300.0,
      "time period 26": 0.0,
      "time period 27": 295.0,
      "time period 28": 0.0
    },
    "Stored energy (MWh)": {
      "time period 1": 271.47058823529414,
      "time period 2": 95.0,
      "time period 3": 222.5,
      "time period 4": 350.0,
      "time period 5": 350.0,
      "time period 6": 176.47058823529412,
      "time period 7": 0.0,
      "time period 8": 0.0,
      "time period 9": 127.5,
      "time period 10": 255.0,
      "time period 11": 350.0,
      "time period 12": 350.0,
      "time period 13": 350.0,
      "time period 14": 350.0,
      "time period 15": 176.47058823529412,
      "time period 16": 0.0,
      "time period 17": 0.0,
      "time period 18": 127.5,
      "time period 19": 255.0,
      "time period 20": 271.47058823529414,
      "time period 21": 271.47058823529414,
      "time period 22": 95.0,
      "time period 23": 222.5,
      "time period 24": 350.0,
      "time period 25": 173.52941176470588,
      "time period 26": 173.52941176470588,
      "time period 27": 0.0,
      "time period 28": 0.0
    },
    "Final energy (MWh)": 0.0,
    "Hourly average cost ($)": {
      "time period 1": 0.0,
      "time period 2": 0.0,
      "time period 3": 31264.580932971414,
      "time period 4": 41232.09609757414,
      "time period 5": 0.0,
      "time period 6": 0.0,
      "time period 7": 0.0,
      "time period 8": 0.0,
      "time period 9": 34460.3891259288,
      "time period 10": 41102.875312433156,
      "time period 11": 34635.651785781476,
      "time period 12": 0.0,
      "time period 13": 0.0,
      "time period 14": 0.0,
      "time period 15": 0.0,
      "time period 16": 0.0,
      "time period 17": 0.0,
      "time period 18": 48262.96929611207,
      "time period 19": 52943.34347213744,
      "time period 20": 7653.173821797633,
      "time period 21": 0.0,
      "time period 22": 0.0,
      "time period 23": 42260.267740859985,
      "time period 24": 43165.29558242797,
      "time period 25": 0.0,
      "time period 26": 0.0,
      "time period 27": 0.0,
      "time period 28": 0.0
    },
    "Hourly average revenue ($)": {
      "time period 1": 33115.305530665166,
      "time period 2": 76733.9511934662,
      "time period 3": 0.0,
      "time period 4": 0.0,
      "time period 5": 0.0,
      "time period 6": 77718.11440490063,
      "time period 7": 79747.90189229004,
      "time period 8": 0.0,
      "time period 9": 0.0,
      "time period 10": 0.0,
      "time period 11": 0.0,
      "time period 12": 0.0,
      "time period 13": 0.0,
      "time period 14": 0.0,
      "time period 15": 89486.86851787187,
      "time period 16": 99299.2424608612,
      "time period 17": 0.0,
      "time period 18": 0.0,
      "time period 19": 0.0,
      "time period 20": 0.0,
      "time period 21": 0.0,
      "time period 22": 91786.01734794615,
      "time period 23": 0.0,
      "time period 24": 0.0,
      "time period 25": 87895.57963623053,
      "time period 26": 0.0,
      "time period 27": 85953.15133456801,
      "time period 28": 0.0
    },
    "Total average cost ($)": 376980.6431680242,
    "Total average revenue ($)": 721736.1323187998,
    "Total average profit ($)": 344755.48915077565
  }
}
