{
  "Storage unit 1": {
    "Discharging power (MW)": {
      "time period 1": 0.0,
      "time period 2": 0.0,
      "time period 3": 295.0,
      "time period 4": 300.0,
      "time period 5": 0.0,
      "time period 6": 0.0,
      "time period 7": 0.0,
      "time period 8": 0.0,
      "time period 9": 0.0,
      "time period 10": 300.0,
      "time period 11": 0.0,
      "time period 12": 0.0,
      "time period 13": 300.0,
      "time period 14": 0.0,
      "time period 15": 295.0,
      "time period 16": 0.0
    },
    "Charging power (MW)": {
      "time period 1": 0.0,
      "time period 2": 0.0,
      "time period 3": 0.0,
      "time period 4": 0.0,
      "time period 5": 0.0,
      "time period 6": 300.0,
      "time period 7": 300.0,
      "time period 8": 38.75432525951563,
      "time period 9": 0.0,
      "time period 10": 0.0,
      "time period 11": 300.0,
      "time period 12": 300.0,
      "time period 13": 0.0,
      "time period 14": 0.0,
      "time period 15": 0.0,
      "time period 16": 0.0
    },
    "Net discharging power (MW)": {
      "time period 1": 0.0,
      "time period 2": 0.0,
      "time period 3": 295.0,
      "time period 4": 300.0,
      "time period 5": 0.0,
      "time period 6": -300.0,
      "time period 7": -300.0,
      "time period 8": -38.75432525951563,
      "time period 9": 0.0,
      "time period 10": 300.0,
      "time period 11": -300.0,
      "time period 12": -300.0,
      "time period 13": 300.0,
      "time period 14": 0.0,
      "time period 15": 295.0,
      "time period 16": 0.0
    },
    "Stored energy (MWh)": {
      "time period 1": 350.0,
      "time period 2": 350.0,
      "time period 3": 176.47058823529412,
      "time period 4": 0.0,
      "time period 5": 0.0,
      "time period 6": 127.5,
      "time period 7": 255.0,
      "time period 8": 271.47058823529414,
      "time period 9": 271.47058823529414,
      "time period 10": 95.0,
      "time period 11": 222.5,
      "time period 12": 350.0,
      "time period 13": 173.52941176470588,
      "time period 14": 173.52941176470588,
      "time period 15": 0.0,
      "time period 16": 0.0
    },
    "Final energy (MWh)": 0.0,
    "Hourly average cost ($)": {
      "time period 1": 0.0,
      "time period 2": 0.0,
      "time period 3": 0.0,
      "time period 4": 0.0,
      "time period 5": 0.0,
      "time period 6": 43833.3705812549,
      "time period 7": 48010.901892290014,
      "time period 8": 7274.7522370842125,
      "time period 9": 0.0,
      "time period 10": 0.0,
      "time period 11": 44582.690554601446,
      "time period 12": 44618.11947308534,
      "time period 13": 0.0,
      "time period 14": 0.0,
      "time period 15": 0.0,
      "time period 16": 0.0
    },
    "Hourly average revenue ($)": {
      "time period 1": 0.0,
      "time period 2": 0.0,
      "time period 3": 81784.40458408854,
      "time period 4": 91896.09609757416,
      "time period 5": 0.0,
      "time period 6": 0.0,
      "time period 7": 0.0,
      "time period 8": 0.0,
      "time period 9": 0.0,
      "time period 10": 93242.87531243317,
      "time period 11": 0.0,
      "time period 12": 0.0,
      "time period 13": 91721.36993087767,
      "time period 14": 0.0,
      "time period 15": 84560.36851787183,
      "time period 16": 0.0
    },
    "Total average cost ($)": 188319.8347383159,
    "Total average revenue ($)": 443205.11444284534,
    "Total average profit ($)": 254885.27970452944
  }
}
