{
  "Storage unit 1": {
    "Discharging power (MW)": {
      "time period 1": 300.00000000000017,
      "time period 2": 300.0,
      "time period 3": 0.0,
      "time period 4": 0.0,
      "time period 5": 0.0,
      "time period 6": 0.0,
      "time period 7": 0.0,
      "time period 8": 300.0,
      "time period 9": 0.0,
      "time period 10": 0.0,
      "time period 11": 300.0,
      "time period 12": 131.99999999999986,
      "time period 13": 300.0,
      "time period 14": 0.0
    },
    "Charging power (MW)": {
      "time period 1": 0.0,
      "time period 2": 0.0,
      "time period 3": 0.0,
      "time period 4": 300.0,
      "time period 5": 300.0,
      "time period 6": 0.0,
      "time period 7": 0.0,
      "time period 8": 0.0,
      "time period 9": 300.0,
      "time period 10": 300.0,
      "time period 11": 0.0,
      "time period 12": 0.0,
      "time period 13": 0.0,
      "time period 14": 0.0
    },
    "Net discharging power (MW)": {
      "time period 1": 300.00000000000017,
      "time period 2": 300.0,
      "time period 3": 0.0,
      "time period 4": -300.0,
      "time period 5": -300.0,
      "time period 6": 0.0,
      "time period 7": 0.0,
      "time period 8": 300.0,
      "time period 9": -300.0,
      "time period 10": -300.0,
      "time period 11": 300.0,
      "time period 12": 131.99999999999986,
      "time period 13": 300.0,
      "time period 14": 0.0
    },
    "Stored energy (MWh)": {
      "time period 1": 273.5294117647058,
      "time period 2": 97.05882352941168,
      "time period 3": 97.05882352941168,
      "time period 4": 224.55882352941168,
      "time period 5": 352.0588235294117,
      "time period 6": 352.0588235294117,
      "time period 7": 352.0588235294117,
      "time period 8": 175.5882352941176,
      "time period 9": 303.08823529411757,
      "time period 10": 430.58823529411757,
      "time period 11": 254.11764705882345,
      "time period 12": 176.47058823529412,
      "time period 13": 0.0,
      "time period 14": 0.0
    },
    "Final energy (MWh)": 0.0,
    "Hourly average cost ($)": {
      "time period 1": 0.0,
      "time period 2": 0.0,
      "time period 3": 0.0,
      "time period 4": 33729.466552734375,
      "time period 5": 39605.71911621094,
      "time period 6": 0.0,
      "time period 7": 0.0,
      "time period 8": 0.0,
      "time period 9": 33295.35905456543,
      "time period 10": 38786.06707763672,
      "time period 11": 0.0,
      "time period 12": 0.0,
      "time period 13": 0.0,
      "time period 14": 0.0
    },
    "Hourly average revenue ($)": {
      "time period 1": 80899.49542236331,
      "time period 2": 85908.00013732912,
      "time period 3": 0.0,
      "time period 4": 0.0,
      "time period 5": 0.0,
      "time period 6": 0.0,
      "time period 7": 0.0,
      "time period 8": 80867.70396423341,
      "time period 9": 0.0,
      "time period 10": 0.0,
      "time period 11": 78670.49542236328,
      "time period 12": 30751.377985839812,
      "time period 13": 81953.548576355,
      "time period 14": 0.0
    },
    "Total average cost ($)": 145416.61180114746,
    "Total average revenue ($)": 439050.6215084839,
    "Total average profit ($)": 293634.00970733643
  }
}
