{
  "Storage unit 1": {
    "Discharging power (MW)": {
      "time period 1": 0.0,
      "time period 2": 300.0,
      "time period 3": 0.0,
      "time period 4": 300.0,
      "time period 5": 0.0
    },
    "Charging power (MW)": {
      "time period 1": 299.99999999999994,
      "time period 2": 0.0,
      "time period 3": 0.0,
      "time period 4": 0.0,
      "time period 5": 0.0
    },
    "Net discharging power (MW)": {
      "time period 1": -299.99999999999994,
      "time period 2": 300.0,
      "time period 3": 0.0,
      "time period 4": 300.0,
      "time period 5": 0.0
    },
    "Stored energy (MWh)": {
      "time period 1": 352.9411764705882,
      "time period 2": 176.47058823529406,
      "time period 3": 176.47058823529412,
      "time period 4": 0.0,
      "time period 5": 0.0
    },
    "Final energy (MWh)": 0.0,
    "Hourly average cost ($)": {
      "time period 1": 33559.495422363274,
      "time period 2": 0.0,
      "time period 3": 0.0,
      "time period 4": 0.0,
      "time period 5": 0.0
    },
    "Hourly average revenue ($)": {
      "time period 1": 0.0,
      "time period 2": 74814.0001373291,
      "time period 3": 0.0,
      "time period 4": 71211.46655273438,
      "time period 5": 0.0
    },
    "Total average cost ($)": 33559.495422363274,
    "Total average revenue ($)": 146025.46669006348,
    "Total average profit ($)": 112465.9712677002
  }
}
