{
  "Storage unit 1": {
    "Discharging power (MW)": {
      "time period 1": 300.0,
      "time period 2": 0.0,
      "time period 3": 0.0,
      "time period 4": 0.0,
      "time period 5": 0.0,
      "time period 6": 0.0,
      "time period 7": 0.0,
      "time period 8": 0.0,
      "time period 9": 300.0,
      "time period 10": 300.0,
      "time period 11": 81.74999999999996,
      "time period 12": 0.0,
      "time period 13": 0.0,
      "time period 14": 0.0,
      "time period 15": 0.0,
      "time period 16": 300.0,
      "time period 17": 0.0,
      "time period 18": 0.0,
      "time period 19": 300.0,
      "time period 20": 0.0,
      "time period 21": 133.5,
      "time period 22": 0.0
    },
    "Charging power (MW)": {
      "time period 1": 0.0,
      "time period 2": 0.0,
      "time period 3": 300.0,
      "time period 4": 300.0,
      "time period 5": 230.44982698962005,
      "time period 6": 0.0,
      "time period 7": 0.0,
      "time period 8": 0.0,
      "time period 9": 0.0,
      "time period 10": 0.0,
      "time period 11": 0.0,
      "time period 12": 300.0,
      "time period 13": 0.0,
      "time period 14": 0.0,
      "time period 15": 0.0,
      "time period 16": 0.0,
      "time period 17": 300.0,
      "time period 18": 300.0,
      "time period 19": 0.0,
      "time period 20": 0.0,
      "time period 21": 0.0,
      "time period 22": 0.0
    },
    "Net discharging power (MW)": {
      "time period 1": 300.0,
      "time period 2": 0.0,
      "time period 3": -300.0,
      "time period 4": -300.0,
      "time period 5": -230.44982698962005,
      "time period 6": 0.0,
      "time period 7": 0.0,
      "time period 8": 0.0,
      "time period 9": 300.0,
      "time period 10": 300.0,
      "time period 11": 81.74999999999996,
      "time period 12": -300.0,
      "time period 13": 0.0,
      "time period 14": 0.0,
      "time period 15": 0.0,
      "time period 16": 300.0,
      "time period 17": -300.0,
      "time period 18": -300.0,
      "time period 19": 300.0,
      "time period 20": 0.0,
      "time period 21": 133.5,
      "time period 22": 0.0
    },
    "Stored energy (MWh)": {
      "time period 1": 97.05882352941151,
      "time period 2": 97.05882352941151,
      "time period 3": 224.5588235294115,
      "time period 4": 352.0588235294115,
      "time period 5": 450.0,
      "time period 6": 450.0,
      "time period 7": 450.0,
      "time period 8": 450.0,
      "time period 9": 273.52941176470586,
      "time period 10": 97.05882352941174,
      "time period 11": 48.970588235294116,
      "time period 12": 176.47058823529412,
      "time period 13": 176.47058823529412,
      "time period 14": 176.47058823529412,
      "time period 15": 176.47058823529412,
      "time period 16": 0.0,
      "time period 17": 127.5,
      "time period 18": 255.0,
      "time period 19": 78.52941176470588,
      "time period 20": 78.52941176470588,
      "time period 21": 0.0,
      "time period 22": 0.0
    },
    "Final energy (MWh)": 0.0,
    "Hourly average cost ($)": {
      "time period 1": 0.0,
      "time period 2": 0.0,
      "time period 3": 29788.580932971403,
      "time period 4": 33006.09609757416,
      "time period 5": 28648.113058819257,
      "time period 6": 0.0,
      "time period 7": 0.0,
      "time period 8": 0.0,
      "time period 9": 0.0,
      "time period 10": 0.0,
      "time period 11": 0.0,
      "time period 12": 49466.119473085324,
      "time period 13": 0.0,
      "time period 14": 0.0,
      "time period 15": 0.0,
      "time period 16": 0.0,
      "time period 17": 42126.36488021852,
      "time period 18": 43414.96929611208,
      "time period 19": 0.0,
      "time period 20": 0.0,
      "time period 21": 0.0,
      "time period 22": 0.0
    },
    "Hourly average revenue ($)": {
      "time period 1": 77092.41692284308,
      "time period 2": 0.0,
      "time period 3": 0.0,
      "time period 4": 0.0,
      "time period 5": 0.0,
      "time period 6": 0.0,
      "time period 7": 0.0,
      "time period 8": 0.0,
      "time period 9": 87842.3891259288,
      "time period 10": 99992.87531243314,
      "time period 11": 23780.99067612888,
      "time period 12": 0.0,
      "time period 13": 0.0,
      "time period 14": 0.0,
      "time period 15": 0.0,
      "time period 16": 92549.24246086119,
      "time period 17": 0.0,
      "time period 18": 0.0,
      "time period 19": 88523.34347213744,
      "time period 20": 0.0,
      "time period 21": 37833.50376211623,
      "time period 22": 0.0
    },
    "Total average cost ($)": 226450.24373878073,
    "Total average revenue ($)": 507614.7617324489,
    "Total average profit ($)": 281164.51799366815
  }
}
