{
  "Storage unit 1": {
    "Discharging power (MW)": {
      "time period 1": 300.00000000000045,
      "time period 2": 300.0,
      "time period 3": 0.0,
      "time period 4": 0.0,
      "time period 5": 0.0,
      "time period 6": 0.0,
      "time period 7": 0.0,
      "time period 8": 0.0,
      "time period 9": 0.0,
      "time period 10": 165.0,
      "time period 11": 300.0,
      "time period 12": 0.0,
      "time period 13": 0.0,
      "time period 14": 0.0,
      "time period 15": 0.0,
      "time period 16": 0.0,
      "time period 17": 300.0,
      "time period 18": 0.0,
      "time period 19": 0.0,
      "time period 20": 300.0,
      "time period 21": 0.0,
      "time period 22": 133.5,
      "time period 23": 0.0
    },
    "Charging power (MW)": {
      "time period 1": 0.0,
      "time period 2": 0.0,
      "time period 3": 0.0,
      "time period 4": 300.0,
      "time period 5": 300.0,
      "time period 6": 230.4498269896199,
      "time period 7": 0.0,
      "time period 8": 0.0,
      "time period 9": 0.0,
      "time period 10": 0.0,
      "time period 11": 0.0,
      "time period 12": 0.0,
      "time period 13": 0.0,
      "time period 14": 0.0,
      "time period 15": 0.0,
      "time period 16": 0.0,
      "time period 17": 0.0,
      "time period 18": 300.0,
      "time period 19": 300.0,
      "time period 20": 0.0,
      "time period 21": 0.0,
      "time period 22": 0.0,
      "time period 23": 0.0
    },
    "Net discharging power (MW)": {
      "time period 1": 300.00000000000045,
      "time period 2": 300.0,
      "time period 3": 0.0,
      "time period 4": -300.0,
      "time period 5": -300.0,
      "time period 6": -230.4498269896199,
      "time period 7": 0.0,
      "time period 8": 0.0,
      "time period 9": 0.0,
      "time period 10": 165.0,
      "time period 11": 300.0,
      "time period 12": 0.0,
      "time period 13": 0.0,
      "time period 14": 0.0,
      "time period 15": 0.0,
      "time period 16": 0.0,
      "time period 17": 300.0,
      "time period 18": -300.0,
      "time period 19": -300.0,
      "time period 20": 300.0,
      "time period 21": 0.0,
      "time period 22": 133.5,
      "time period 23": 0.0
    },
    "Stored energy (MWh)": {
      "time period 1": 273.5294117647056,
      "time period 2": 97.05882352941154,
      "time period 3": 97.05882352941154,
      "time period 4": 224.55882352941154,
      "time period 5": 352.05882352941154,
      "time period 6": 450.0,
      "time period 7": 450.0,
      "time period 8": 450.0,
      "time period 9": 450.0,
      "time period 10": 352.94117647058823,
      "time period 11": 176.47058823529412,
      "time period 12": 176.47058823529412,
      "time period 13": 176.47058823529412,
      "time period 14": 176.47058823529412,
      "time period 15": 176.47058823529412,
      "time period 16": 176.47058823529412,
      "time period 17": 0.0,
      "time period 18": 127.5,
      "time period 19": 255.0,
      "time period 20": 78.52941176470588,
      "time period 21": 78.52941176470588,
      "time period 22": 0.0,
      "time period 23": 0.0
    },
    "Final energy (MWh)": 0.0,
    "Hourly average cost ($)": {
      "time period 1": 0.0,
      "time period 2": 0.0,
      "time period 3": 0.0,
      "time period 4": 29649.09609757415,
      "time period 5": 33088.16519819252,
      "time period 6": 31115.62030809206,
      "time period 7": 0.0,
      "time period 8": 0.0,
      "time period 9": 0.0,
      "time period 10": 0.0,
      "time period 11": 0.0,
      "time period 12": 0.0,
      "time period 13": 0.0,
      "time period 14": 0.0,
      "time period 15": 0.0,
      "time period 16": 0.0,
      "time period 17": 0.0,
      "time period 18": 43033.96929611207,
      "time period 19": 43412.34347213745,
      "time period 20": 0.0,
      "time period 21": 0.0,
      "time period 22": 0.0,
      "time period 23": 0.0
    },
    "Hourly average revenue ($)": {
      "time period 1": 75874.4169228432,
      "time period 2": 76478.95119346619,
      "time period 3": 0.0,
      "time period 4": 0.0,
      "time period 5": 0.0,
      "time period 6": 0.0,
      "time period 7": 0.0,
      "time period 8": 0.0,
      "time period 9": 0.0,
      "time period 10": 50120.33142183824,
      "time period 11": 101168.69055460143,
      "time period 12": 0.0,
      "time period 13": 0.0,
      "time period 14": 0.0,
      "time period 15": 0.0,
      "time period 16": 0.0,
      "time period 17": 91962.36488021853,
      "time period 18": 0.0,
      "time period 19": 0.0,
      "time period 20": 87101.76520980838,
      "time period 21": 0.0,
      "time period 22": 37674.15271983603,
      "time period 23": 0.0
    },
    "Total average cost ($)": 180299.19437210826,
    "Total average revenue ($)": 520380.67290261196,
    "Total average profit ($)": 340081.4785305037
  }
}
