{
  "Storage unit 1": {
    "Discharging power (MW)": {
      "time period 1": 30.000000000000004,
      "time period 2": 0.0,
      "time period 3": 0.0,
      "time period 4": 0.0,
      "time period 5": 0.0,
      "time period 6": 0.0,
      "time period 7": 3.999999999999998,
      "time period 8": 0.0,
      "time period 9": 0.0,
      "time period 10": 30.0,
      "time period 11": 0.0,
      "time period 12": 0.0,
      "time period 13": 0.0
    },
    "Charging power (MW)": {
      "time period 1": 0.0,
      "time period 2": 0.0,
      "time period 3": 30.0,
      "time period 4": 11.522491349480973,
      "time period 5": 0.0,
      "time period 6": 0.0,
      "time period 7": 0.0,
      "time period 8": 0.0,
      "time period 9": 0.0,
      "time period 10": 0.0,
      "time period 11": 0.0,
      "time period 12": 0.0,
      "time period 13": 0.0
    },
    "Net discharging power (MW)": {
      "time period 1": 30.000000000000004,
      "time period 2": 0.0,
      "time period 3": -30.0,
      "time period 4": -11.522491349480973,
      "time period 5": 0.0,
      "time period 6": 0.0,
      "time period 7": 3.999999999999998,
      "time period 8": 0.0,
      "time period 9": 0.0,
      "time period 10": 30.0,
      "time period 11": 0.0,
      "time period 12": 0.0,
      "time period 13": 0.0
    },
    "Stored energy (MWh)": {
      "time period 1": 2.352941176470587,
      "time period 2": 2.352941176470587,
      "time period 3": 15.102941176470587,
      "time period 4": 20.0,
      "time period 5": 20.0,
      "time period 6": 20.0,
      "time period 7": 17.647058823529413,
      "time period 8": 17.647058823529413,
      "time period 9": 17.647058823529413,
      "time period 10": 0.0,
      "time period 11": 0.0,
      "time period 12": 0.0,
      "time period 13": 0.0
    },
    "Final energy (MWh)": 0.0,
    "Hourly average cost ($)": {
      "time period 1": 0.0,
      "time period 2": 0.0,
      "time period 3": 4067.8580932971413,
      "time period 4": 1736.9040369656511,
      "time period 5": 0.0,
      "time period 6": 0.0,
      "time period 7": 0.0,
      "time period 8": 0.0,
      "time period 9": 0.0,
      "time period 10": 0.0,
      "time period 11": 0.0,
      "time period 12": 0.0,
      "time period 13": 0.0
    },
    "Hourly average revenue ($)": {
      "time period 1": 9202.941692284312,
      "time period 2": 0.0,
      "time period 3": 0.0,
      "time period 4": 0.0,
      "time period 5": 0.0,
      "time period 6": 0.0,
      "time period 7": 1172.465358563866,
      "time period 8": 0.0,
      "time period 9": 0.0,
      "time period 10": 8889.88753124332,
      "time period 11": 0.0,
      "time period 12": 0.0,
      "time period 13": 0.0
    },
    "Total average cost ($)": 5804.762130262792,
    "Total average revenue ($)": 19265.294582091497,
    "Total average profit ($)": 13460.532451828705
  }
}
