{
  "Storage unit 1": {
    "Discharging power (MW)": {
      "time period 1": 0.0,
      "time period 2": 0.0,
      "time period 3": 0.0,
      "time period 4": 0.0,
      "time period 5": 300.0,
      "time period 6": 81.74999999999996,
      "time period 7": 0.0,
      "time period 8": 0.0,
      "time period 9": 0.0,
      "time period 10": 0.0,
      "time period 11": 0.0,
      "time period 12": 300.0,
      "time period 13": 300.0,
      "time period 14": 0.0
    },
    "Charging power (MW)": {
      "time period 1": 0.0,
      "time period 2": 0.0,
      "time period 3": 0.0,
      "time period 4": 0.0,
      "time period 5": 0.0,
      "time period 6": 0.0,
      "time period 7": 0.0,
      "time period 8": 0.0,
      "time period 9": 0.0,
      "time period 10": 300.0,
      "time period 11": 0.0,
      "time period 12": 0.0,
      "time period 13": 0.0,
      "time period 14": 0.0
    },
    "Net discharging power (MW)": {
      "time period 1": 0.0,
      "time period 2": 0.0,
      "time period 3": 0.0,
      "time period 4": 0.0,
      "time period 5": 300.0,
      "time period 6": 81.74999999999996,
      "time period 7": 0.0,
      "time period 8": 0.0,
      "time period 9": 0.0,
      "time period 10": -300.0,
      "time period 11": 0.0,
      "time period 12": 300.0,
      "time period 13": 300.0,
      "time period 14": 0.0
    },
    "Stored energy (MWh)": {
      "time period 1": 450.0,
      "time period 2": 450.0,
      "time period 3": 450.0,
      "time period 4": 450.0,
      "time period 5": 273.52941176470586,
      "time period 6": 225.44117647058823,
      "time period 7": 225.44117647058823,
      "time period 8": 225.44117647058823,
      "time period 9": 225.44117647058823,
      "time period 10": 352.94117647058823,
      "time period 11": 352.94117647058823,
      "time period 12": 176.47058823529412,
      "time period 13": 0.0,
      "time period 14": 0.0
    },
    "Final energy (MWh)": 0.0,
    "Hourly average cost ($)": {
      "time period 1": 0.0,
      "time period 2": 0.0,
      "time period 3": 0.0,
      "time period 4": 0.0,
      "time period 5": 0.0,
      "time period 6": 0.0,
      "time period 7": 0.0,
      "time period 8": 0.0,
      "time period 9": 0.0,
      "time period 10": 115103.87531243313,
      "time period 11": 0.0,
      "time period 12": 0.0,
      "time period 13": 0.0,
      "time period 14": 0.0
    },
    "Hourly average revenue ($)": {
      "time period 1": 0.0,
      "time period 2": 0.0,
      "time period 3": 0.0,
      "time period 4": 0.0,
      "time period 5": 305038.1651981926,
      "time period 6": 81335.6284833919,
      "time period 7": 0.0,
      "time period 8": 0.0,
      "time period 9": 0.0,
      "time period 10": 0.0,
      "time period 11": 0.0,
      "time period 12": 1.0936041194730855e6,
      "time period 13": 328169.3699308778,
      "time period 14": 0.0
    },
    "Total average cost ($)": 115103.87531243313,
    "Total average revenue ($)": 1.8081472830855479e6,
    "Total average profit ($)": 1.6930434077731147e6
  }
}
