{
  "Storage unit 1": {
    "Discharging power (MW)": {
      "time period 1": 0.0,
      "time period 2": 0.0,
      "time period 3": 13.6,
      "time period 4": 0.0,
      "time period 5": 0.0,
      "time period 6": 0.0,
      "time period 7": 13.6,
      "time period 8": 0.0,
      "time period 9": 0.0,
      "time period 10": 0.0,
      "time period 11": 0.0,
      "time period 12": 13.6,
      "time period 13": 0.0,
      "time period 14": 0.0,
      "time period 15": 0.0,
      "time period 16": 0.0,
      "time period 17": 0.0,
      "time period 18": 0.0,
      "time period 19": 0.0,
      "time period 20": 0.0,
      "time period 21": 13.6,
      "time period 22": 0.0,
      "time period 23": 0.0,
      "time period 24": 0.0,
      "time period 25": 0.0,
      "time period 26": 0.0,
      "time period 27": 13.6,
      "time period 28": 0.0,
      "time period 29": 0.0,
      "time period 30": 13.6,
      "time period 31": 0.0,
      "time period 32": 0.0,
      "time period 33": 0.0
    },
    "Charging power (MW)": {
      "time period 1": 18.823529411764707,
      "time period 2": 0.0,
      "time period 3": 0.0,
      "time period 4": 0.0,
      "time period 5": 18.823529411764707,
      "time period 6": 0.0,
      "time period 7": 0.0,
      "time period 8": 18.823529411764707,
      "time period 9": 0.0,
      "time period 10": 0.0,
      "time period 11": 0.0,
      "time period 12": 0.0,
      "time period 13": 0.0,
      "time period 14": 18.823529411764707,
      "time period 15": 0.0,
      "time period 16": 0.0,
      "time period 17": 0.0,
      "time period 18": 0.0,
      "time period 19": 0.0,
      "time period 20": 0.0,
      "time period 21": 0.0,
      "time period 22": 0.0,
      "time period 23": 18.823529411764707,
      "time period 24": 0.0,
      "time period 25": 0.0,
      "time period 26": 0.0,
      "time period 27": 0.0,
      "time period 28": 0.0,
      "time period 29": 18.823529411764707,
      "time period 30": 0.0,
      "time period 31": 0.0,
      "time period 32": 0.0,
      "time period 33": 0.0
    },
    "Net discharging power (MW)": {
      "time period 1": -18.823529411764707,
      "time period 2": 0.0,
      "time period 3": 13.6,
      "time period 4": 0.0,
      "time period 5": -18.823529411764707,
      "time period 6": 0.0,
      "time period 7": 13.6,
      "time period 8": -18.823529411764707,
      "time period 9": 0.0,
      "time period 10": 0.0,
      "time period 11": 0.0,
      "time period 12": 13.6,
      "time period 13": 0.0,
      "time period 14": -18.823529411764707,
      "time period 15": 0.0,
      "time period 16": 0.0,
      "time period 17": 0.0,
      "time period 18": 0.0,
      "time period 19": 0.0,
      "time period 20": 0.0,
      "time period 21": 13.6,
      "time period 22": 0.0,
      "time period 23": -18.823529411764707,
      "time period 24": 0.0,
      "time period 25": 0.0,
      "time period 26": 0.0,
      "time period 27": 13.6,
      "time period 28": 0.0,
      "time period 29": -18.823529411764707,
      "time period 30": 13.6,
      "time period 31": 0.0,
      "time period 32": 0.0,
      "time period 33": 0.0
    },
    "Stored energy (MWh)": {
      "time period 1": 8.0,
      "time period 2": 8.0,
      "time period 3": 0.0,
      "time period 4": 0.0,
      "time period 5": 8.0,
      "time period 6": 8.0,
      "time period 7": 0.0,
      "time period 8": 8.0,
      "time period 9": 8.0,
      "time period 10": 8.0,
      "time period 11": 8.0,
      "time period 12": 0.0,
      "time period 13": 0.0,
      "time period 14": 8.0,
      "time period 15": 8.0,
      "time period 16": 8.0,
      "time period 17": 8.0,
      "time period 18": 8.0,
      "time period 19": 8.0,
      "time period 20": 8.0,
      "time period 21": 0.0,
      "time period 22": 0.0,
      "time period 23": 8.0,
      "time period 24": 8.0,
      "time period 25": 8.0,
      "time period 26": 8.0,
      "time period 27": 0.0,
      "time period 28": 0.0,
      "time period 29": 8.0,
      "time period 30": 0.0,
      "time period 31": 0.0,
      "time period 32": 0.0,
      "time period 33": 0.0
    },
    "Final energy (MWh)": 0.0,
    "Hourly average cost ($)": {
      "time period 1": 2124.100366103565,
      "time period 2": 0.0,
      "time period 3": 0.0,
      "time period 4": 0.0,
      "time period 5": 2500.3054968966317,
      "time period 6": 0.0,
      "time period 7": 0.0,
      "time period 8": 2094.61104890801,
      "time period 9": 0.0,
      "time period 10": 0.0,
      "time period 11": 0.0,
      "time period 12": 0.0,
      "time period 13": 0.0,
      "time period 14": 2147.6331116135543,
      "time period 15": 0.0,
      "time period 16": 0.0,
      "time period 17": 0.0,
      "time period 18": 0.0,
      "time period 19": 0.0,
      "time period 20": 0.0,
      "time period 21": 0.0,
      "time period 22": 0.0,
      "time period 23": 2765.187262408089,
      "time period 24": 0.0,
      "time period 25": 0.0,
      "time period 26": 0.0,
      "time period 27": 0.0,
      "time period 28": 0.0,
      "time period 29": 2417.1011732177735,
      "time period 30": 0.0,
      "time period 31": 0.0,
      "time period 32": 0.0,
      "time period 33": 0.0
    },
    "Hourly average revenue ($)": {
      "time period 1": 0.0,
      "time period 2": 0.0,
      "time period 3": 3264.4642824719253,
      "time period 4": 0.0,
      "time period 5": 0.0,
      "time period 6": 0.0,
      "time period 7": 3616.3294694493106,
      "time period 8": 0.0,
      "time period 9": 0.0,
      "time period 10": 0.0,
      "time period 11": 0.0,
      "time period 12": 3644.6664747002415,
      "time period 13": 0.0,
      "time period 14": 0.0,
      "time period 15": 0.0,
      "time period 16": 0.0,
      "time period 17": 0.0,
      "time period 18": 0.0,
      "time period 19": 0.0,
      "time period 20": 0.0,
      "time period 21": 4299.851312239913,
      "time period 22": 0.0,
      "time period 23": 0.0,
      "time period 24": 0.0,
      "time period 25": 0.0,
      "time period 26": 0.0,
      "time period 27": 4002.0105550530257,
      "time period 28": 0.0,
      "time period 29": 0.0,
      "time period 30": 3788.2962114880374,
      "time period 31": 0.0,
      "time period 32": 0.0,
      "time period 33": 0.0
    },
    "Total average cost ($)": 14048.938459147625,
    "Total average revenue ($)": 22615.61830540245,
    "Total average profit ($)": 8566.679846254827
  }
}
