{
  "Storage unit 1": {
    "Discharging power (MW)": {
      "time period 1": 0.0,
      "time period 2": 0.0,
      "time period 3": 0.0,
      "time period 4": 0.0,
      "time period 5": 0.0,
      "time period 6": 0.0,
      "time period 7": 0.0,
      "time period 8": 0.0,
      "time period 9": 0.0,
      "time period 10": 0.0,
      "time period 11": 0.0,
      "time period 12": 0.0,
      "time period 13": 30.0,
      "time period 14": 0.0,
      "time period 15": 0.0,
      "time period 16": 0.0,
      "time period 17": 0.0,
      "time period 18": 21.675,
      "time period 19": 0.0,
      "time period 20": 0.0,
      "time period 21": 10.799999999999997,
      "time period 22": 30.0,
      "time period 23": 0.0,
      "time period 24": 0.0,
      "time period 25": 0.0,
      "time period 26": 10.799999999999997,
      "time period 27": 30.0,
      "time period 28": 0.0,
      "time period 29": 0.0,
      "time period 30": 0.0,
      "time period 31": 0.0,
      "time period 32": 0.0,
      "time period 33": 0.0,
      "time period 34": 0.0,
      "time period 35": 10.799999999999997,
      "time period 36": 30.0,
      "time period 37": 0.0,
      "time period 38": 0.0,
      "time period 39": 0.0,
      "time period 40": 0.0,
      "time period 41": 0.0,
      "time period 42": 30.0,
      "time period 43": 0.0,
      "time period 44": 0.0,
      "time period 45": 10.799999999999997,
      "time period 46": 0.0,
      "time period 47": 30.0,
      "time period 48": 0.0
    },
    "Charging power (MW)": {
      "time period 1": 0.0,
      "time period 2": 0.0,
      "time period 3": 0.0,
      "time period 4": 0.0,
      "time period 5": 30.0,
      "time period 6": 26.47058823529412,
      "time period 7": 0.0,
      "time period 8": 0.0,
      "time period 9": 0.0,
      "time period 10": 0.0,
      "time period 11": 0.0,
      "time period 12": 0.0,
      "time period 13": 0.0,
      "time period 14": 0.0,
      "time period 15": 0.0,
      "time period 16": 30.0,
      "time period 17": 11.522491349480973,
      "time period 18": 0.0,
      "time period 19": 0.0,
      "time period 20": 30.0,
      "time period 21": 0.0,
      "time period 22": 0.0,
      "time period 23": 30.0,
      "time period 24": 26.47058823529412,
      "time period 25": 0.0,
      "time period 26": 0.0,
      "time period 27": 0.0,
      "time period 28": 0.0,
      "time period 29": 30.0,
      "time period 30": 26.47058823529412,
      "time period 31": 0.0,
      "time period 32": 0.0,
      "time period 33": 0.0,
      "time period 34": 0.0,
      "time period 35": 0.0,
      "time period 36": 0.0,
      "time period 37": 0.0,
      "time period 38": 30.0,
      "time period 39": 11.522491349480973,
      "time period 40": 0.0,
      "time period 41": 0.0,
      "time period 42": 0.0,
      "time period 43": 26.47058823529412,
      "time period 44": 30.0,
      "time period 45": 0.0,
      "time period 46": 0.0,
      "time period 47": 0.0,
      "time period 48": 0.0
    },
    "Net discharging power (MW)": {
      "time period 1": 0.0,
      "time period 2": 0.0,
      "time period 3": 0.0,
      "time period 4": 0.0,
      "time period 5": -30.0,
      "time period 6": -26.47058823529412,
      "time period 7": 0.0,
      "time period 8": 0.0,
      "time period 9": 0.0,
      "time period 10": 0.0,
      "time period 11": 0.0,
      "time period 12": 0.0,
      "time period 13": 30.0,
      "time period 14": 0.0,
      "time period 15": 0.0,
      "time period 16": -30.0,
      "time period 17": -11.522491349480973,
      "time period 18": 21.675,
      "time period 19": 0.0,
      "time period 20": -30.0,
      "time period 21": 10.799999999999997,
      "time period 22": 30.0,
      "time period 23": -30.0,
      "time period 24": -26.47058823529412,
      "time period 25": 0.0,
      "time period 26": 10.799999999999997,
      "time period 27": 30.0,
      "time period 28": 0.0,
      "time period 29": -30.0,
      "time period 30": -26.47058823529412,
      "time period 31": 0.0,
      "time period 32": 0.0,
      "time period 33": 0.0,
      "time period 34": 0.0,
      "time period 35": 10.799999999999997,
      "time period 36": 30.0,
      "time period 37": 0.0,
      "time period 38": -30.0,
      "time period 39": -11.522491349480973,
      "time period 40": 0.0,
      "time period 41": 0.0,
      "time period 42": 30.0,
      "time period 43": -26.47058823529412,
      "time period 44": -30.0,
      "time period 45": 10.799999999999997,
      "time period 46": 0.0,
      "time period 47": 30.0,
      "time period 48": 0.0
    },
    "Stored energy (MWh)": {
      "time period 1": 0.0,
      "time period 2": 0.0,
      "time period 3": 0.0,
      "time period 4": 0.0,
      "time period 5": 12.75,
      "time period 6": 24.0,
      "time period 7": 24.0,
      "time period 8": 24.0,
      "time period 9": 24.0,
      "time period 10": 24.0,
      "time period 11": 24.0,
      "time period 12": 24.0,
      "time period 13": 6.352941176470587,
      "time period 14": 6.352941176470587,
      "time period 15": 6.352941176470587,
      "time period 16": 19.102941176470587,
      "time period 17": 24.0,
      "time period 18": 11.25,
      "time period 19": 11.25,
      "time period 20": 24.0,
      "time period 21": 17.647058823529413,
      "time period 22": 0.0,
      "time period 23": 12.75,
      "time period 24": 24.0,
      "time period 25": 24.0,
      "time period 26": 17.647058823529413,
      "time period 27": 0.0,
      "time period 28": 0.0,
      "time period 29": 12.75,
      "time period 30": 24.0,
      "time period 31": 24.0,
      "time period 32": 24.0,
      "time period 33": 24.0,
      "time period 34": 24.0,
      "time period 35": 17.647058823529413,
      "time period 36": 0.0,
      "time period 37": 0.0,
      "time period 38": 12.75,
      "time period 39": 17.647058823529413,
      "time period 40": 17.647058823529413,
      "time period 41": 17.647058823529413,
      "time period 42": 0.0,
      "time period 43": 11.25,
      "time period 44": 24.0,
      "time period 45": 17.647058823529413,
      "time period 46": 17.647058823529413,
      "time period 47": 0.0,
      "time period 48": 0.0
    },
    "Final energy (MWh)": 0.0,
    "Hourly average cost ($)": {
      "time period 1": 0.0,
      "time period 2": 0.0,
      "time period 3": 0.0,
      "time period 4": 0.0,
      "time period 5": 3020.516519819253,
      "time period 6": 2747.415051287195,
      "time period 7": 0.0,
      "time period 8": 0.0,
      "time period 9": 0.0,
      "time period 10": 0.0,
      "time period 11": 0.0,
      "time period 12": 0.0,
      "time period 13": 0.0,
      "time period 14": 0.0,
      "time period 15": 0.0,
      "time period 16": 3756.2242460861203,
      "time period 17": 2091.9223189288086,
      "time period 18": 0.0,
      "time period 19": 0.0,
      "time period 20": 4344.876520980835,
      "time period 21": 0.0,
      "time period 22": 0.0,
      "time period 23": 3807.5267740859986,
      "time period 24": 4297.614316096588,
      "time period 25": 0.0,
      "time period 26": 0.0,
      "time period 27": 0.0,
      "time period 28": 0.0,
      "time period 29": 3882.4049041643148,
      "time period 30": 3461.7241123892277,
      "time period 31": 0.0,
      "time period 32": 0.0,
      "time period 33": 0.0,
      "time period 34": 0.0,
      "time period 35": 0.0,
      "time period 36": 0.0,
      "time period 37": 0.0,
      "time period 38": 4702.979432167053,
      "time period 39": 2106.666095139012,
      "time period 40": 0.0,
      "time period 41": 0.0,
      "time period 42": 0.0,
      "time period 43": 3975.6041813926136,
      "time period 44": 4294.265249670982,
      "time period 45": 0.0,
      "time period 46": 0.0,
      "time period 47": 0.0,
      "time period 48": 0.0
    },
    "Hourly average revenue ($)": {
      "time period 1": 0.0,
      "time period 2": 0.0,