{
  "Storage unit 1": {
    "Discharging power (MW)": {
      "time period 1": 30.0,
      "time period 2": 0.0,
      "time period 3": 0.0,
      "time period 4": 0.0,
      "time period 5": 0.0,
      "time period 6": 21.675,
      "time period 7": 0.0,
      "time period 8": 0.0,
      "time period 9": 10.799999999999997,
      "time period 10": 30.0,
      "time period 11": 0.0,
      "time period 12": 0.0,
      "time period 13": 0.0,
      "time period 14": 10.799999999999997,
      "time period 15": 30.0,
      "time period 16": 0.0,
      "time period 17": 0.0,
      "time period 18": 0.0,
      "time period 19": 0.0,
      "time period 20": 0.0,
      "time period 21": 0.0,
      "time period 22": 0.0,
      "time period 23": 10.799999999999997,
      "time period 24": 30.0,
      "time period 25": 0.0,
      "time period 26": 0.0,
      "time period 27": 0.0,
      "time period 28": 0.0,
      "time period 29": 10.799999999999997,
      "time period 30": 30.0,
      "time period 31": 0.0,
      "time period 32": 0.0,
      "time period 33": 30.0,
      "time period 34": 0.0,
      "time period 35": 10.799999999999997,
      "time period 36": 0.0
    },
    "Charging power (MW)": {
      "time period 1": 0.0,
      "time period 2": 0.0,
      "time period 3": 0.0,
      "time period 4": 30.0,
      "time period 5": 11.522491349480973,
      "time period 6": 0.0,
      "time period 7": 0.0,
      "time period 8": 30.0,
      "time period 9": 0.0,
      "time period 10": 0.0,
      "time period 11": 30.0,
      "time period 12": 26.47058823529412,
      "time period 13": 0.0,
      "time period 14": 0.0,
      "time period 15": 0.0,
      "time period 16": 0.0,
      "time period 17": 30.0,
      "time period 18": 26.47058823529412,
      "time period 19": 0.0,
      "time period 20": 0.0,
      "time period 21": 0.0,
      "time period 22": 0.0,
      "time period 23": 0.0,
      "time period 24": 0.0,
      "time period 25": 0.0,
      "time period 26": 30.0,
      "time period 27": 26.47058823529412,
      "time period 28": 0.0,
      "time period 29": 0.0,
      "time period 30": 0.0,
      "time period 31": 30.0,
      "time period 32": 26.47058823529412,
      "time period 33": 0.0,
      "time period 34": 0.0,
      "time period 35": 0.0,
      "time period 36": 0.0
    },
    "Net discharging power (MW)": {
      "time period 1": 30.0,
      "time period 2": 0.0,
      "time period 3": 0.0,
      "time period 4": -30.0,
      "time period 5": -11.522491349480973,
      "time period 6": 21.675,
      "time period 7": 0.0,
      "time period 8": -30.0,
      "time period 9": 10.799999999999997,
      "time period 10": 30.0,
      "time period 11": -30.0,
      "time period 12": -26.47058823529412,
      "time period 13": 0.0,
      "time period 14": 10.799999999999997,
      "time period 15": 30.0,
      "time period 16": 0.0,
      "time period 17": -30.0,
      "time period 18": -26.47058823529412,
      "time period 19": 0.0,
      "time period 20": 0.0,
      "time period 21": 0.0,
      "time period 22": 0.0,
      "time period 23": 10.799999999999997,
      "time period 24": 30.0,
      "time period 25": 0.0,
      "time period 26": -30.0,
      "time period 27": -26.47058823529412,
      "time period 28": 0.0,
      "time period 29": 10.799999999999997,
      "time period 30": 30.0,
      "time period 31": -30.0,
      "time period 32": -26.47058823529412,
      "time period 33": 30.0,
      "time period 34": 0.0,
      "time period 35": 10.799999999999997,
      "time period 36": 0.0
    },
    "Stored energy (MWh)": {
      "time period 1": 6.352941176470587,
      "time period 2": 6.352941176470587,
      "time period 3": 6.352941176470587,
      "time period 4": 19.102941176470587,
      "time period 5": 24.0,
      "time period 6": 11.25,
      "time period 7": 11.25,
      "time period 8": 24.0,
      "time period 9": 17.647058823529413,
      "time period 10": 0.0,
      "time period 11": 12.75,
      "time period 12": 24.0,
      "time period 13": 24.0,
      "time period 14": 17.647058823529413,
      "time period 15": 0.0,
      "time period 16": 0.0,
      "time period 17": 12.75,
      "time period 18": 24.0,
      "time period 19": 24.0,
      "time period 20": 24.0,
      "time period 21": 24.0,
      "time period 22": 24.0,
      "time period 23": 17.647058823529413,
      "time period 24": 0.0,
      "time period 25": 0.0,
      "time period 26": 12.75,
      "time period 27": 24.0,
      "time period 28": 24.0,
      "time period 29": 17.647058823529413,
      "time period 30": 0.0,
      "time period 31": 12.75,
      "time period 32": 24.0,
      "time period 33": 6.352941176470587,
      "time period 34": 6.352941176470587,
      "time period 35": 0.0,
      "time period 36": 0.0
    },
    "Final energy (MWh)": 0.0,
    "Hourly average cost ($)": {
      "time period 1": 0.0,
      "time period 2": 0.0,
      "time period 3": 0.0,
      "time period 4": 3015.909609757415,
      "time period 5": 1833.2731269894016,
      "time period 6": 0.0,
      "time period 7": 0.0,
      "time period 8": 4051.9376692428596,
      "time period 9": 0.0,
      "time period 10": 0.0,
      "time period 11": 4039.769055460146,
      "time period 12": 4425.804659389882,
      "time period 13": 0.0,
      "time period 14": 0.0,
      "time period 15": 0.0,
      "time period 16": 0.0,
      "time period 17": 3646.5364880218517,
      "time period 18": 3593.820820245183,
      "time period 19": 0.0,
      "time period 20": 0.0,
      "time period 21": 0.0,
      "time period 22": 0.0,
      "time period 23": 0.0,
      "time period 24": 0.0,
      "time period 25": 0.0,
      "time period 26": 4761.212775672912,
      "time period 27": 4818.616271297229,
      "time period 28": 0.0,
      "time period 29": 0.0,
      "time period 30": 0.0,
      "time period 31": 4170.212558163643,
      "time period 32": 3974.4642226182705,
      "time period 33": 0.0,
      "time period 34": 0.0,
      "time period 35": 0.0,
      "time period 36": 0.0
    },
    "Hourly average revenue ($)": {
      "time period 1": 7334.241692284308,
      "time period 2": 0.0,
      "time period 3": 0.0,
      "time period 4": 0.0,
      "time period 5": 0.0,
      "time period 6": 5244.509774495664,
      "time period 7": 0.0,
      "time period 8": 0.0,
      "time period 9": 2847.3980085334374,
      "time period 10": 8531.08753124332,
      "time period 11": 0.0,
      "time period 12": 0.0,
      "time period 13": 0.0,
      "time period 14": 3031.8056644125354,
      "time period 15": 8493.159510292055,
      "time period 16": 0.0,
      "time period 17": 0.0,
      "time period 18": 0.0,
      "time period 19": 0.0,
      "time period 20": 0.0,
      "time period 21": 0.0,
      "time period 22": 0.0,
      "time period 23": 3239.3256386709577,
      "time period 24": 9937.029558242803,
      "time period 25": 0.0,
      "time period 26": 0.0,
      "time period 27": 0.0,
      "time period 28": 0.0,
      "time period 29": 2826.829765499153,
      "time period 30": 9137.287327374457,
      "time period 31": 0.0,
      "time period 32": 0.0,
      "time period 33": 8674.389264930724,
      "time period 34": 0.0,
      "time period 35": 2915.1725313911807,
      "time period 36": 0.0
    },
    "Total average cost ($)": 42331.557256858796,
    "Total average revenue ($)": 72212.23626737058,
    "Total average profit ($)": 29880.679010511783
  }
}
