{
  "Storage unit 1": {
    "Discharging power (MW)": {
      "time period 1": 0.0,
      "time period 2": 0.0,
      "time period 3": 0.0,
      "time period 4": 0.0,
      "time period 5": 21.675,
      "time period 6": 0.0,
      "time period 7": 0.0,
      "time period 8": 10.799999999999997,
      "time period 9": 30.0,
      "time period 10": 0.0,
      "time period 11": 0.0,
      "time period 12": 0.0,
      "time period 13": 30.0,
      "time period 14": 10.799999999999997,
      "time period 15": 0.0,
      "time period 16": 0.0,
      "time period 17": 0.0,
      "time period 18": 0.0,
      "time period 19": 0.0,
      "time period 20": 0.0,
      "time period 21": 0.0,
      "time period 22": 10.799999999999997,
      "time period 23": 30.0,
      "time period 24": 0.0,
      "time period 25": 0.0,
      "time period 26": 0.0,
      "time period 27": 0.0,
      "time period 28": 10.799999999999997,
      "time period 29": 30.0,
      "time period 30": 0.0,
      "time period 31": 0.0,
      "time period 32": 30.0,
      "time period 33": 0.0,
      "time period 34": 10.799999999999997,
      "time period 35": 0.0
    },
    "Charging power (MW)": {
      "time period 1": 0.0,
      "time period 2": 0.0,
      "time period 3": 30.0,
      "time period 4": 11.522491349480973,
      "time period 5": 0.0,
      "time period 6": 0.0,
      "time period 7": 30.0,
      "time period 8": 0.0,
      "time period 9": 0.0,
      "time period 10": 30.0,
      "time period 11": 26.47058823529412,
      "time period 12": 0.0,
      "time period 13": 0.0,
      "time period 14": 0.0,
      "time period 15": 0.0,
      "time period 16": 30.0,
      "time period 17": 26.47058823529412,
      "time period 18": 0.0,
      "time period 19": 0.0,
      "time period 20": 0.0,
      "time period 21": 0.0,
      "time period 22": 0.0,
      "time period 23": 0.0,
      "time period 24": 0.0,
      "time period 25": 30.0,
      "time period 26": 26.47058823529412,
      "time period 27": 0.0,
      "time period 28": 0.0,
      "time period 29": 0.0,
      "time period 30": 30.0,
      "time period 31": 26.47058823529412,
      "time period 32": 0.0,
      "time period 33": 0.0,
      "time period 34": 0.0,
      "time period 35": 0.0
    },
    "Net discharging power (MW)": {
      "time period 1": 0.0,
      "time period 2": 0.0,
      "time period 3": -30.0,
      "time period 4": -11.522491349480973,
      "time period 5": 21.675,
      "time period 6": 0.0,
      "time period 7": -30.0,
      "time period 8": 10.799999999999997,
      "time period 9": 30.0,
      "time period 10": -30.0,
      "time period 11": -26.47058823529412,
      "time period 12": 0.0,
      "time period 13": 30.0,
      "time period 14": 10.799999999999997,
      "time period 15": 0.0,
      "time period 16": -30.0,
      "time period 17": -26.47058823529412,
      "time period 18": 0.0,
      "time period 19": 0.0,
      "time period 20": 0.0,
      "time period 21": 0.0,
      "time period 22": 10.799999999999997,
      "time period 23": 30.0,
      "time period 24": 0.0,
      "time period 25": -30.0,
      "time period 26": -26.47058823529412,
      "time period 27": 0.0,
      "time period 28": 10.799999999999997,
      "time period 29": 30.0,
      "time period 30": -30.0,
      "time period 31": -26.47058823529412,
      "time period 32": 30.0,
      "time period 33": 0.0,
      "time period 34": 10.799999999999997,
      "time period 35": 0.0
    },
    "Stored energy (MWh)": {
      "time period 1": 6.352941176470587,
      "time period 2": 6.352941176470587,
      "time period 3": 19.102941176470587,
      "time period 4": 24.0,
      "time period 5": 11.25,
      "time period 6": 11.25,
      "time period 7": 24.0,
      "time period 8": 17.647058823529413,
      "time period 9": 0.0,
      "time period 10": 12.75,
      "time period 11": 24.0,
      "time period 12": 24.0,
      "time period 13": 6.352941176470587,
      "time period 14": 0.0,
      "time period 15": 0.0,
      "time period 16": 12.75,
      "time period 17": 24.0,
      "time period 18": 24.0,
      "time period 19": 24.0,
      "time period 20": 24.0,
      "time period 21": 24.0,
      "time period 22": 17.647058823529413,
      "time period 23": 0.0,
      "time period 24": 0.0,
      "time period 25": 12.75,
      "time period 26": 24.0,
      "time period 27": 24.0,
      "time period 28": 17.647058823529413,
      "time period 29": 0.0,
      "time period 30": 12.75,
      "time period 31": 24.0,
      "time period 32": 6.352941176470587,
      "time period 33": 6.352941176470587,
      "time period 34": 0.0,
      "time period 35": 0.0
    },
    "Final energy (MWh)": 0.0,
    "Hourly average cost ($)": {
      "time period 1": 0.0,
      "time period 2": 0.0,
      "time period 3": 3029.8580932971395,
      "time period 4": 1830.120991982953,
      "time period 5": 0.0,
      "time period 6": 0.0,
      "time period 7": 3993.7901892290047,
      "time period 8": 0.0,
      "time period 9": 0.0,
      "time period 10": 3922.1875312433176,
      "time period 11": 4456.296225406012,
      "time period 12": 0.0,
      "time period 13": 0.0,
      "time period 14": 0.0,
      "time period 15": 0.0,
      "time period 16": 3705.2242460861207,
      "time period 17": 3513.7380776663394,
      "time period 18": 0.0,
      "time period 19": 0.0,
      "time period 20": 0.0,
      "time period 21": 0.0,
      "time period 22": 0.0,
      "time period 23": 0.0,
      "time period 24": 0.0,
      "time period 25": 4763.2579636230475,
      "time period 26": 4614.275978534922,
      "time period 27": 0.0,
      "time period 28": 0.0,
      "time period 29": 0.0,
      "time period 30": 4153.687327374459,
      "time period 31": 3713.2169630855656,
      "time period 32": 0.0,
      "time period 33": 0.0,
      "time period 34": 0.0,
      "time period 35": 0.0
    },
    "Hourly average revenue ($)": {
      "time period 1": 0.0,
      "time period 2": 0.0,
      "time period 3": 0.0,
      "time period 4": 0.0,
      "time period 5": 5012.427935569408,
      "time period 6": 0.0,
      "time period 7": 0.0,
      "time period 8": 2795.521560927429,
      "time period 9": 8202.538912592881,
      "time period 10": 0.0,
      "time period 11": 0.0,
      "time period 12": 0.0,
      "time period 13": 8666.03699308777,
      "time period 14": 3075.6536644125345,
      "time period 15": 0.0,
      "time period 16": 0.0,
      "time period 17": 0.0,
      "time period 18": 0.0,
      "time period 19": 0.0,
      "time period 20": 0.0,
      "time period 21": 0.0,
      "time period 22": 3228.156624526061,
      "time period 23": 9884.626774085998,
      "time period 24": 0.0,
      "time period 25": 0.0,
      "time period 26": 0.0,
      "time period 27": 0.0,
      "time period 28": 2734.8887241430657,
      "time period 29": 9432.104904164311,
      "time period 30": 0.0,
      "time period 31": 0.0,
      "time period 32": 9015.492785634042,
      "time period 33": 0.0,
      "time period 34": 3020.3226343679808,
      "time period 35": 0.0
    },
    "Total average cost ($)": 41695.653587528876,
    "Total average revenue ($)": 65067.771513511485,
    "Total average profit ($)": 23372.11792598261
  }
}
