{
  "Storage unit 1": {
    "Discharging power (MW)": {
      "time period 1": 0.0,
      "time period 2": 0.0,
      "time period 3": 0.0,
      "time period 4": 21.675,
      "time period 5": 0.0,
      "time period 6": 0.0,
      "time period 7": 10.799999999999997,
      "time period 8": 30.0,
      "time period 9": 0.0,
      "time period 10": 0.0,
      "time period 11": 0.0,
      "time period 12": 10.799999999999997,
      "time period 13": 30.0,
      "time period 14": 0.0,
      "time period 15": 0.0,
      "time period 16": 0.0,
      "time period 17": 0.0,
      "time period 18": 0.0,
      "time period 19": 0.0,
      "time period 20": 0.0,
      "time period 21": 10.799999999999997,
      "time period 22": 30.0,
      "time period 23": 0.0,
      "time period 24": 0.0,
      "time period 25": 0.0,
      "time period 26": 0.0,
      "time period 27": 10.799999999999997,
      "time period 28": 30.0,
      "time period 29": 0.0,
      "time period 30": 0.0,
      "time period 31": 30.0,
      "time period 32": 0.0,
      "time period 33": 10.799999999999997,
      "time period 34": 0.0
    },
    "Charging power (MW)": {
      "time period 1": 0.0,
      "time period 2": 30.0,
      "time period 3": 11.522491349480973,
      "time period 4": 0.0,
      "time period 5": 0.0,
      "time period 6": 30.0,
      "time period 7": 0.0,
      "time period 8": 0.0,
      "time period 9": 30.0,
      "time period 10": 26.47058823529412,
      "time period 11": 0.0,
      "time period 12": 0.0,
      "time period 13": 0.0,
      "time period 14": 0.0,
      "time period 15": 30.0,
      "time period 16": 26.47058823529412,
      "time period 17": 0.0,
      "time period 18": 0.0,
      "time period 19": 0.0,
      "time period 20": 0.0,
      "time period 21": 0.0,
      "time period 22": 0.0,
      "time period 23": 0.0,
      "time period 24": 30.0,
      "time period 25": 26.47058823529412,
      "time period 26": 0.0,
      "time period 27": 0.0,
      "time period 28": 0.0,
      "time period 29": 26.47058823529412,
      "time period 30": 30.0,
      "time period 31": 0.0,
      "time period 32": 0.0,
      "time period 33": 0.0,
      "time period 34": 0.0
    },
    "Net discharging power (MW)": {
      "time period 1": 0.0,
      "time period 2": -30.0,
      "time period 3": -11.522491349480973,
      "time period 4": 21.675,
      "time period 5": 0.0,
      "time period 6": -30.0,
      "time period 7": 10.799999999999997,
      "time period 8": 30.0,
      "time period 9": -30.0,
      "time period 10": -26.47058823529412,
      "time period 11": 0.0,
      "time period 12": 10.799999999999997,
      "time period 13": 30.0,
      "time period 14": 0.0,
      "time period 15": -30.0,
      "time period 16": -26.47058823529412,
      "time period 17": 0.0,
      "time period 18": 0.0,
      "time period 19": 0.0,
      "time period 20": 0.0,
      "time period 21": 10.799999999999997,
      "time period 22": 30.0,
      "time period 23": 0.0,
      "time period 24": -30.0,
      "time period 25": -26.47058823529412,
      "time period 26": 0.0,
      "time period 27": 10.799999999999997,
      "time period 28": 30.0,
      "time period 29": -26.47058823529412,
      "time period 30": -30.0,
      "time period 31": 30.0,
      "time period 32": 0.0,
      "time period 33": 10.799999999999997,
      "time period 34": 0.0
    },
    "Stored energy (MWh)": {
      "time period 1": 6.352941176470587,
      "time period 2": 19.102941176470587,
      "time period 3": 24.0,
      "time period 4": 11.25,
      "time period 5": 11.25,
      "time period 6": 24.0,
      "time period 7": 17.647058823529413,
      "time period 8": 0.0,
      "time period 9": 12.75,
      "time period 10": 24.0,
      "time period 11": 24.0,
      "time period 12": 17.647058823529413,
      "time period 13": 0.0,
      "time period 14": 0.0,
      "time period 15": 12.75,
      "time period 16": 24.0,
      "time period 17": 24.0,
      "time period 18": 24.0,
      "time period 19": 24.0,
      "time period 20": 24.0,
      "time period 21": 17.647058823529413,
      "time period 22": 0.0,
      "time period 23": 0.0,
      "time period 24": 12.75,
      "time period 25": 24.0,
      "time period 26": 24.0,
      "time period 27": 17.647058823529413,
      "time period 28": 0.0,
      "time period 29": 11.25,
      "time period 30": 24.0,
      "time period 31": 6.352941176470587,
      "time period 32": 6.352941176470587,
      "time period 33": 0.0,
      "time period 34": 0.0
    },
    "Final energy (MWh)": 0.0,
    "Hourly average cost ($)": {
      "time period 1": 0.0,
      "time period 2": 2967.895119346619,
      "time period 3": 1835.4783680137816,
      "time period 4": 0.0,
      "time period 5": 0.0,
      "time period 6": 4044.337058125489,
      "time period 7": 0.0,
      "time period 8": 0.0,
      "time period 9": 3593.63891259288,
      "time period 10": 4352.547821685281,
      "time period 11": 0.0,
      "time period 12": 0.0,
      "time period 13": 0.0,
      "time period 14": 0.0,
      "time period 15": 3762.1595102920523,
      "time period 16": 3565.5213936054,
      "time period 17": 0.0,
      "time period 18": 0.0,
      "time period 19": 0.0,
      "time period 20": 0.0,
      "time period 21": 0.0,
      "time period 22": 0.0,
      "time period 23": 0.0,
      "time period 24": 4801.329558242797,
      "time period 25": 4616.080556137984,
      "time period 26": 0.0,
      "time period 27": 0.0,
      "time period 28": 0.0,
      "time period 29": 3925.151386027336,
      "time period 30": 4191.787327374458,
      "time period 31": 0.0,
      "time period 32": 0.0,
      "time period 33": 0.0,
      "time period 34": 0.0
    },
    "Hourly average revenue ($)": {
      "time period 1": 0.0,
      "time period 2": 0.0,
      "time period 3": 0.0,
      "time period 4": 5006.498443049733,
      "time period 5": 0.0,
      "time period 6": 0.0,
      "time period 7": 2774.588468122441,
      "time period 8": 8058.437669242859,
      "time period 9": 0.0,
      "time period 10": 0.0,
      "time period 11": 0.0,
      "time period 12": 3048.052301031069,
      "time period 13": 8787.836993087762,
      "time period 14": 0.0,
      "time period 15": 0.0,
      "time period 16": 0.0,
      "time period 17": 0.0,
      "time period 18": 0.0,
      "time period 19": 0.0,
      "time period 20": 0.0,
      "time period 21": 3241.047944800415,
      "time period 22": 9853.60173479462,
      "time period 23": 0.0,
      "time period 24": 0.0,
      "time period 25": 0.0,
      "time period 26": 0.0,
      "time period 27": 2834.5314386892683,
      "time period 28": 9176.71312261963,
      "time period 29": 0.0,
      "time period 30": 0.0,
      "time period 31": 8719.412558163642,
      "time period 32": 0.0,
      "time period 33": 3022.6641353750615,
      "time period 34": 0.0
    },
    "Total average cost ($)": 41655.92701144407,
    "Total average revenue ($)": 64523.3848089765,
    "Total average profit ($)": 22867.45779753243
  }
}
