{
  "Storage unit 1": {
    "Discharging power (MW)": {
      "time period 1": 0.0,
      "time period 2": 0.0,
      "time period 3": 21.675,
      "time period 4": 0.0,
      "time period 5": 0.0,
      "time period 6": 10.799999999999997,
      "time period 7": 30.0,
      "time period 8": 0.0,
      "time period 9": 0.0,
      "time period 10": 0.0,
      "time period 11": 10.799999999999997,
      "time period 12": 30.0,
      "time period 13": 0.0,
      "time period 14": 0.0,
      "time period 15": 0.0,
      "time period 16": 0.0,
      "time period 17": 0.0,
      "time period 18": 0.0,
      "time period 19": 0.0,
      "time period 20": 10.799999999999997,
      "time period 21": 30.0,
      "time period 22": 0.0,
      "time period 23": 0.0,
      "time period 24": 0.0,
      "time period 25": 0.0,
      "time period 26": 10.799999999999997,
      "time period 27": 30.0,
      "time period 28": 0.0,
      "time period 29": 0.0,
      "time period 30": 10.799999999999997,
      "time period 31": 0.0,
      "time period 32": 30.0,
      "time period 33": 0.0
    },
    "Charging power (MW)": {
      "time period 1": 30.0,
      "time period 2": 11.522491349480973,
      "time period 3": 0.0,
      "time period 4": 0.0,
      "time period 5": 30.0,
      "time period 6": 0.0,
      "time period 7": 0.0,
      "time period 8": 30.0,
      "time period 9": 26.47058823529412,
      "time period 10": 0.0,
      "time period 11": 0.0,
      "time period 12": 0.0,
      "time period 13": 0.0,
      "time period 14": 30.0,
      "time period 15": 26.47058823529412,
      "time period 16": 0.0,
      "time period 17": 0.0,
      "time period 18": 0.0,
      "time period 19": 0.0,
      "time period 20": 0.0,
      "time period 21": 0.0,
      "time period 22": 0.0,
      "time period 23": 30.0,
      "time period 24": 26.47058823529412,
      "time period 25": 0.0,
      "time period 26": 0.0,
      "time period 27": 0.0,
      "time period 28": 30.0,
      "time period 29": 26.47058823529412,
      "time period 30": 0.0,
      "time period 31": 0.0,
      "time period 32": 0.0,
      "time period 33": 0.0
    },
    "Net discharging power (MW)": {
      "time period 1": -30.0,
      "time period 2": -11.522491349480973,
      "time period 3": 21.675,
      "time period 4": 0.0,
      "time period 5": -30.0,
      "time period 6": 10.799999999999997,
      "time period 7": 30.0,
      "time period 8": -30.0,
      "time period 9": -26.47058823529412,
      "time period 10": 0.0,
      "time period 11": 10.799999999999997,
      "time period 12": 30.0,
      "time period 13": 0.0,
      "time period 14": -30.0,
      "time period 15": -26.47058823529412,
      "time period 16": 0.0,
      "time period 17": 0.0,
      "time period 18": 0.0,
      "time period 19": 0.0,
      "time period 20": 10.799999999999997,
      "time period 21": 30.0,
      "time period 22": 0.0,
      "time period 23": -30.0,
      "time period 24": -26.47058823529412,
      "time period 25": 0.0,
      "time period 26": 10.799999999999997,
      "time period 27": 30.0,
      "time period 28": -30.0,
      "time period 29": -26.47058823529412,
      "time period 30": 10.799999999999997,
      "time period 31": 0.0,
      "time period 32": 30.0,
      "time period 33": 0.0
    },
    "Stored energy (MWh)": {
      "time period 1": 19.102941176470587,
      "time period 2": 24.0,
      "time period 3": 11.25,
      "time period 4": 11.25,
      "time period 5": 24.0,
      "time period 6": 17.647058823529413,
      "time period 7": 0.0,
      "time period 8": 12.75,
      "time period 9": 24.0,
      "time period 10": 24.0,
      "time period 11": 17.647058823529413,
      "time period 12": 0.0,
      "time period 13": 0.0,
      "time period 14": 12.75,
      "time period 15": 24.0,
      "time period 16": 24.0,
      "time period 17": 24.0,
      "time period 18": 24.0,
      "time period 19": 24.0,
      "time period 20": 17.647058823529413,
      "time period 21": 0.0,
      "time period 22": 0.0,
      "time period 23": 12.75,
      "time period 24": 24.0,
      "time period 25": 24.0,
      "time period 26": 17.647058823529413,
      "time period 27": 0.0,
      "time period 28": 12.75,
      "time period 29": 24.0,
      "time period 30": 17.647058823529413,
      "time period 31": 17.647058823529413,
      "time period 32": 0.0,
      "time period 33": 0.0
    },
    "Final energy (MWh)": 0.0,
    "Hourly average cost ($)": {
      "time period 1": 3029.241692284309,
      "time period 2": 1811.679440302681,
      "time period 3": 0.0,
      "time period 4": 0.0,
      "time period 5": 3723.116519819252,
      "time period 6": 0.0,
      "time period 7": 0.0,
      "time period 8": 3449.5376692428595,
      "time period 9": 4062.651981699601,
      "time period 10": 0.0,
      "time period 11": 0.0,
      "time period 12": 0.0,
      "time period 13": 0.0,
      "time period 14": 3812.4824011459377,
      "time period 15": 3615.758391434165,
      "time period 16": 0.0,
      "time period 17": 0.0,
      "time period 18": 0.0,
      "time period 19": 0.0,
      "time period 20": 0.0,
      "time period 21": 0.0,
      "time period 22": 0.0,
      "time period 23": 4748.926774085996,
      "time period 24": 4649.673139625999,
      "time period 25": 0.0,
      "time period 26": 0.0,
      "time period 27": 0.0,
      "time period 28": 4193.113122619629,
      "time period 29": 3958.7690330861587,
      "time period 30": 0.0,
      "time period 31": 0.0,
      "time period 32": 0.0,
      "time period 33": 0.0
    },
    "Hourly average revenue ($)": {
      "time period 1": 0.0,
      "time period 2": 0.0,
      "time period 3": 5016.576222407183,
      "time period 4": 0.0,
      "time period 5": 0.0,
      "time period 6": 2792.785340925176,
      "time period 7": 8000.290189229005,
      "time period 8": 0.0,
      "time period 9": 0.0,
      "time period 10": 0.0,
      "time period 11": 3060.4928599656514,
      "time period 12": 8588.611947308535,
      "time period 13": 0.0,
      "time period 14": 0.0,
      "time period 15": 0.0,
      "time period 16": 0.0,
      "time period 17": 0.0,
      "time period 18": 0.0,
      "time period 19": 0.0,
      "time period 20": 3215.907547553099,
      "time period 21": 9889.410957778937,
      "time period 22": 0.0,
      "time period 23": 0.0,
      "time period 24": 0.0,
      "time period 25": 0.0,
      "time period 26": 2751.160599242249,
      "time period 27": 9453.498440803527,
      "time period 28": 0.0,
      "time period 29": 0.0,
      "time period 30": 3133.0394378548053,
      "time period 31": 0.0,
      "time period 32": 8737.392785634038,
      "time period 33": 0.0
    },
    "Total average cost ($)": 41054.950165346585,
    "Total average revenue ($)": 64639.1663287022,
    "Total average profit ($)": 23584.216163355617
  }
}
