{
  "Storage unit 1": {
    "Discharging power (MW)": {
      "time period 1": 30.0,
      "time period 2": 0.0,
      "time period 3": 0.0,
      "time period 4": 0.0,
      "time period 5": 10.799999999999997,
      "time period 6": 30.0,
      "time period 7": 0.0,
      "time period 8": 0.0,
      "time period 9": 0.0,
      "time period 10": 0.0,
      "time period 11": 0.0,
      "time period 12": 0.0,
      "time period 13": 0.0,
      "time period 14": 10.799999999999997,
      "time period 15": 30.0,
      "time period 16": 0.0,
      "time period 17": 0.0,
      "time period 18": 0.0,
      "time period 19": 0.0,
      "time period 20": 10.799999999999997,
      "time period 21": 30.0,
      "time period 22": 0.0,
      "time period 23": 0.0,
      "time period 24": 30.0,
      "time period 25": 0.0,
      "time period 26": 10.799999999999997,
      "time period 27": 0.0
    },
    "Charging power (MW)": {
      "time period 1": 0.0,
      "time period 2": 30.0,
      "time period 3": 26.47058823529412,
      "time period 4": 0.0,
      "time period 5": 0.0,
      "time period 6": 0.0,
      "time period 7": 0.0,
      "time period 8": 30.0,
      "time period 9": 26.47058823529412,
      "time period 10": 0.0,
      "time period 11": 0.0,
      "time period 12": 0.0,
      "time period 13": 0.0,
      "time period 14": 0.0,
      "time period 15": 0.0,
      "time period 16": 0.0,
      "time period 17": 30.0,
      "time period 18": 26.47058823529412,
      "time period 19": 0.0,
      "time period 20": 0.0,
      "time period 21": 0.0,
      "time period 22": 30.0,
      "time period 23": 26.47058823529412,
      "time period 24": 0.0,
      "time period 25": 0.0,
      "time period 26": 0.0,
      "time period 27": 0.0
    },
    "Net discharging power (MW)": {
      "time period 1": 30.0,
      "time period 2": -30.0,
      "time period 3": -26.47058823529412,
      "time period 4": 0.0,
      "time period 5": 10.799999999999997,
      "time period 6": 30.0,
      "time period 7": 0.0,
      "time period 8": -30.0,
      "time period 9": -26.47058823529412,
      "time period 10": 0.0,
      "time period 11": 0.0,
      "time period 12": 0.0,
      "time period 13": 0.0,
      "time period 14": 10.799999999999997,
      "time period 15": 30.0,
      "time period 16": 0.0,
      "time period 17": -30.0,
      "time period 18": -26.47058823529412,
      "time period 19": 0.0,
      "time period 20": 10.799999999999997,
      "time period 21": 30.0,
      "time period 22": -30.0,
      "time period 23": -26.47058823529412,
      "time period 24": 30.0,
      "time period 25": 0.0,
      "time period 26": 10.799999999999997,
      "time period 27": 0.0
    },
    "Stored energy (MWh)": {
      "time period 1": 0.0,
      "time period 2": 12.75,
      "time period 3": 24.0,
      "time period 4": 24.0,
      "time period 5": 17.647058823529413,
      "time period 6": 0.0,
      "time period 7": 0.0,
      "time period 8": 12.75,
      "time period 9": 24.0,
      "time period 10": 24.0,
      "time period 11": 24.0,
      "time period 12": 24.0,
      "time period 13": 24.0,
      "time period 14": 17.647058823529413,
      "time period 15": 0.0,
      "time period 16": 0.0,
      "time period 17": 12.75,
      "time period 18": 24.0,
      "time period 19": 24.0,
      "time period 20": 17.647058823529413,
      "time period 21": 0.0,
      "time period 22": 12.75,
      "time period 23": 24.0,
      "time period 24": 6.352941176470587,
      "time period 25": 6.352941176470587,
      "time period 26": 0.0,
      "time period 27": 0.0
    },
    "Final energy (MWh)": 0.0,
    "Hourly average cost ($)": {
      "time period 1": 0.0,
      "time period 2": 3064.495119346619,
      "time period 3": 3650.433611732772,
      "time period 4": 0.0,
      "time period 5": 0.0,
      "time period 6": 0.0,
      "time period 7": 0.0,
      "time period 8": 3301.9376692428614,
      "time period 9": 3336.828452287836,
      "time period 10": 0.0,
      "time period 11": 0.0,
      "time period 12": 0.0,
      "time period 13": 0.0,
      "time period 14": 0.0,
      "time period 15": 0.0,
      "time period 16": 0.0,
      "time period 17": 4735.53648802185,
      "time period 18": 4671.703173186359,
      "time period 19": 0.0,
      "time period 20": 0.0,
      "time period 21": 0.0,
      "time period 22": 4195.001734794612,
      "time period 23": 3762.4648006641187,
      "time period 24": 0.0,
      "time period 25": 0.0,
      "time period 26": 0.0,
      "time period 27": 0.0
    },
    "Hourly average revenue ($)": {
      "time period 1": 7734.741692284311,
      "time period 2": 0.0,
      "time period 3": 0.0,
      "time period 4": 0.0,
      "time period 5": 2729.6339471349297,
      "time period 6": 8025.3370581254885,
      "time period 7": 0.0,
      "time period 8": 0.0,
      "time period 9": 0.0,
      "time period 10": 0.0,
      "time period 11": 0.0,
      "time period 12": 0.0,
      "time period 13": 0.0,
      "time period 14": 3294.2456644125355,
      "time period 15": 9986.859510292054,
      "time period 16": 0.0,
      "time period 17": 0.0,
      "time period 18": 0.0,
      "time period 19": 0.0,
      "time period 20": 2723.3195475531,
      "time period 21": 9214.410957778931,
      "time period 22": 0.0,
      "time period 23": 0.0,
      "time period 24": 8827.629558242803,
      "time period 25": 0.0,
      "time period 26": 3063.388599242248,
      "time period 27": 0.0
    },
    "Total average cost ($)": 30718.40104927703,
    "Total average revenue ($)": 55599.5665350664,
    "Total average profit ($)": 24881.16548578937
  }
}
