{
  "Storage unit 1": {
    "Discharging power (MW)": {
      "time period 1": 10.799999999999997,
      "time period 2": 30.0,
      "time period 3": 0.0,
      "time period 4": 0.0,
      "time period 5": 0.0,
      "time period 6": 0.0,
      "time period 7": 0.0,
      "time period 8": 0.0,
      "time period 9": 0.0,
      "time period 10": 10.799999999999997,
      "time period 11": 30.0,
      "time period 12": 0.0,
      "time period 13": 0.0,
      "time period 14": 0.0,
      "time period 15": 0.0,
      "time period 16": 10.799999999999997,
      "time period 17": 30.0,
      "time period 18": 0.0,
      "time period 19": 0.0,
      "time period 20": 30.0,
      "time period 21": 0.0,
      "time period 22": 10.799999999999997,
      "time period 23": 0.0
    },
    "Charging power (MW)": {
      "time period 1": 0.0,
      "time period 2": 0.0,
      "time period 3": 0.0,
      "time period 4": 30.0,
      "time period 5": 26.47058823529412,
      "time period 6": 0.0,
      "time period 7": 0.0,
      "time period 8": 0.0,
      "time period 9": 0.0,
      "time period 10": 0.0,
      "time period 11": 0.0,
      "time period 12": 0.0,
      "time period 13": 30.0,
      "time period 14": 26.47058823529412,
      "time period 15": 0.0,
      "time period 16": 0.0,
      "time period 17": 0.0,
      "time period 18": 30.0,
      "time period 19": 26.47058823529412,
      "time period 20": 0.0,
      "time period 21": 0.0,
      "time period 22": 0.0,
      "time period 23": 0.0
    },
    "Net discharging power (MW)": {
      "time period 1": 10.799999999999997,
      "time period 2": 30.0,
      "time period 3": 0.0,
      "time period 4": -30.0,
      "time period 5": -26.47058823529412,
      "time period 6": 0.0,
      "time period 7": 0.0,
      "time period 8": 0.0,
      "time period 9": 0.0,
      "time period 10": 10.799999999999997,
      "time period 11": 30.0,
      "time period 12": 0.0,
      "time period 13": -30.0,
      "time period 14": -26.47058823529412,
      "time period 15": 0.0,
      "time period 16": 10.799999999999997,
      "time period 17": 30.0,
      "time period 18": -30.0,
      "time period 19": -26.47058823529412,
      "time period 20": 30.0,
      "time period 21": 0.0,
      "time period 22": 10.799999999999997,
      "time period 23": 0.0
    },
    "Stored energy (MWh)": {
      "time period 1": 17.647058823529413,
      "time period 2": 0.0,
      "time period 3": 0.0,
      "time period 4": 12.75,
      "time period 5": 24.0,
      "time period 6": 24.0,
      "time period 7": 24.0,
      "time period 8": 24.0,
      "time period 9": 24.0,
      "time period 10": 17.647058823529413,
      "time period 11": 0.0,
      "time period 12": 0.0,
      "time period 13": 12.75,
      "time period 14": 24.0,
      "time period 15": 24.0,
      "time period 16": 17.647058823529413,
      "time period 17": 0.0,
      "time period 18": 12.75,
      "time period 19": 24.0,
      "time period 20": 6.352941176470587,
      "time period 21": 6.352941176470587,
      "time period 22": 0.0,
      "time period 23": 0.0
    },
    "Final energy (MWh)": 0.0,
    "Hourly average cost ($)": {
      "time period 1": 0.0,
      "time period 2": 0.0,
      "time period 3": 0.0,
      "time period 4": 2964.909609757415,
      "time period 5": 2919.5439880758104,
      "time period 6": 0.0,
      "time period 7": 0.0,
      "time period 8": 0.0,
      "time period 9": 0.0,
      "time period 10": 0.0,
      "time period 11": 0.0,
      "time period 12": 0.0,
      "time period 13": 5145.836993087771,
      "time period 14": 4738.043295128766,
      "time period 15": 0.0,
      "time period 16": 0.0,
      "time period 17": 0.0,
      "time period 18": 4303.396929611207,
      "time period 19": 3830.5008946003636,
      "time period 20": 0.0,
      "time period 21": 0.0,
      "time period 22": 0.0,
      "time period 23": 0.0
    },
    "Hourly average revenue ($)": {
      "time period 1": 2731.47900922235,
      "time period 2": 7647.895119346618,
      "time period 3": 0.0,
      "time period 4": 0.0,
      "time period 5": 0.0,
      "time period 6": 0.0,
      "time period 7": 0.0,
      "time period 8": 0.0,
      "time period 9": 0.0,
      "time period 10": 3280.603511247593,
      "time period 11": 10116.869055460143,
      "time period 12": 0.0,
      "time period 13": 0.0,
      "time period 14": 0.0,
      "time period 15": 0.0,
      "time period 16": 2763.044728591003,
      "time period 17": 9196.236488021854,
      "time period 18": 0.0,
      "time period 19": 0.0,
      "time period 20": 8710.176520980838,
      "time period 21": 0.0,
      "time period 22": 3047.79662452606,
      "time period 23": 0.0
    },
    "Total average cost ($)": 23902.23171026133,
    "Total average revenue ($)": 47494.10105739646,
    "Total average profit ($)": 23591.86934713513
  }
}
