{
  "Storage unit 1": {
    "Discharging power (MW)": {
      "time period 1": 30.0,
      "time period 2": 0.0,
      "time period 3": 0.0,
      "time period 4": 0.0,
      "time period 5": 0.0,
      "time period 6": 0.0,
      "time period 7": 0.0,
      "time period 8": 0.0,
      "time period 9": 10.799999999999997,
      "time period 10": 30.0,
      "time period 11": 0.0,
      "time period 12": 0.0,
      "time period 13": 0.0,
      "time period 14": 0.0,
      "time period 15": 0.0,
      "time period 16": 30.0,
      "time period 17": 0.0,
      "time period 18": 0.0,
      "time period 19": 30.0,
      "time period 20": 0.0,
      "time period 21": 10.799999999999997,
      "time period 22": 0.0
    },
    "Charging power (MW)": {
      "time period 1": 0.0,
      "time period 2": 0.0,
      "time period 3": 30.0,
      "time period 4": 26.47058823529412,
      "time period 5": 0.0,
      "time period 6": 0.0,
      "time period 7": 0.0,
      "time period 8": 0.0,
      "time period 9": 0.0,
      "time period 10": 0.0,
      "time period 11": 0.0,
      "time period 12": 30.0,
      "time period 13": 11.522491349480973,
      "time period 14": 0.0,
      "time period 15": 0.0,
      "time period 16": 0.0,
      "time period 17": 30.0,
      "time period 18": 26.47058823529412,
      "time period 19": 0.0,
      "time period 20": 0.0,
      "time period 21": 0.0,
      "time period 22": 0.0
    },
    "Net discharging power (MW)": {
      "time period 1": 30.0,
      "time period 2": 0.0,
      "time period 3": -30.0,
      "time period 4": -26.47058823529412,
      "time period 5": 0.0,
      "time period 6": 0.0,
      "time period 7": 0.0,
      "time period 8": 0.0,
      "time period 9": 10.799999999999997,
      "time period 10": 30.0,
      "time period 11": 0.0,
      "time period 12": -30.0,
      "time period 13": -11.522491349480973,
      "time period 14": 0.0,
      "time period 15": 0.0,
      "time period 16": 30.0,
      "time period 17": -30.0,
      "time period 18": -26.47058823529412,
      "time period 19": 30.0,
      "time period 20": 0.0,
      "time period 21": 10.799999999999997,
      "time period 22": 0.0
    },
    "Stored energy (MWh)": {
      "time period 1": 0.0,
      "time period 2": 0.0,
      "time period 3": 12.75,
      "time period 4": 24.0,
      "time period 5": 24.0,
      "time period 6": 24.0,
      "time period 7": 24.0,
      "time period 8": 24.0,
      "time period 9": 17.647058823529413,
      "time period 10": 0.0,
      "time period 11": 0.0,
      "time period 12": 12.75,
      "time period 13": 17.647058823529413,
      "time period 14": 17.647058823529413,
      "time period 15": 17.647058823529413,
      "time period 16": 0.0,
      "time period 17": 12.75,
      "time period 18": 24.0,
      "time period 19": 6.352941176470587,
      "time period 20": 6.352941176470587,
      "time period 21": 0.0,
      "time period 22": 0.0
    },
    "Final energy (MWh)": 0.0,
    "Hourly average cost ($)": {
      "time period 1": 0.0,
      "time period 2": 0.0,
      "time period 3": 2978.8580932971404,
      "time period 4": 2912.302596844779,
      "time period 5": 0.0,
      "time period 6": 0.0,
      "time period 7": 0.0,
      "time period 8": 0.0,
      "time period 9": 0.0,
      "time period 10": 0.0,
      "time period 11": 0.0,
      "time period 12": 4946.611947308532,
      "time period 13": 2156.294831255163,
      "time period 14": 0.0,
      "time period 15": 0.0,
      "time period 16": 0.0,
      "time period 17": 4212.636488021852,
      "time period 18": 3830.732584951066,
      "time period 19": 0.0,
      "time period 20": 0.0,
      "time period 21": 0.0,
      "time period 22": 0.0
    },
    "Hourly average revenue ($)": {
      "time period 1": 7709.241692284309,
      "time period 2": 0.0,
      "time period 3": 0.0,
      "time period 4": 0.0,
      "time period 5": 0.0,
      "time period 6": 0.0,
      "time period 7": 0.0,
      "time period 8": 0.0,
      "time period 9": 3162.3260085334364,
      "time period 10": 9999.287531243315,
      "time period 11": 0.0,
      "time period 12": 0.0,
      "time period 13": 0.0,
      "time period 14": 0.0,
      "time period 15": 0.0,
      "time period 16": 9254.924246086119,
      "time period 17": 0.0,
      "time period 18": 0.0,
      "time period 19": 8852.334347213744,
      "time period 20": 0.0,
      "time period 21": 3060.6879448004133,
      "time period 22": 0.0
    },
    "Total average cost ($)": 21037.436541678537,
    "Total average revenue ($)": 42038.801770161335,
    "Total average profit ($)": 21001.3652284828
  }
}
