{
  "Storage unit 1": {
    "Discharging power (MW)": {
      "time period 1": 0.0,
      "time period 2": 0.0,
      "time period 3": 10.799999999999997,
      "time period 4": 30.0,
      "time period 5": 0.0,
      "time period 6": 0.0,
      "time period 7": 0.0,
      "time period 8": 0.0,
      "time period 9": 10.799999999999997,
      "time period 10": 30.0,
      "time period 11": 0.0,
      "time period 12": 0.0,
      "time period 13": 30.0,
      "time period 14": 0.0,
      "time period 15": 10.799999999999997,
      "time period 16": 0.0
    },
    "Charging power (MW)": {
      "time period 1": 0.0,
      "time period 2": 0.0,
      "time period 3": 0.0,
      "time period 4": 0.0,
      "time period 5": 0.0,
      "time period 6": 30.0,
      "time period 7": 26.47058823529412,
      "time period 8": 0.0,
      "time period 9": 0.0,
      "time period 10": 0.0,
      "time period 11": 30.0,
      "time period 12": 26.47058823529412,
      "time period 13": 0.0,
      "time period 14": 0.0,
      "time period 15": 0.0,
      "time period 16": 0.0
    },
    "Net discharging power (MW)": {
      "time period 1": 0.0,
      "time period 2": 0.0,
      "time period 3": 10.799999999999997,
      "time period 4": 30.0,
      "time period 5": 0.0,
      "time period 6": -30.0,
      "time period 7": -26.47058823529412,
      "time period 8": 0.0,
      "time period 9": 10.799999999999997,
      "time period 10": 30.0,
      "time period 11": -30.0,
      "time period 12": -26.47058823529412,
      "time period 13": 30.0,
      "time period 14": 0.0,
      "time period 15": 10.799999999999997,
      "time period 16": 0.0
    },
    "Stored energy (MWh)": {
      "time period 1": 24.0,
      "time period 2": 24.0,
      "time period 3": 17.647058823529413,
      "time period 4": 0.0,
      "time period 5": 0.0,
      "time period 6": 12.75,
      "time period 7": 24.0,
      "time period 8": 24.0,
      "time period 9": 17.647058823529413,
      "time period 10": 0.0,
      "time period 11": 12.75,
      "time period 12": 24.0,
      "time period 13": 6.352941176470587,
      "time period 14": 6.352941176470587,
      "time period 15": 0.0,
      "time period 16": 0.0
    },
    "Final energy (MWh)": 0.0,
    "Hourly average cost ($)": {
      "time period 1": 0.0,
      "time period 2": 0.0,
      "time period 3": 0.0,
      "time period 4": 0.0,
      "time period 5": 0.0,
      "time period 6": 4383.33705812549,
      "time period 7": 4236.256049319707,
      "time period 8": 0.0,
      "time period 9": 0.0,
      "time period 10": 0.0,
      "time period 11": 4458.269055460144,
      "time period 12": 3936.892894684001,
      "time period 13": 0.0,
      "time period 14": 0.0,
      "time period 15": 0.0,
      "time period 16": 0.0
    },
    "Hourly average revenue ($)": {
      "time period 1": 0.0,
      "time period 2": 0.0,
      "time period 3": 2994.1409135869694,
      "time period 4": 9189.609609757417,
      "time period 5": 0.0,
      "time period 6": 0.0,
      "time period 7": 0.0,
      "time period 8": 0.0,
      "time period 9": 2669.7380085334357,
      "time period 10": 9324.287531243317,
      "time period 11": 0.0,
      "time period 12": 0.0,
      "time period 13": 9172.136993087766,
      "time period 14": 0.0,
      "time period 15": 3095.769423705138,
      "time period 16": 0.0
    },
    "Total average cost ($)": 17014.755057589344,
    "Total average revenue ($)": 36445.682479914045,
    "Total average profit ($)": 19430.9274223247
  }
}
