{
  "Storage unit 1": {
    "Discharging power (MW)": {
      "time period 1": 0.0,
      "time period 2": 0.0,
      "time period 3": 0.0,
      "time period 4": 0.0,
      "time period 5": 0.0,
      "time period 6": 0.0,
      "time period 7": 0.0,
      "time period 8": 0.0,
      "time period 9": 0.0,
      "time period 10": 30.0,
      "time period 11": 0.0,
      "time period 12": 0.0,
      "time period 13": 0.0,
      "time period 14": 0.0,
      "time period 15": 13.349999999999998,
      "time period 16": 0.0,
      "time period 17": 0.0,
      "time period 18": 10.799999999999997,
      "time period 19": 30.0,
      "time period 20": 0.0,
      "time period 21": 0.0,
      "time period 22": 0.0,
      "time period 23": 10.799999999999997,
      "time period 24": 30.0,
      "time period 25": 0.0,
      "time period 26": 0.0,
      "time period 27": 0.0,
      "time period 28": 0.0,
      "time period 29": 0.0,
      "time period 30": 0.0,
      "time period 31": 0.0,
      "time period 32": 10.799999999999997,
      "time period 33": 30.0,
      "time period 34": 0.0,
      "time period 35": 0.0,
      "time period 36": 0.0,
      "time period 37": 0.0,
      "time period 38": 10.799999999999997,
      "time period 39": 30.0,
      "time period 40": 0.0,
      "time period 41": 0.0,
      "time period 42": 30.0,
      "time period 43": 0.0,
      "time period 44": 10.799999999999997,
      "time period 45": 0.0
    },
    "Charging power (MW)": {
      "time period 1": 0.0,
      "time period 2": 26.47058823529412,
      "time period 3": 30.0,
      "time period 4": 0.0,
      "time period 5": 0.0,
      "time period 6": 0.0,
      "time period 7": 0.0,
      "time period 8": 0.0,
      "time period 9": 0.0,
      "time period 10": 0.0,
      "time period 11": 0.0,
      "time period 12": 0.0,
      "time period 13": 30.0,
      "time period 14": 0.0,
      "time period 15": 0.0,
      "time period 16": 0.0,
      "time period 17": 30.0,
      "time period 18": 0.0,
      "time period 19": 0.0,
      "time period 20": 30.0,
      "time period 21": 26.47058823529412,
      "time period 22": 0.0,
      "time period 23": 0.0,
      "time period 24": 0.0,
      "time period 25": 0.0,
      "time period 26": 30.0,
      "time period 27": 26.47058823529412,
      "time period 28": 0.0,
      "time period 29": 0.0,
      "time period 30": 0.0,
      "time period 31": 0.0,
      "time period 32": 0.0,
      "time period 33": 0.0,
      "time period 34": 0.0,
      "time period 35": 30.0,
      "time period 36": 26.47058823529412,
      "time period 37": 0.0,
      "time period 38": 0.0,
      "time period 39": 0.0,
      "time period 40": 26.47058823529412,
      "time period 41": 30.0,
      "time period 42": 0.0,
      "time period 43": 0.0,
      "time period 44": 0.0,
      "time period 45": 0.0
    },
    "Net discharging power (MW)": {
      "time period 1": 0.0,
      "time period 2": -26.47058823529412,
      "time period 3": -30.0,
      "time period 4": 0.0,
      "time period 5": 0.0,
      "time period 6": 0.0,
      "time period 7": 0.0,
      "time period 8": 0.0,
      "time period 9": 0.0,
      "time period 10": 30.0,
      "time period 11": 0.0,
      "time period 12": 0.0,
      "time period 13": -30.0,
      "time period 14": 0.0,
      "time period 15": 13.349999999999998,
      "time period 16": 0.0,
      "time period 17": -30.0,
      "time period 18": 10.799999999999997,
      "time period 19": 30.0,
      "time period 20": -30.0,
      "time period 21": -26.47058823529412,
      "time period 22": 0.0,
      "time period 23": 10.799999999999997,
      "time period 24": 30.0,
      "time period 25": 0.0,
      "time period 26": -30.0,
      "time period 27": -26.47058823529412,
      "time period 28": 0.0,
      "time period 29": 0.0,
      "time period 30": 0.0,
      "time period 31": 0.0,
      "time period 32": 10.799999999999997,
      "time period 33": 30.0,
      "time period 34": 0.0,
      "time period 35": -30.0,
      "time period 36": -26.47058823529412,
      "time period 37": 0.0,
      "time period 38": 10.799999999999997,
      "time period 39": 30.0,
      "time period 40": -26.47058823529412,
      "time period 41": -30.0,
      "time period 42": 30.0,
      "time period 43": 0.0,
      "time period 44": 10.799999999999997,
      "time period 45": 0.0
    },
    "Stored energy (MWh)": {
      "time period 1": 0.0,
      "time period 2": 11.25,
      "time period 3": 24.0,
      "time period 4": 24.0,
      "time period 5": 24.0,
      "time period 6": 24.0,
      "time period 7": 24.0,
      "time period 8": 24.0,
      "time period 9": 24.0,
      "time period 10": 6.352941176470587,
      "time period 11": 6.352941176470587,
      "time period 12": 6.352941176470587,
      "time period 13": 19.102941176470587,
      "time period 14": 19.102941176470587,
      "time period 15": 11.25,
      "time period 16": 11.25,
      "time period 17": 24.0,
      "time period 18": 17.647058823529413,
      "time period 19": 0.0,
      "time period 20": 12.75,
      "time period 21": 24.0,
      "time period 22": 24.0,
      "time period 23": 17.647058823529413,
      "time period 24": 0.0,
      "time period 25": 0.0,
      "time period 26": 12.75,
      "time period 27": 24.0,
      "time period 28": 24.0,
      "time period 29": 24.0,
      "time period 30": 24.0,
      "time period 31": 24.0,
      "time period 32": 17.647058823529413,
      "time period 33": 0.0,
      "time period 34": 0.0,
      "time period 35": 12.75,
      "time period 36": 24.0,
      "time period 37": 24.0,
      "time period 38": 17.647058823529413,
      "time period 39": 0.0,
      "time period 40": 11.25,
      "time period 41": 24.0,
      "time period 42": 6.352941176470587,
      "time period 43": 6.352941176470587,
      "time period 44": 0.0,
      "time period 45": 0.0
    },
    "Final energy (MWh)": 0.0,
    "Hourly average cost ($)": {
      "time period 1": 0.0,
      "time period 2": 2615.5545170705454,
      "time period 3": 2798.2580932971387,
      "time period 4": 0.0,
      "time period 5": 0.0,
      "time period 6": 0.0,
      "time period 7": 0.0,
      "time period 8": 0.0,
      "time period 9": 0.0,
      "time period 10": 0.0,
      "time period 11": 0.0,
      "time period 12": 0.0,
      "time period 13": 4107.836993087772,
      "time period 14": 0.0,
      "time period 15": 0.0,
      "time period 16": 0.0,
      "time period 17": 4396.53648802185,
      "time period 18": 0.0,
      "time period 19": 0.0,
      "time period 20": 3742.4765209808343,
      "time period 21": 4255.597903922588,
      "time period 22": 0.0,
      "time period 23": 0.0,
      "time period 24": 0.0,
      "time period 25": 0.0,
      "time period 26": 3672.2127756729137,
      "time period 27": 3740.7339183560534,
      "time period 28": 0.0,
      "time period 29": 0.0,
      "time period 30": 0.0,
      "time period 31": 0.0,
      "time period 32": 0.0,
      "time period 33": 0.0,
      "time period 34": 0.0,
      "time period 35": 4349.501476086617,
      "time period 36": 4524.261837171665,
      "time period 37": 0.0,
      "time period 38": 0.0,
      "time period 39": 0.0,
      "time period 40": 3714.8732190109695,
      "time period 41": 4203.544117607115,
      "time period 42": 0.0,
      "time period 43": 0.0,
      "time period 44": 0.0,
      "time period 45": 0.0
    },
    "Hourly average revenue ($)": {
      "time period 1": 0.0,
      "time period 2": 0.0,
      "time period 3": 0.0,
      "time period 4": 0.0,
      "time period 5": 0.0,
      "time period 6": 0.0,
      "time period 7": 0.0,
      "time period 8": 0.0,
      "time period 9": 0.0,
      "time period 10": 8130.587531243316,
      "time period 11": 0.0,
      "time period 12": 0.0,
      "time period 13": 0.0,
      "time period 14": 0.0,
      "time period 15": 3438.3634820799625,
      "time period 16": 0.0,
      "time period 17": 0.0,