{
  "Storage unit 1": {
    "Discharging power (MW)": {
      "time period 1": 0.0,
      "time period 2": 0.0,
      "time period 3": 0.0,
      "time period 4": 0.0,
      "time period 5": 0.0,
      "time period 6": 0.0,
      "time period 7": 0.0,
      "time period 8": 21.675,
      "time period 9": 0.0,
      "time period 10": 0.0,
      "time period 11": 0.0,
      "time period 12": 0.0,
      "time period 13": 21.675,
      "time period 14": 0.0,
      "time period 15": 0.0,
      "time period 16": 10.799999999999997,
      "time period 17": 30.0,
      "time period 18": 0.0,
      "time period 19": 0.0,
      "time period 20": 0.0,
      "time period 21": 10.799999999999997,
      "time period 22": 30.0,
      "time period 23": 0.0,
      "time period 24": 0.0,
      "time period 25": 0.0,
      "time period 26": 0.0,
      "time period 27": 0.0,
      "time period 28": 0.0,
      "time period 29": 0.0,
      "time period 30": 10.799999999999997,
      "time period 31": 30.0,
      "time period 32": 0.0,
      "time period 33": 0.0,
      "time period 34": 0.0,
      "time period 35": 0.0,
      "time period 36": 10.799999999999997,
      "time period 37": 30.0,
      "time period 38": 0.0,
      "time period 39": 0.0,
      "time period 40": 30.0,
      "time period 41": 0.0,
      "time period 42": 10.799999999999997,
      "time period 43": 0.0
    },
    "Charging power (MW)": {
      "time period 1": 30.0,
      "time period 2": 0.0,
      "time period 3": 0.0,
      "time period 4": 0.0,
      "time period 5": 0.0,
      "time period 6": 0.0,
      "time period 7": 0.0,
      "time period 8": 0.0,
      "time period 9": 0.0,
      "time period 10": 0.0,
      "time period 11": 30.0,
      "time period 12": 0.0,
      "time period 13": 0.0,
      "time period 14": 0.0,
      "time period 15": 30.0,
      "time period 16": 0.0,
      "time period 17": 0.0,
      "time period 18": 30.0,
      "time period 19": 26.47058823529412,
      "time period 20": 0.0,
      "time period 21": 0.0,
      "time period 22": 0.0,
      "time period 23": 0.0,
      "time period 24": 30.0,
      "time period 25": 26.47058823529412,
      "time period 26": 0.0,
      "time period 27": 0.0,
      "time period 28": 0.0,
      "time period 29": 0.0,
      "time period 30": 0.0,
      "time period 31": 0.0,
      "time period 32": 0.0,
      "time period 33": 30.0,
      "time period 34": 26.47058823529412,
      "time period 35": 0.0,
      "time period 36": 0.0,
      "time period 37": 0.0,
      "time period 38": 30.0,
      "time period 39": 26.47058823529412,
      "time period 40": 0.0,
      "time period 41": 0.0,
      "time period 42": 0.0,
      "time period 43": 0.0
    },
    "Net discharging power (MW)": {
      "time period 1": -30.0,
      "time period 2": 0.0,
      "time period 3": 0.0,
      "time period 4": 0.0,
      "time period 5": 0.0,
      "time period 6": 0.0,
      "time period 7": 0.0,
      "time period 8": 21.675,
      "time period 9": 0.0,
      "time period 10": 0.0,
      "time period 11": -30.0,
      "time period 12": 0.0,
      "time period 13": 21.675,
      "time period 14": 0.0,
      "time period 15": -30.0,
      "time period 16": 10.799999999999997,
      "time period 17": 30.0,
      "time period 18": -30.0,
      "time period 19": -26.47058823529412,
      "time period 20": 0.0,
      "time period 21": 10.799999999999997,
      "time period 22": 30.0,
      "time period 23": 0.0,
      "time period 24": -30.0,
      "time period 25": -26.47058823529412,
      "time period 26": 0.0,
      "time period 27": 0.0,
      "time period 28": 0.0,
      "time period 29": 0.0,
      "time period 30": 10.799999999999997,
      "time period 31": 30.0,
      "time period 32": 0.0,
      "time period 33": -30.0,
      "time period 34": -26.47058823529412,
      "time period 35": 0.0,
      "time period 36": 10.799999999999997,
      "time period 37": 30.0,
      "time period 38": -30.0,
      "time period 39": -26.47058823529412,
      "time period 40": 30.0,
      "time period 41": 0.0,
      "time period 42": 10.799999999999997,
      "time period 43": 0.0
    },
    "Stored energy (MWh)": {
      "time period 1": 24.0,
      "time period 2": 24.0,
      "time period 3": 24.0,
      "time period 4": 24.0,
      "time period 5": 24.0,
      "time period 6": 24.0,
      "time period 7": 24.0,
      "time period 8": 11.25,
      "time period 9": 11.25,
      "time period 10": 11.25,
      "time period 11": 24.0,
      "time period 12": 24.0,
      "time period 13": 11.25,
      "time period 14": 11.25,
      "time period 15": 24.0,
      "time period 16": 17.647058823529413,
      "time period 17": 0.0,
      "time period 18": 12.75,
      "time period 19": 24.0,
      "time period 20": 24.0,
      "time period 21": 17.647058823529413,
      "time period 22": 0.0,
      "time period 23": 0.0,
      "time period 24": 12.75,
      "time period 25": 24.0,
      "time period 26": 24.0,
      "time period 27": 24.0,
      "time period 28": 24.0,
      "time period 29": 24.0,
      "time period 30": 17.647058823529413,
      "time period 31": 0.0,
      "time period 32": 0.0,
      "time period 33": 12.75,
      "time period 34": 24.0,
      "time period 35": 24.0,
      "time period 36": 17.647058823529413,
      "time period 37": 0.0,
      "time period 38": 12.75,
      "time period 39": 24.0,
      "time period 40": 6.352941176470587,
      "time period 41": 6.352941176470587,
      "time period 42": 0.0,
      "time period 43": 0.0
    },
    "Final energy (MWh)": 0.0,
    "Hourly average cost ($)": {
      "time period 1": 2797.6416922843105,
      "time period 2": 0.0,
      "time period 3": 0.0,
      "time period 4": 0.0,
      "time period 5": 0.0,
      "time period 6": 0.0,
      "time period 7": 0.0,
      "time period 8": 0.0,
      "time period 9": 0.0,
      "time period 10": 0.0,
      "time period 11": 3943.1690554601464,
      "time period 12": 0.0,
      "time period 13": 0.0,
      "time period 14": 0.0,
      "time period 15": 4512.159510292054,
      "time period 16": 0.0,
      "time period 17": 0.0,
      "time period 18": 3884.8969296112055,
      "time period 19": 4319.4126593062465,
      "time period 20": 0.0,
      "time period 21": 0.0,
      "time period 22": 0.0,
      "time period 23": 0.0,
      "time period 24": 3712.329558242798,
      "time period 25": 3538.198203196807,
      "time period 26": 0.0,
      "time period 27": 0.0,
      "time period 28": 0.0,
      "time period 29": 0.0,
      "time period 30": 0.0,
      "time period 31": 0.0,
      "time period 32": 0.0,
      "time period 33": 4648.089264930726,
      "time period 34": 4508.722143058775,
      "time period 35": 0.0,
      "time period 36": 0.0,
      "time period 37": 0.0,
      "time period 38": 4180.079432167053,
      "time period 39": 3998.667738435409,
      "time period 40": 0.0,
      "time period 41": 0.0,
      "time period 42": 0.0,
      "time period 43": 0.0
    },
    "Hourly average revenue ($)": {
      "time period 1": 0.0,
      "time period 2": 0.0,
      "time period 3": 0.0,
      "time period 4": 0.0,
      "time period 5": 0.0,
      "time period 6": 0.0,
      "time period 7": 0.0,
      "time period 8": 5532.859966027965,
      "time period 9": 0.0,
      "time period 10": 0.0,
      "time period 11": 0.0,
      "time period 12": 0.0,
      "time period 13": 5795.415977505913,
      "time period 14": 0.0,
      "time period 15": 0.0,
      "time period 16": 2940.7047285910035,
      "time period 17": 8403.036488021853,
      "time period 18": 0.0,
      "time period 19": 0.0,
      "time period 20": 0.0,
      "time period 21": 2978.6079448004148,
      "time period 22": 8359.901734794616,
      "time period 23": 0.0,
      "time period 24": 0.0,
      "time period 25": 0.0,
      "time period 26": 0.0,
      "time period 27": 0.0,
      "time period 28": 0.0,
      "time period 29": 0.0,