{
  "Storage unit 1": {
    "Discharging power (MW)": {
      "time period 1": 0.0,
      "time period 2": 0.0,
      "time period 3": 0.0,
      "time period 4": 0.0,
      "time period 5": 0.0,
      "time period 6": 0.0,
      "time period 7": 21.675,
      "time period 8": 0.0,
      "time period 9": 0.0,
      "time period 10": 0.0,
      "time period 11": 0.0,
      "time period 12": 21.675,
      "time period 13": 0.0,
      "time period 14": 0.0,
      "time period 15": 10.799999999999997,
      "time period 16": 30.0,
      "time period 17": 0.0,
      "time period 18": 0.0,
      "time period 19": 0.0,
      "time period 20": 10.799999999999997,
      "time period 21": 30.0,
      "time period 22": 0.0,
      "time period 23": 0.0,
      "time period 24": 0.0,
      "time period 25": 0.0,
      "time period 26": 0.0,
      "time period 27": 0.0,
      "time period 28": 0.0,
      "time period 29": 10.799999999999997,
      "time period 30": 30.0,
      "time period 31": 0.0,
      "time period 32": 0.0,
      "time period 33": 0.0,
      "time period 34": 0.0,
      "time period 35": 10.799999999999997,
      "time period 36": 30.0,
      "time period 37": 0.0,
      "time period 38": 0.0,
      "time period 39": 30.0,
      "time period 40": 0.0,
      "time period 41": 10.799999999999997,
      "time period 42": 0.0
    },
    "Charging power (MW)": {
      "time period 1": 0.0,
      "time period 2": 0.0,
      "time period 3": 0.0,
      "time period 4": 0.0,
      "time period 5": 0.0,
      "time period 6": 0.0,
      "time period 7": 0.0,
      "time period 8": 0.0,
      "time period 9": 0.0,
      "time period 10": 30.0,
      "time period 11": 0.0,
      "time period 12": 0.0,
      "time period 13": 0.0,
      "time period 14": 30.0,
      "time period 15": 0.0,
      "time period 16": 0.0,
      "time period 17": 30.0,
      "time period 18": 26.47058823529412,
      "time period 19": 0.0,
      "time period 20": 0.0,
      "time period 21": 0.0,
      "time period 22": 0.0,
      "time period 23": 30.0,
      "time period 24": 26.47058823529412,
      "time period 25": 0.0,
      "time period 26": 0.0,
      "time period 27": 0.0,
      "time period 28": 0.0,
      "time period 29": 0.0,
      "time period 30": 0.0,
      "time period 31": 0.0,
      "time period 32": 30.0,
      "time period 33": 26.47058823529412,
      "time period 34": 0.0,
      "time period 35": 0.0,
      "time period 36": 0.0,
      "time period 37": 30.0,
      "time period 38": 26.47058823529412,
      "time period 39": 0.0,
      "time period 40": 0.0,
      "time period 41": 0.0,
      "time period 42": 0.0
    },
    "Net discharging power (MW)": {
      "time period 1": 0.0,
      "time period 2": 0.0,
      "time period 3": 0.0,
      "time period 4": 0.0,
      "time period 5": 0.0,
      "time period 6": 0.0,
      "time period 7": 21.675,
      "time period 8": 0.0,
      "time period 9": 0.0,
      "time period 10": -30.0,
      "time period 11": 0.0,
      "time period 12": 21.675,
      "time period 13": 0.0,
      "time period 14": -30.0,
      "time period 15": 10.799999999999997,
      "time period 16": 30.0,
      "time period 17": -30.0,
      "time period 18": -26.47058823529412,
      "time period 19": 0.0,
      "time period 20": 10.799999999999997,
      "time period 21": 30.0,
      "time period 22": 0.0,
      "time period 23": -30.0,
      "time period 24": -26.47058823529412,
      "time period 25": 0.0,
      "time period 26": 0.0,
      "time period 27": 0.0,
      "time period 28": 0.0,
      "time period 29": 10.799999999999997,
      "time period 30": 30.0,
      "time period 31": 0.0,
      "time period 32": -30.0,
      "time period 33": -26.47058823529412,
      "time period 34": 0.0,
      "time period 35": 10.799999999999997,
      "time period 36": 30.0,
      "time period 37": -30.0,
      "time period 38": -26.47058823529412,
      "time period 39": 30.0,
      "time period 40": 0.0,
      "time period 41": 10.799999999999997,
      "time period 42": 0.0
    },
    "Stored energy (MWh)": {
      "time period 1": 24.0,
      "time period 2": 24.0,
      "time period 3": 24.0,
      "time period 4": 24.0,
      "time period 5": 24.0,
      "time period 6": 24.0,
      "time period 7": 11.25,
      "time period 8": 11.25,
      "time period 9": 11.25,
      "time period 10": 24.0,
      "time period 11": 24.0,
      "time period 12": 11.25,
      "time period 13": 11.25,
      "time period 14": 24.0,
      "time period 15": 17.647058823529413,
      "time period 16": 0.0,
      "time period 17": 12.75,
      "time period 18": 24.0,
      "time period 19": 24.0,
      "time period 20": 17.647058823529413,
      "time period 21": 0.0,
      "time period 22": 0.0,
      "time period 23": 12.75,
      "time period 24": 24.0,
      "time period 25": 24.0,
      "time period 26": 24.0,
      "time period 27": 24.0,
      "time period 28": 24.0,
      "time period 29": 17.647058823529413,
      "time period 30": 0.0,
      "time period 31": 0.0,
      "time period 32": 12.75,
      "time period 33": 24.0,
      "time period 34": 24.0,
      "time period 35": 17.647058823529413,
      "time period 36": 0.0,
      "time period 37": 12.75,
      "time period 38": 24.0,
      "time period 39": 6.352941176470587,
      "time period 40": 6.352941176470587,
      "time period 41": 0.0,
      "time period 42": 0.0
    },
    "Final energy (MWh)": 0.0,
    "Hourly average cost ($)": {
      "time period 1": 0.0,
      "time period 2": 0.0,
      "time period 3": 0.0,
      "time period 4": 0.0,
      "time period 5": 0.0,
      "time period 6": 0.0,
      "time period 7": 0.0,
      "time period 8": 0.0,
      "time period 9": 0.0,
      "time period 10": 3825.587531243317,
      "time period 11": 0.0,
      "time period 12": 0.0,
      "time period 13": 0.0,
      "time period 14": 4562.482401145935,
      "time period 15": 0.0,
      "time period 16": 0.0,
      "time period 17": 3794.1364880218503,
      "time period 18": 4319.644349656947,
      "time period 19": 0.0,
      "time period 20": 0.0,
      "time period 21": 0.0,
      "time period 22": 0.0,
      "time period 23": 3659.926774085998,
      "time period 24": 3571.7907866848227,
      "time period 25": 0.0,
      "time period 26": 0.0,
      "time period 27": 0.0,
      "time period 28": 0.0,
      "time period 29": 0.0,
      "time period 30": 0.0,
      "time period 31": 0.0,
      "time period 32": 4989.192785634041,
      "time period 33": 4514.461116115343,
      "time period 34": 0.0,
      "time period 35": 0.0,
      "time period 36": 0.0,
      "time period 37": 4161.454992736815,
      "time period 38": 3721.9230283826932,
      "time period 39": 0.0,
      "time period 40": 0.0,
      "time period 41": 0.0,
      "time period 42": 0.0
    },
    "Hourly average revenue ($)": {
      "time period 1": 0.0,
      "time period 2": 0.0,
      "time period 3": 0.0,
      "time period 4": 0.0,
      "time period 5": 0.0,
      "time period 6": 0.0,
      "time period 7": 5490.848411717957,
      "time period 8": 0.0,
      "time period 9": 0.0,
      "time period 10": 0.0,
      "time period 11": 0.0,
      "time period 12": 5651.475881930414,
      "time period 13": 0.0,
      "time period 14": 0.0,
      "time period 15": 2961.201423705138,
      "time period 16": 8461.724246086123,
      "time period 17": 0.0,
      "time period 18": 0.0,
      "time period 19": 0.0,
      "time period 20": 2953.4675475531003,
      "time period 21": 8395.71095777893,
      "time period 22": 0.0,
      "time period 23": 0.0,
      "time period 24": 0.0,
      "time period 25": 0.0,
      "time period 26": 0.0,
      "time period 27": 0.0,
      "time period 28": 0.0,
      "time period 29": 3319.417765499153,
      "time period 30": 9812.287327374457,
      "time period 31": 0.0,
      "time period 32": 0.0,
      "time period 33": 0.0,
      "time period 34": 0.0,