{
    "Storage unit 1": {
        "Discharging power (MW)": {
            "time period 1": 0.0,
            "time period 2": 0.0,
            "time period 3": 0.0,
            "time period 4": 0.0,
            "time period 5": 0.0,
            "time period 6": 0.0,
            "time period 7": 0.0,
            "time period 8": 0.0,
            "time period 9": 0.0,
            "time period 10": 0.0,
            "time period 11": 0.0,
            "time period 12": 0.0,
            "time period 13": 300.00000000000017,
            "time period 14": 0.0,
            "time period 15": 0.0,
            "time period 16": 0.0,
            "time period 17": 0.0,
            "time period 18": 133.49999999999986,
            "time period 19": 0.0,
            "time period 20": 0.0,
            "time period 21": 133.5,
            "time period 22": 300.0,
            "time period 23": 0.0,
            "time period 24": 0.0,
            "time period 25": 0.0,
            "time period 26": 300.00000000000045,
            "time period 27": 300.0,
            "time period 28": 0.0,
            "time period 29": 0.0,
            "time period 30": 0.0,
            "time period 31": 0.0,
            "time period 32": 2.1032064978498967e-13,
            "time period 33": 0.0,
            "time period 34": 0.0,
            "time period 35": 300.00000000000017,
            "time period 36": 300.0,
            "time period 37": 0.0,
            "time period 38": 0.0,
            "time period 39": 0.0,
            "time period 40": 0.0,
            "time period 41": 0.0,
            "time period 42": 300.0,
            "time period 43": 0.0,
            "time period 44": 0.0,
            "time period 45": 300.0,
            "time period 46": 0.0,
            "time period 47": 299.9999999999999,
            "time period 48": 0.0
        },
        "Charging power (MW)": {
            "time period 1": 0.0,
            "time period 2": 0.0,
            "time period 3": 0.0,
            "time period 4": 158.8235294117647,
            "time period 5": 300.0,
            "time period 6": 300.0,
            "time period 7": 300.0,
            "time period 8": 0.0,
            "time period 9": 0.0,
            "time period 10": 0.0,
            "time period 11": 0.0,
            "time period 12": 0.0,
            "time period 13": 0.0,
            "time period 14": 0.0,
            "time period 15": 0.0,
            "time period 16": 300.0,
            "time period 17": 0.0,
            "time period 18": 0.0,
            "time period 19": 0.0,
            "time period 20": 300.0,
            "time period 21": 0.0,
            "time period 22": 0.0,
            "time period 23": 299.99999999999994,
            "time period 24": 300.0,
            "time period 25": 0.0,
            "time period 26": 0.0,
            "time period 27": 0.0,
            "time period 28": 0.0,
            "time period 29": 300.0,
            "time period 30": 299.99999999999994,
            "time period 31": 230.44982698962025,
            "time period 32": 0.0,
            "time period 33": 0.0,
            "time period 34": 0.0,
            "time period 35": 0.0,
            "time period 36": 0.0,
            "time period 37": 0.0,
            "time period 38": 300.0,
            "time period 39": 117.30103806228385,
            "time period 40": 0.0,
            "time period 41": 0.0,
            "time period 42": 0.0,
            "time period 43": 300.0,
            "time period 44": 299.99999999999994,
            "time period 45": 0.0,
            "time period 46": 0.0,
            "time period 47": 0.0,
            "time period 48": -0.0
        },
        "Net discharging power (MW)": {
            "time period 1": 0.0,
            "time period 2": 0.0,
            "time period 3": 0.0,
            "time period 4": -158.8235294117647,
            "time period 5": -300.0,
            "time period 6": -300.0,
            "time period 7": -300.0,
            "time period 8": 0.0,
            "time period 9": 0.0,
            "time period 10": 0.0,
            "time period 11": 0.0,
            "time period 12": 0.0,
            "time period 13": 300.00000000000017,
            "time period 14": 0.0,
            "time period 15": 0.0,
            "time period 16": -300.0,
            "time period 17": 0.0,
            "time period 18": 133.49999999999986,
            "time period 19": 0.0,
            "time period 20": -300.0,
            "time period 21": 133.5,
            "time period 22": 300.0,
            "time period 23": -299.99999999999994,
            "time period 24": -300.0,
            "time period 25": 0.0,
            "time period 26": 300.00000000000045,
            "time period 27": 300.0,
            "time period 28": 0.0,
            "time period 29": -300.0,
            "time period 30": -299.99999999999994,
            "time period 31": -230.44982698962025,
            "time period 32": 2.1032064978498967e-13,
            "time period 33": 0.0,
            "time period 34": 0.0,
            "time period 35": 300.00000000000017,
            "time period 36": 300.0,
            "time period 37": 0.0,
            "time period 38": -300.0,
            "time period 39": -117.30103806228385,
            "time period 40": 0.0,
            "time period 41": 0.0,
            "time period 42": 300.0,
            "time period 43": -300.0,
            "time period 44": -299.99999999999994,
            "time period 45": 300.0,
            "time period 46": 0.0,
            "time period 47": 299.9999999999999,
            "time period 48": 0.0
        },
        "Stored energy (MWh)": {
            "time period 1": 0.0,
            "time period 2": 0.0,
            "time period 3": 0.0,
            "time period 4": 67.5,
            "time period 5": 195.0,
            "time period 6": 322.5,
            "time period 7": 450.0,
            "time period 8": 450.0,
            "time period 9": 450.0,
            "time period 10": 450.0,
            "time period 11": 450.0,
            "time period 12": 450.0,
            "time period 13": 273.5294117647058,
            "time period 14": 273.5294117647058,
            "time period 15": 273.5294117647058,
            "time period 16": 401.0294117647058,
            "time period 17": 401.0294117647058,
            "time period 18": 322.5,
            "time period 19": 322.5,
            "time period 20": 450.0,
            "time period 21": 371.47058823529414,
            "time period 22": 195.00000000000003,
            "time period 23": 322.5,
            "time period 24": 450.0,
            "time period 25": 450.0,
            "time period 26": 273.5294117647056,
            "time period 27": 97.05882352941151,
            "time period 28": 97.05882352941151,
            "time period 29": 224.5588235294115,
            "time period 30": 352.0588235294115,
            "time period 31": 450.0000000000001,
            "time period 32": 450.0,
            "time period 33": 450.0,
            "time period 34": 450.0,
            "time period 35": 273.5294117647058,
            "time period 36": 97.05882352941168,
            "time period 37": 97.05882352941168,
            "time period 38": 224.55882352941168,
            "time period 39": 274.4117647058823,
            "time period 40": 274.4117647058823,
            "time period 41": 274.4117647058823,
            "time period 42": 97.9411764705882,
            "time period 43": 225.4411764705882,
            "time period 44": 352.9411764705882,
            "time period 45": 176.47058823529406,
            "time period 46": 176.47058823529406,
            "time period 47": 0.0,
            "time period 48": 0.0
        },
        "Hourly average cost ($)": {
            "time period 1": 0.0,
            "time period 2": 0.0,
            "time period 3": 0.0,
            "time period 4": 16950.39719444635,
            "time period 5": 30256.416922843106,