{
  "Storage unit 1": {
    "Discharging power (MW)": {
      "time period 1": 0.0,
      "time period 2": 0.0,
      "time period 3": 0.0,
      "time period 4": 0.0,
      "time period 5": 295.0,
      "time period 6": 0.0,
      "time period 7": 0.0,
      "time period 8": 0.0,
      "time period 9": 0.0,
      "time period 10": 300.0,
      "time period 11": 0.0
    },
    "Charging power (MW)": {
      "time period 1": 299.99999999999994,
      "time period 2": 115.22491349480975,
      "time period 3": 0.0,
      "time period 4": 0.0,
      "time period 5": 0.0,
      "time period 6": 0.0,
      "time period 7": 0.0,
      "time period 8": 0.0,
      "time period 9": 0.0,
      "time period 10": 0.0,
      "time period 11": 0.0
    },
    "Net discharging power (MW)": {
      "time period 1": -299.99999999999994,
      "time period 2": -115.22491349480975,
      "time period 3": 0.0,
      "time period 4": 0.0,
      "time period 5": 295.0,
      "time period 6": 0.0,
      "time period 7": 0.0,
      "time period 8": 0.0,
      "time period 9": 0.0,
      "time period 10": 300.0,
      "time period 11": 0.0
    },
    "Stored energy (MWh)": {
      "time period 1": 301.02941176470586,
      "time period 2": 350.0,
      "time period 3": 350.0,
      "time period 4": 350.0,
      "time period 5": 176.47058823529412,
      "time period 6": 176.47058823529412,
      "time period 7": 176.47058823529412,
      "time period 8": 176.47058823529412,
      "time period 9": 176.47058823529412,
      "time period 10": 0.0,
      "time period 11": 0.0
    },
    "Final energy (MWh)": 0.0,
    "Hourly average cost ($)": {
      "time period 1": 40672.416922843084,
      "time period 2": 17184.624852853805,
      "time period 3": 0.0,
      "time period 4": 0.0,
      "time period 5": 0.0,
      "time period 6": 0.0,
      "time period 7": 0.0,
      "time period 8": 0.0,
      "time period 9": 0.0,
      "time period 10": 0.0,
      "time period 11": 0.0
    },
    "Hourly average revenue ($)": {
      "time period 1": 0.0,
      "time period 2": 0.0,
      "time period 3": 0.0,
      "time period 4": 0.0,
      "time period 5": 83807.69577822264,
      "time period 6": 0.0,
      "time period 7": 0.0,
      "time period 8": 0.0,
      "time period 9": 0.0,
      "time period 10": 86117.87531243314,
      "time period 11": 0.0
    },
    "Total average cost ($)": 57857.04177569689,
    "Total average revenue ($)": 169925.57109065578,
    "Total average profit ($)": 112068.5293149589
  }
}
