{
  "Storage unit 1": {
    "Discharging power (MW)": {
      "time period 1": 300.0,
      "time period 2": 0.0,
      "time period 3": 0.0,
      "time period 4": 0.0,
      "time period 5": 0.0,
      "time period 6": 249.99999999999986,
      "time period 7": 0.0
    },
    "Charging power (MW)": {
      "time period 1": 0.0,
      "time period 2": 0.0,
      "time period 3": 0.0,
      "time period 4": 0.0,
      "time period 5": 0.0,
      "time period 6": 0.0,
      "time period 7": 0.0
    },
    "Net discharging power (MW)": {
      "time period 1": 300.0,
      "time period 2": 0.0,
      "time period 3": 0.0,
      "time period 4": 0.0,
      "time period 5": 0.0,
      "time period 6": 249.99999999999986,
      "time period 7": 0.0
    },
    "Stored energy (MWh)": {
      "time period 1": 147.05882352941168,
      "time period 2": 147.05882352941168,
      "time period 3": 147.05882352941168,
      "time period 4": 147.05882352941168,
      "time period 5": 147.05882352941168,
      "time period 6": 0.0,
      "time period 7": 0.0
    },
    "Final energy (MWh)": 0.0,
    "Hourly average cost ($)": {
      "time period 1": 0.0,
      "time period 2": 0.0,
      "time period 3": 0.0,
      "time period 4": 0.0,
      "time period 5": 0.0,
      "time period 6": 0.0,
      "time period 7": 0.0
    },
    "Hourly average revenue ($)": {
      "time period 1": 85279.41692284307,
      "time period 2": 0.0,
      "time period 3": 0.0,
      "time period 4": 0.0,
      "time period 5": 0.0,
      "time period 6": 67762.80881771234,
      "time period 7": 0.0
    },
    "Total average cost ($)": 0.0,
    "Total average revenue ($)": 153042.2257405554,
    "Total average profit ($)": 153042.2257405554
  }
}
