{
  "Storage unit 1": {
    "Discharging power (MW)": {
      "time period 1": 0.0,
      "time period 2": 0.0,
      "time period 3": 298.50000000000006,
      "time period 4": 300.0,
      "time period 5": 0.0,
      "time period 6": 0.0,
      "time period 7": 0.0,
      "time period 8": 300.0,
      "time period 9": 300.0,
      "time period 10": 0.0,
      "time period 11": 0.0,
      "time period 12": 0.0,
      "time period 13": 0.0,
      "time period 14": 0.0,
      "time period 15": 0.0,
      "time period 16": 0.0,
      "time period 17": 300.0,
      "time period 18": 300.0,
      "time period 19": 164.99999999999994,
      "time period 20": 0.0,
      "time period 21": 0.0,
      "time period 22": 0.0,
      "time period 23": 0.0,
      "time period 24": 300.0,
      "time period 25": 0.0,
      "time period 26": 0.0,
      "time period 27": 300.0,
      "time period 28": 0.0,
      "time period 29": 300.0,
      "time period 30": 0.0
    },
    "Charging power (MW)": {
      "time period 1": 0.0,
      "time period 2": 300.0,
      "time period 3": 0.0,
      "time period 4": 0.0,
      "time period 5": 300.0,
      "time period 6": 300.0,
      "time period 7": 0.0,
      "time period 8": 0.0,
      "time period 9": 0.0,
      "time period 10": 0.0,
      "time period 11": 300.0,
      "time period 12": 300.0,
      "time period 13": 158.8235294117647,
      "time period 14": 300.0,
      "time period 15": 0.0,
      "time period 16": 0.0,
      "time period 17": 0.0,
      "time period 18": 0.0,
      "time period 19": 0.0,
      "time period 20": 300.0,
      "time period 21": 300.0,
      "time period 22": 45.67474048442899,
      "time period 23": 0.0,
      "time period 24": 0.0,
      "time period 25": 300.0,
      "time period 26": 300.0,
      "time period 27": 0.0,
      "time period 28": 0.0,
      "time period 29": 0.0,
      "time period 30": 0.0
    },
    "Net discharging power (MW)": {
      "time period 1": 0.0,
      "time period 2": -300.0,
      "time period 3": 298.50000000000006,
      "time period 4": 300.0,
      "time period 5": -300.0,
      "time period 6": -300.0,
      "time period 7": 0.0,
      "time period 8": 300.0,
      "time period 9": 300.0,
      "time period 10": 0.0,
      "time period 11": -300.0,
      "time period 12": -300.0,
      "time period 13": -158.8235294117647,
      "time period 14": -300.0,
      "time period 15": 0.0,
      "time period 16": 0.0,
      "time period 17": 300.0,
      "time period 18": 300.0,
      "time period 19": 164.99999999999994,
      "time period 20": -300.0,
      "time period 21": -300.0,
      "time period 22": -45.67474048442899,
      "time period 23": 0.0,
      "time period 24": 300.0,
      "time period 25": -300.0,
      "time period 26": -300.0,
      "time period 27": 300.0,
      "time period 28": 0.0,
      "time period 29": 300.0,
      "time period 30": 0.0
    },
    "Stored energy (MWh)": {
      "time period 1": 322.5,
      "time period 2": 450.0,
      "time period 3": 274.4117647058823,
      "time period 4": 97.94117647058823,
      "time period 5": 225.44117647058823,
      "time period 6": 352.94117647058823,
      "time period 7": 352.94117647058823,
      "time period 8": 176.47058823529412,
      "time period 9": 0.0,
      "time period 10": 0.0,
      "time period 11": 127.5,
      "time period 12": 255.0,
      "time period 13": 322.5,
      "time period 14": 450.0,
      "time period 15": 450.0,
      "time period 16": 450.0,
      "time period 17": 273.52941176470586,
      "time period 18": 97.05882352941174,
      "time period 19": 0.0,
      "time period 20": 127.5,
      "time period 21": 255.0,
      "time period 22": 274.4117647058823,
      "time period 23": 274.4117647058823,
      "time period 24": 97.94117647058823,
      "time period 25": 225.44117647058823,
      "time period 26": 352.94117647058823,
      "time period 27": 176.47058823529412,
      "time period 28": 176.47058823529412,
      "time period 29": 0.0,
      "time period 30": 0.0
    },
    "Final energy (MWh)": 0.0,
    "Hourly average cost ($)": {
      "time period 1": 0.0,
      "time period 2": 36668.951193466186,
      "time period 3": 0.0,
      "time period 4": 0.0,
      "time period 5": 31207.16519819253,
      "time period 6": 44526.3705812549,
      "time period 7": 0.0,
      "time period 8": 0.0,
      "time period 9": 0.0,
      "time period 10": 0.0,
      "time period 11": 38921.69055460145,
      "time period 12": 41933.119473085324,
      "time period 13": 25481.313492817597,
      "time period 14": 48084.82401145938,
      "time period 15": 0.0,
      "time period 16": 0.0,
      "time period 17": 0.0,
      "time period 18": 0.0,
      "time period 19": 0.0,
      "time period 20": 46838.76520980836,
      "time period 21": 52220.10957778929,
      "time period 22": 9071.615097957188,
      "time period 23": 0.0,
      "time period 24": 0.0,
      "time period 25": 42403.579636230425,
      "time period 26": 42764.1277567291,
      "time period 27": 0.0,
      "time period 28": 0.0,
      "time period 29": 0.0,
      "time period 30": 0.0
    },
    "Hourly average revenue ($)": {
      "time period 1": 0.0,
      "time period 2": 0.0,
      "time period 3": 74050.4680283066,
      "time period 4": 77214.09609757415,
      "time period 5": 0.0,
      "time period 6": 0.0,
      "time period 7": 0.0,
      "time period 8": 79111.37669242857,
      "time period 9": 81770.38912592878,
      "time period 10": 0.0,
      "time period 11": 0.0,
      "time period 12": 0.0,
      "time period 13": 0.0,
      "time period 14": 0.0,
      "time period 15": 0.0,
      "time period 16": 0.0,
      "time period 17": 89847.36488021852,
      "time period 18": 99619.96929611209,
      "time period 19": 47145.08890967558,
      "time period 20": 0.0,
      "time period 21": 0.0,
      "time period 22": 0.0,
      "time period 23": 0.0,
      "time period 24": 92620.29558242796,
      "time period 25": 0.0,
      "time period 26": 0.0,
      "time period 27": 90190.98440803526,
      "time period 28": 0.0,
      "time period 29": 87196.04904164311,
      "time period 30": 0.0
    },
    "Total average cost ($)": 460121.6317833917,
    "Total average revenue ($)": 818766.0820623507,
    "Total average profit ($)": 358644.450278959
  }
}
