{
  "Storage unit 1": {
    "Discharging power (MW)": {
      "time period 1": 0.0,
      "time period 2": 0.0,
      "time period 3": 300.0,
      "time period 4": 300.0,
      "time period 5": 164.99999999999994,
      "time period 6": 0.0,
      "time period 7": 0.0,
      "time period 8": 0.0,
      "time period 9": 0.0,
      "time period 10": 300.0,
      "time period 11": 0.0,
      "time period 12": 0.0,
      "time period 13": 300.0,
      "time period 14": 164.99999999999994,
      "time period 15": 300.0,
      "time period 16": 0.0
    },
    "Charging power (MW)": {
      "time period 1": 0.0,
      "time period 2": 0.0,
      "time period 3": 0.0,
      "time period 4": 0.0,
      "time period 5": 0.0,
      "time period 6": 300.0,
      "time period 7": 300.0,
      "time period 8": 274.04844290657445,
      "time period 9": 0.0,
      "time period 10": 0.0,
      "time period 11": 300.0,
      "time period 12": 300.0,
      "time period 13": 0.0,
      "time period 14": 0.0,
      "time period 15": 0.0,
      "time period 16": 0.0
    },
    "Net discharging power (MW)": {
      "time period 1": 0.0,
      "time period 2": 0.0,
      "time period 3": 300.0,
      "time period 4": 300.0,
      "time period 5": 164.99999999999994,
      "time period 6": -300.0,
      "time period 7": -300.0,
      "time period 8": -274.04844290657445,
      "time period 9": 0.0,
      "time period 10": 300.0,
      "time period 11": -300.0,
      "time period 12": -300.0,
      "time period 13": 300.0,
      "time period 14": 164.99999999999994,
      "time period 15": 300.0,
      "time period 16": 0.0
    },
    "Stored energy (MWh)": {
      "time period 1": 450.0,
      "time period 2": 450.0,
      "time period 3": 273.52941176470586,
      "time period 4": 97.05882352941174,
      "time period 5": 0.0,
      "time period 6": 127.5,
      "time period 7": 255.0,
      "time period 8": 371.47058823529414,
      "time period 9": 371.47058823529414,
      "time period 10": 195.0,
      "time period 11": 322.5,
      "time period 12": 450.0,
      "time period 13": 273.52941176470586,
      "time period 14": 176.47058823529412,
      "time period 15": 0.0,
      "time period 16": 0.0
    },
    "Final energy (MWh)": 0.0,
    "Hourly average cost ($)": {
      "time period 1": 0.0,
      "time period 2": 0.0,
      "time period 3": 0.0,
      "time period 4": 0.0,
      "time period 5": 0.0,
      "time period 6": 43833.3705812549,
      "time period 7": 48010.901892290014,
      "time period 8": 51442.890819381144,
      "time period 9": 0.0,
      "time period 10": 0.0,
      "time period 11": 44582.690554601446,
      "time period 12": 44618.11947308534,
      "time period 13": 0.0,
      "time period 14": 0.0,
      "time period 15": 0.0,
      "time period 16": 0.0
    },
    "Hourly average revenue ($)": {
      "time period 1": 0.0,
      "time period 2": 0.0,
      "time period 3": 83170.5809329714,
      "time period 4": 91896.09609757416,
      "time period 5": 42943.54085900587,
      "time period 6": 0.0,
      "time period 7": 0.0,
      "time period 8": 0.0,
      "time period 9": 0.0,
      "time period 10": 93242.87531243317,
      "time period 11": 0.0,
      "time period 12": 0.0,
      "time period 13": 91721.36993087767,
      "time period 14": 44273.25320630263,
      "time period 15": 85993.59510292052,
      "time period 16": 0.0
    },
    "Total average cost ($)": 232487.97332061286,
    "Total average revenue ($)": 533241.3114420854,
    "Total average profit ($)": 300753.33812147257
  }
}
