{
  "Storage unit 1": {
    "Discharging power (MW)": {
      "time period 1": 164.99999999999986,
      "time period 2": 0.0,
      "time period 3": 0.0,
      "time period 4": 0.0,
      "time period 5": 0.0,
      "time period 6": 300.0,
      "time period 7": 0.0,
      "time period 8": 0.0,
      "time period 9": 300.0,
      "time period 10": 164.99999999999994,
      "time period 11": 300.0,
      "time period 12": 0.0
    },
    "Charging power (MW)": {
      "time period 1": 0.0,
      "time period 2": 300.0,
      "time period 3": 300.0,
      "time period 4": 274.04844290657445,
      "time period 5": 0.0,
      "time period 6": 0.0,
      "time period 7": 300.0,
      "time period 8": 300.0,
      "time period 9": 0.0,
      "time period 10": 0.0,
      "time period 11": 0.0,
      "time period 12": 0.0
    },
    "Net discharging power (MW)": {
      "time period 1": 164.99999999999986,
      "time period 2": -300.0,
      "time period 3": -300.0,
      "time period 4": -274.04844290657445,
      "time period 5": 0.0,
      "time period 6": 300.0,
      "time period 7": -300.0,
      "time period 8": -300.0,
      "time period 9": 300.0,
      "time period 10": 164.99999999999994,
      "time period 11": 300.0,
      "time period 12": 0.0
    },
    "Stored energy (MWh)": {
      "time period 1": 0.0,
      "time period 2": 127.5,
      "time period 3": 255.0,
      "time period 4": 371.47058823529414,
      "time period 5": 371.47058823529414,
      "time period 6": 195.0,
      "time period 7": 322.5,
      "time period 8": 450.0,
      "time period 9": 273.52941176470586,
      "time period 10": 176.47058823529412,
      "time period 11": 0.0,
      "time period 12": 0.0
    },
    "Final energy (MWh)": 0.0,
    "Hourly average cost ($)": {
      "time period 1": 0.0,
      "time period 2": 40058.95119346618,
      "time period 3": 45361.58093297141,
      "time period 4": 48364.15698878747,
      "time period 5": 0.0,
      "time period 6": 0.0,
      "time period 7": 38098.90189229003,
      "time period 8": 39061.37669242858,
      "time period 9": 0.0,
      "time period 10": 0.0,
      "time period 11": 0.0,
      "time period 12": 0.0
    },
    "Hourly average revenue ($)": {
      "time period 1": 42971.72930756368,
      "time period 2": 0.0,
      "time period 3": 0.0,
      "time period 4": 0.0,
      "time period 5": 0.0,
      "time period 6": 88440.37058125489,
      "time period 7": 0.0,
      "time period 8": 0.0,
      "time period 9": 85613.38912592882,
      "time period 10": 44064.83142183824,
      "time period 11": 87293.69055460143,
      "time period 12": 0.0
    },
    "Total average cost ($)": 210944.96769994366,
    "Total average revenue ($)": 348384.01099118707,
    "Total average profit ($)": 137439.0432912434
  }
}
