{
  "Storage unit 1": {
    "Discharging power (MW)": {
      "time period 1": 0.0,
      "time period 2": 300.0,
      "time period 3": 300.0,
      "time period 4": 0.0,
      "time period 5": 0.0,
      "time period 6": 0.0,
      "time period 7": 0.0,
      "time period 8": 0.0,
      "time period 9": 0.0,
      "time period 10": 0.0,
      "time period 11": 300.0,
      "time period 12": 300.0,
      "time period 13": 81.74999999999996,
      "time period 14": 0.0,
      "time period 15": 0.0,
      "time period 16": 0.0,
      "time period 17": 0.0,
      "time period 18": 300.0,
      "time period 19": 0.0,
      "time period 20": 0.0,
      "time period 21": 300.0,
      "time period 22": 0.0,
      "time period 23": 133.5,
      "time period 24": 0.0
    },
    "Charging power (MW)": {
      "time period 1": 0.0,
      "time period 2": 0.0,
      "time period 3": 0.0,
      "time period 4": 0.0,
      "time period 5": 300.0,
      "time period 6": 300.0,
      "time period 7": 230.4498269896195,
      "time period 8": 0.0,
      "time period 9": 0.0,
      "time period 10": 0.0,
      "time period 11": 0.0,
      "time period 12": 0.0,
      "time period 13": 0.0,
      "time period 14": 300.0,
      "time period 15": 0.0,
      "time period 16": 0.0,
      "time period 17": 0.0,
      "time period 18": 0.0,
      "time period 19": 300.0,
      "time period 20": 300.0,
      "time period 21": 0.0,
      "time period 22": 0.0,
      "time period 23": 0.0,
      "time period 24": 0.0
    },
    "Net discharging power (MW)": {
      "time period 1": 0.0,
      "time period 2": 300.0,
      "time period 3": 300.0,
      "time period 4": 0.0,
      "time period 5": -300.0,
      "time period 6": -300.0,
      "time period 7": -230.4498269896195,
      "time period 8": 0.0,
      "time period 9": 0.0,
      "time period 10": 0.0,
      "time period 11": 300.0,
      "time period 12": 300.0,
      "time period 13": 81.74999999999996,
      "time period 14": -300.0,
      "time period 15": 0.0,
      "time period 16": 0.0,
      "time period 17": 0.0,
      "time period 18": 300.0,
      "time period 19": -300.0,
      "time period 20": -300.0,
      "time period 21": 300.0,
      "time period 22": 0.0,
      "time period 23": 133.5,
      "time period 24": 0.0
    },
    "Stored energy (MWh)": {
      "time period 1": 450.0,
      "time period 2": 273.52941176470586,
      "time period 3": 97.05882352941174,
      "time period 4": 97.05882352941174,
      "time period 5": 224.55882352941174,
      "time period 6": 352.0588235294117,
      "time period 7": 450.0,
      "time period 8": 450.0,
      "time period 9": 450.0,
      "time period 10": 450.0,
      "time period 11": 273.52941176470586,
      "time period 12": 97.05882352941174,
      "time period 13": 48.970588235294116,
      "time period 14": 176.47058823529412,
      "time period 15": 176.47058823529412,
      "time period 16": 176.47058823529412,
      "time period 17": 176.47058823529412,
      "time period 18": 0.0,
      "time period 19": 127.5,
      "time period 20": 255.0,
      "time period 21": 78.52941176470588,
      "time period 22": 78.52941176470588,
      "time period 23": 0.0,
      "time period 24": 0.0
    },
    "Final energy (MWh)": 0.0,
    "Hourly average cost ($)": {
      "time period 1": 0.0,
      "time period 2": 0.0,
      "time period 3": 0.0,
      "time period 4": 0.0,
      "time period 5": 29731.165198192517,
      "time period 6": 36300.37058125487,
      "time period 7": 30727.336401689936,
      "time period 8": 0.0,
      "time period 9": 0.0,
      "time period 10": 0.0,
      "time period 11": 0.0,
      "time period 12": 0.0,
      "time period 13": 0.0,
      "time period 14": 49014.82401145935,
      "time period 15": 0.0,
      "time period 16": 0.0,
      "time period 17": 0.0,
      "time period 18": 0.0,
      "time period 19": 43031.34347213745,
      "time period 20": 41990.76520980835,
      "time period 21": 0.0,
      "time period 22": 0.0,
      "time period 23": 0.0,
      "time period 24": 0.0
    },
    "Hourly average revenue ($)": {
      "time period 1": 0.0,
      "time period 2": 75260.95119346619,
      "time period 3": 77098.58093297138,
      "time period 4": 0.0,
      "time period 5": 0.0,
      "time period 6": 0.0,
      "time period 7": 0.0,
      "time period 8": 0.0,
      "time period 9": 0.0,
      "time period 10": 0.0,
      "time period 11": 92303.69055460145,
      "time period 12": 100823.11947308527,
      "time period 13": 24229.710806164167,
      "time period 14": 0.0,
      "time period 15": 0.0,
      "time period 16": 0.0,
      "time period 17": 0.0,
      "time period 18": 92869.96929611207,
      "time period 19": 0.0,
      "time period 20": 0.0,
      "time period 21": 87800.10957778935,
      "time period 22": 0.0,
      "time period 23": 37812.21414468268,
      "time period 24": 0.0
    },
    "Total average cost ($)": 230795.80487454252,
    "Total average revenue ($)": 588198.3459788725,
    "Total average profit ($)": 357402.54110433
  }
}
