{
  "Storage unit 1": {
    "Discharging power (MW)": {
      "time period 1": 0.0,
      "time period 2": 0.0,
      "time period 3": 0.0,
      "time period 4": 0.0,
      "time period 5": 0.0,
      "time period 6": 0.0,
      "time period 7": 300.0,
      "time period 8": 0.0,
      "time period 9": 0.0,
      "time period 10": 0.0,
      "time period 11": 0.0,
      "time period 12": 0.0,
      "time period 13": 300.0,
      "time period 14": 0.0,
      "time period 15": 0.0,
      "time period 16": 300.0,
      "time period 17": 0.0,
      "time period 18": 300.0,
      "time period 19": 0.0
    },
    "Charging power (MW)": {
      "time period 1": 300.0,
      "time period 2": 158.8235294117647,
      "time period 3": 300.0,
      "time period 4": 0.0,
      "time period 5": 0.0,
      "time period 6": 0.0,
      "time period 7": 0.0,
      "time period 8": 0.0,
      "time period 9": 300.0,
      "time period 10": 0.0,
      "time period 11": 0.0,
      "time period 12": 0.0,
      "time period 13": 0.0,
      "time period 14": 300.0,
      "time period 15": 2.0761245674741664,
      "time period 16": 0.0,
      "time period 17": 0.0,
      "time period 18": 0.0,
      "time period 19": 0.0
    },
    "Net discharging power (MW)": {
      "time period 1": -300.0,
      "time period 2": -158.8235294117647,
      "time period 3": -300.0,
      "time period 4": 0.0,
      "time period 5": 0.0,
      "time period 6": 0.0,
      "time period 7": 300.0,
      "time period 8": 0.0,
      "time period 9": -300.0,
      "time period 10": 0.0,
      "time period 11": 0.0,
      "time period 12": 0.0,
      "time period 13": 300.0,
      "time period 14": -300.0,
      "time period 15": -2.0761245674741664,
      "time period 16": 300.0,
      "time period 17": 0.0,
      "time period 18": 300.0,
      "time period 19": 0.0
    },
    "Stored energy (MWh)": {
      "time period 1": 255.0,
      "time period 2": 322.5,
      "time period 3": 450.0,
      "time period 4": 450.0,
      "time period 5": 450.0,
      "time period 6": 450.0,
      "time period 7": 273.52941176470586,
      "time period 8": 273.52941176470586,
      "time period 9": 401.02941176470586,
      "time period 10": 401.02941176470586,
      "time period 11": 401.02941176470586,
      "time period 12": 401.02941176470586,
      "time period 13": 224.55882352941174,
      "time period 14": 352.0588235294117,
      "time period 15": 352.94117647058823,
      "time period 16": 176.47058823529412,
      "time period 17": 176.47058823529412,
      "time period 18": 0.0,
      "time period 19": 0.0
    },
    "Final energy (MWh)": 0.0,
    "Hourly average cost ($)": {
      "time period 1": 30874.495422363278,
      "time period 2": 16530.35301388011,
      "time period 3": 28533.31398010254,
      "time period 4": 0.0,
      "time period 5": 0.0,
      "time period 6": 0.0,
      "time period 7": 0.0,
      "time period 8": 0.0,
      "time period 9": 38524.35905456543,
      "time period 10": 0.0,
      "time period 11": 0.0,
      "time period 12": 0.0,
      "time period 13": 0.0,
      "time period 14": 40119.293895721436,
      "time period 15": 279.2337989939284,
      "time period 16": 0.0,
      "time period 17": 0.0,
      "time period 18": 0.0,
      "time period 19": 0.0
    },
    "Hourly average revenue ($)": {
      "time period 1": 0.0,
      "time period 2": 0.0,
      "time period 3": 0.0,
      "time period 4": 0.0,
      "time period 5": 0.0,
      "time period 6": 0.0,
      "time period 7": 87320.63594055177,
      "time period 8": 0.0,
      "time period 9": 0.0,
      "time period 10": 0.0,
      "time period 11": 0.0,
      "time period 12": 0.0,
      "time period 13": 89078.548576355,
      "time period 14": 0.0,
      "time period 15": 0.0,
      "time period 16": 85014.6198348999,
      "time period 17": 0.0,
      "time period 18": 81003.32360458375,
      "time period 19": 0.0
    },
    "Total average cost ($)": 154861.04916562673,
    "Total average revenue ($)": 342417.12795639044,
    "Total average profit ($)": 187556.0787907637
  }
}
