{
  "Storage unit 1": {
    "Discharging power (MW)": {
      "time period 1": 131.99999999999991,
      "time period 2": 0.0,
      "time period 3": 0.0,
      "time period 4": 0.0,
      "time period 5": 0.0,
      "time period 6": 300.0,
      "time period 7": 0.0,
      "time period 8": 0.0,
      "time period 9": 300.0,
      "time period 10": 0.0,
      "time period 11": 300.0,
      "time period 12": 0.0
    },
    "Charging power (MW)": {
      "time period 1": 0.0,
      "time period 2": 300.0,
      "time period 3": 300.0,
      "time period 4": 0.0,
      "time period 5": 0.0,
      "time period 6": 0.0,
      "time period 7": 300.0,
      "time period 8": 300.0,
      "time period 9": 0.0,
      "time period 10": 0.0,
      "time period 11": 0.0,
      "time period 12": 0.0
    },
    "Net discharging power (MW)": {
      "time period 1": 131.99999999999991,
      "time period 2": -300.0,
      "time period 3": -300.0,
      "time period 4": 0.0,
      "time period 5": 0.0,
      "time period 6": 300.0,
      "time period 7": -300.0,
      "time period 8": -300.0,
      "time period 9": 300.0,
      "time period 10": 0.0,
      "time period 11": 300.0,
      "time period 12": 0.0
    },
    "Stored energy (MWh)": {
      "time period 1": 19.41176470588232,
      "time period 2": 146.91176470588232,
      "time period 3": 274.4117647058823,
      "time period 4": 274.4117647058823,
      "time period 5": 274.4117647058823,
      "time period 6": 97.94117647058823,
      "time period 7": 225.44117647058823,
      "time period 8": 352.94117647058823,
      "time period 9": 176.47058823529412,
      "time period 10": 176.47058823529412,
      "time period 11": 0.0,
      "time period 12": 0.0
    },
    "Final energy (MWh)": 0.0,
    "Hourly average cost ($)": {
      "time period 1": 0.0,
      "time period 2": 34551.0001373291,
      "time period 3": 34146.31398010253,
      "time period 4": 0.0,
      "time period 5": 0.0,
      "time period 6": 0.0,
      "time period 7": 30734.635940551758,
      "time period 8": 31412.7039642334,
      "time period 9": 0.0,
      "time period 10": 0.0,
      "time period 11": 0.0,
      "time period 12": 0.0
    },
    "Hourly average revenue ($)": {
      "time period 1": 33380.81798583982,
      "time period 2": 0.0,
      "time period 3": 0.0,
      "time period 4": 0.0,
      "time period 5": 0.0,
      "time period 6": 80238.74812316896,
      "time period 7": 0.0,
      "time period 8": 0.0,
      "time period 9": 78787.35905456543,
      "time period 10": 0.0,
      "time period 11": 75889.49542236328,
      "time period 12": 0.0
    },
    "Total average cost ($)": 130844.6540222168,
    "Total average revenue ($)": 268296.4205859375,
    "Total average profit ($)": 137451.7665637207
  }
}
