{
  "Storage unit 1": {
    "Discharging power (MW)": {
      "time period 1": 0.0,
      "time period 2": 0.0,
      "time period 3": 0.0,
      "time period 4": 13.6,
      "time period 5": 0.0,
      "time period 6": 0.0,
      "time period 7": 0.0,
      "time period 8": 13.6,
      "time period 9": 0.0,
      "time period 10": 0.0,
      "time period 11": 0.0,
      "time period 12": 0.0,
      "time period 13": 13.6,
      "time period 14": 0.0,
      "time period 15": 0.0,
      "time period 16": 0.0,
      "time period 17": 0.0,
      "time period 18": 0.0,
      "time period 19": 0.0,
      "time period 20": 0.0,
      "time period 21": 0.0,
      "time period 22": 13.6,
      "time period 23": 0.0,
      "time period 24": 0.0,
      "time period 25": 0.0,
      "time period 26": 0.0,
      "time period 27": 0.0,
      "time period 28": 13.6,
      "time period 29": 0.0,
      "time period 30": 0.0,
      "time period 31": 13.6,
      "time period 32": 0.0,
      "time period 33": 0.0,
      "time period 34": 0.0
    },
    "Charging power (MW)": {
      "time period 1": 0.0,
      "time period 2": 18.823529411764707,
      "time period 3": 0.0,
      "time period 4": 0.0,
      "time period 5": 0.0,
      "time period 6": 18.823529411764707,
      "time period 7": 0.0,
      "time period 8": 0.0,
      "time period 9": 18.823529411764707,
      "time period 10": 0.0,
      "time period 11": 0.0,
      "time period 12": 0.0,
      "time period 13": 0.0,
      "time period 14": 0.0,
      "time period 15": 18.823529411764707,
      "time period 16": 0.0,
      "time period 17": 0.0,
      "time period 18": 0.0,
      "time period 19": 0.0,
      "time period 20": 0.0,
      "time period 21": 0.0,
      "time period 22": 0.0,
      "time period 23": 0.0,
      "time period 24": 18.823529411764707,
      "time period 25": 0.0,
      "time period 26": 0.0,
      "time period 27": 0.0,
      "time period 28": 0.0,
      "time period 29": 0.0,
      "time period 30": 18.823529411764707,
      "time period 31": 0.0,
      "time period 32": 0.0,
      "time period 33": 0.0,
      "time period 34": 0.0
    },
    "Net discharging power (MW)": {
      "time period 1": 0.0,
      "time period 2": -18.823529411764707,
      "time period 3": 0.0,
      "time period 4": 13.6,
      "time period 5": 0.0,
      "time period 6": -18.823529411764707,
      "time period 7": 0.0,
      "time period 8": 13.6,
      "time period 9": -18.823529411764707,
      "time period 10": 0.0,
      "time period 11": 0.0,
      "time period 12": 0.0,
      "time period 13": 13.6,
      "time period 14": 0.0,
      "time period 15": -18.823529411764707,
      "time period 16": 0.0,
      "time period 17": 0.0,
      "time period 18": 0.0,
      "time period 19": 0.0,
      "time period 20": 0.0,
      "time period 21": 0.0,
      "time period 22": 13.6,
      "time period 23": 0.0,
      "time period 24": -18.823529411764707,
      "time period 25": 0.0,
      "time period 26": 0.0,
      "time period 27": 0.0,
      "time period 28": 13.6,
      "time period 29": 0.0,
      "time period 30": -18.823529411764707,
      "time period 31": 13.6,
      "time period 32": 0.0,
      "time period 33": 0.0,
      "time period 34": 0.0
    },
    "Stored energy (MWh)": {
      "time period 1": 0.0,
      "time period 2": 8.0,
      "time period 3": 8.0,
      "time period 4": 0.0,
      "time period 5": 0.0,
      "time period 6": 8.0,
      "time period 7": 8.0,
      "time period 8": 0.0,
      "time period 9": 8.0,
      "time period 10": 8.0,
      "time period 11": 8.0,
      "time period 12": 8.0,
      "time period 13": 0.0,
      "time period 14": 0.0,
      "time period 15": 8.0,
      "time period 16": 8.0,
      "time period 17": 8.0,
      "time period 18": 8.0,
      "time period 19": 8.0,
      "time period 20": 8.0,
      "time period 21": 8.0,
      "time period 22": 0.0,
      "time period 23": 0.0,
      "time period 24": 8.0,
      "time period 25": 8.0,
      "time period 26": 8.0,
      "time period 27": 8.0,
      "time period 28": 0.0,
      "time period 29": 0.0,
      "time period 30": 8.0,
      "time period 31": 0.0,
      "time period 32": 0.0,
      "time period 33": 0.0,
      "time period 34": 0.0
    },
    "Final energy (MWh)": 0.0,
    "Hourly average cost ($)": {
      "time period 1": 0.0,
      "time period 2": 1862.2087023351335,
      "time period 3": 0.0,
      "time period 4": 0.0,
      "time period 5": 0.0,
      "time period 6": 2537.6232521571696,
      "time period 7": 0.0,
      "time period 8": 0.0,
      "time period 9": 2254.832258881807,
      "time period 10": 0.0,
      "time period 11": 0.0,
      "time period 12": 0.0,
      "time period 13": 0.0,
      "time period 14": 0.0,
      "time period 15": 2360.570673124425,
      "time period 16": 0.0,
      "time period 17": 0.0,
      "time period 18": 0.0,
      "time period 19": 0.0,
      "time period 20": 0.0,
      "time period 21": 0.0,
      "time period 22": 0.0,
      "time period 23": 0.0,
      "time period 24": 3012.598938505285,
      "time period 25": 0.0,
      "time period 26": 0.0,
      "time period 27": 0.0,
      "time period 28": 0.0,
      "time period 29": 0.0,
      "time period 30": 2630.141068156523,
      "time period 31": 0.0,
      "time period 32": 0.0,
      "time period 33": 0.0,
      "time period 34": 0.0
    },
    "Hourly average revenue ($)": {
      "time period 1": 0.0,
      "time period 2": 0.0,
      "time period 3": 0.0,
      "time period 4": 3141.332356423362,
      "time period 5": 0.0,
      "time period 6": 0.0,
      "time period 7": 0.0,
      "time period 8": 3653.1584100567625,
      "time period 9": 0.0,
      "time period 10": 0.0,
      "time period 11": 0.0,
      "time period 12": 0.0,
      "time period 13": 3983.8194368664517,
      "time period 14": 0.0,
      "time period 15": 0.0,
      "time period 16": 0.0,
      "time period 17": 0.0,
      "time period 18": 0.0,
      "time period 19": 0.0,
      "time period 20": 0.0,
      "time period 21": 0.0,
      "time period 22": 4466.966119773561,
      "time period 23": 0.0,
      "time period 24": 0.0,
      "time period 25": 0.0,
      "time period 26": 0.0,
      "time period 27": 0.0,
      "time period 28": 4160.109948920899,
      "time period 29": 0.0,
      "time period 30": 0.0,
      "time period 31": 3952.8003597008505,
      "time period 32": 0.0,
      "time period 33": 0.0,
      "time period 34": 0.0
    },
    "Total average cost ($)": 14657.974893160343,
    "Total average revenue ($)": 23358.18663174189,
    "Total average profit ($)": 8700.211738581547
  }
}
