{
  "Storage unit 1": {
    "Discharging power (MW)": {
      "time period 1": 0.0,
      "time period 2": 0.0,
      "time period 3": 0.0,
      "time period 4": 0.0,
      "time period 5": 0.0,
      "time period 6": 295.0,
      "time period 7": 300.0,
      "time period 8": 0.0,
      "time period 9": 0.0,
      "time period 10": 0.0,
      "time period 11": 0.0,
      "time period 12": 0.0,
      "time period 13": 300.0,
      "time period 14": 0.0,
      "time period 15": 0.0,
      "time period 16": 300.0,
      "time period 17": 0.0,
      "time period 18": 266.99999999999994,
      "time period 19": 0.0
    },
    "Charging power (MW)": {
      "time period 1": 300.0,
      "time period 2": 223.52941176470588,
      "time period 3": 0.0,
      "time period 4": 0.0,
      "time period 5": 0.0,
      "time period 6": 0.0,
      "time period 7": 0.0,
      "time period 8": 0.0,
      "time period 9": 300.0,
      "time period 10": 300.0,
      "time period 11": 0.0,
      "time period 12": 0.0,
      "time period 13": 0.0,
      "time period 14": 300.0,
      "time period 15": 300.0,
      "time period 16": 0.0,
      "time period 17": 0.0,
      "time period 18": 0.0,
      "time period 19": 0.0
    },
    "Net discharging power (MW)": {
      "time period 1": -300.0,
      "time period 2": -223.52941176470588,
      "time period 3": 0.0,
      "time period 4": 0.0,
      "time period 5": 0.0,
      "time period 6": 295.0,
      "time period 7": 300.0,
      "time period 8": 0.0,
      "time period 9": -300.0,
      "time period 10": -300.0,
      "time period 11": 0.0,
      "time period 12": 0.0,
      "time period 13": 300.0,
      "time period 14": -300.0,
      "time period 15": -300.0,
      "time period 16": 300.0,
      "time period 17": 0.0,
      "time period 18": 266.99999999999994,
      "time period 19": 0.0
    },
    "Stored energy (MWh)": {
      "time period 1": 255.0,
      "time period 2": 350.0,
      "time period 3": 350.0,
      "time period 4": 350.0,
      "time period 5": 350.0,
      "time period 6": 176.47058823529412,
      "time period 7": 0.0,
      "time period 8": 0.0,
      "time period 9": 127.5,
      "time period 10": 255.0,
      "time period 11": 255.0,
      "time period 12": 255.0,
      "time period 13": 78.52941176470588,
      "time period 14": 206.02941176470588,
      "time period 15": 333.52941176470586,
      "time period 16": 157.05882352941174,
      "time period 17": 157.05882352941174,
      "time period 18": 0.0,
      "time period 19": 0.0
    },
    "Final energy (MWh)": 0.0,
    "Hourly average cost ($)": {
      "time period 1": 33139.4169228431,
      "time period 2": 27368.90481081795,
      "time period 3": 0.0,
      "time period 4": 0.0,
      "time period 5": 0.0,
      "time period 6": 0.0,
      "time period 7": 0.0,
      "time period 8": 0.0,
      "time period 9": 45350.389125928814,
      "time period 10": 53318.87531243316,
      "time period 11": 0.0,
      "time period 12": 0.0,
      "time period 13": 0.0,
      "time period 14": 43785.82401145935,
      "time period 15": 43663.59510292053,
      "time period 16": 0.0,
      "time period 17": 0.0,
      "time period 18": 0.0,
      "time period 19": 0.0
    },
    "Hourly average revenue ($)": {
      "time period 1": 0.0,
      "time period 2": 0.0,
      "time period 3": 0.0,
      "time period 4": 0.0,
      "time period 5": 0.0,
      "time period 6": 84886.61440490064,
      "time period 7": 94684.90189229003,
      "time period 8": 0.0,
      "time period 9": 0.0,
      "time period 10": 0.0,
      "time period 11": 0.0,
      "time period 12": 0.0,
      "time period 13": 96065.36993087766,
      "time period 14": 0.0,
      "time period 15": 0.0,
      "time period 16": 88205.24246086122,
      "time period 17": 0.0,
      "time period 18": 76313.02267353972,
      "time period 19": 0.0
    },
    "Total average cost ($)": 246627.00528640294,
    "Total average revenue ($)": 440155.15136246925,
    "Total average profit ($)": 193528.1460760663
  }
}
