{
  "Storage unit 1": {
    "Discharging power (MW)": {
      "time period 1": 0.0,
      "time period 2": 0.0,
      "time period 3": 0.0,
      "time period 4": 0.0,
      "time period 5": 266.99999999999994,
      "time period 6": 300.0,
      "time period 7": 0.0,
      "time period 8": 0.0,
      "time period 9": 0.0,
      "time period 10": 0.0,
      "time period 11": 0.0,
      "time period 12": 300.0,
      "time period 13": 0.0,
      "time period 14": 0.0,
      "time period 15": 300.0,
      "time period 16": 0.0,
      "time period 17": 295.0,
      "time period 18": 0.0
    },
    "Charging power (MW)": {
      "time period 1": 223.52941176470588,
      "time period 2": 0.0,
      "time period 3": 0.0,
      "time period 4": 0.0,
      "time period 5": 0.0,
      "time period 6": 0.0,
      "time period 7": 0.0,
      "time period 8": 300.0,
      "time period 9": 300.0,
      "time period 10": 0.0,
      "time period 11": 0.0,
      "time period 12": 0.0,
      "time period 13": 300.0,
      "time period 14": 300.0,
      "time period 15": 0.0,
      "time period 16": 0.0,
      "time period 17": 0.0,
      "time period 18": 0.0
    },
    "Net discharging power (MW)": {
      "time period 1": -223.52941176470588,
      "time period 2": 0.0,
      "time period 3": 0.0,
      "time period 4": 0.0,
      "time period 5": 266.99999999999994,
      "time period 6": 300.0,
      "time period 7": 0.0,
      "time period 8": -300.0,
      "time period 9": -300.0,
      "time period 10": 0.0,
      "time period 11": 0.0,
      "time period 12": 300.0,
      "time period 13": -300.0,
      "time period 14": -300.0,
      "time period 15": 300.0,
      "time period 16": 0.0,
      "time period 17": 295.0,
      "time period 18": 0.0
    },
    "Stored energy (MWh)": {
      "time period 1": 350.0,
      "time period 2": 350.0,
      "time period 3": 350.0,
      "time period 4": 350.0,
      "time period 5": 192.94117647058826,
      "time period 6": 16.470588235294144,
      "time period 7": 16.470588235294144,
      "time period 8": 143.97058823529414,
      "time period 9": 271.47058823529414,
      "time period 10": 271.47058823529414,
      "time period 11": 271.47058823529414,
      "time period 12": 95.0,
      "time period 13": 222.5,
      "time period 14": 350.0,
      "time period 15": 173.52941176470588,
      "time period 16": 173.52941176470588,
      "time period 17": 0.0,
      "time period 18": 0.0
    },
    "Final energy (MWh)": 0.0,
    "Hourly average cost ($)": {
      "time period 1": 27825.9969229027,
      "time period 2": 0.0,
      "time period 3": 0.0,
      "time period 4": 0.0,
      "time period 5": 0.0,
      "time period 6": 0.0,
      "time period 7": 0.0,
      "time period 8": 43909.37669242859,
      "time period 9": 50033.3891259288,
      "time period 10": 0.0,
      "time period 11": 0.0,
      "time period 12": 0.0,
      "time period 13": 46229.36993087767,
      "time period 14": 44166.824011459335,
      "time period 15": 0.0,
      "time period 16": 0.0,
      "time period 17": 0.0,
      "time period 18": 0.0
    },
    "Hourly average revenue ($)": {
      "time period 1": 0.0,
      "time period 2": 0.0,
      "time period 3": 0.0,
      "time period 4": 0.0,
      "time period 5": 73970.71702639131,
      "time period 6": 95190.37058125486,
      "time period 7": 0.0,
      "time period 8": 0.0,
      "time period 9": 0.0,
      "time period 10": 0.0,
      "time period 11": 0.0,
      "time period 12": 94073.11947308533,
      "time period 13": 0.0,
      "time period 14": 0.0,
      "time period 15": 88774.59510292052,
      "time period 16": 0.0,
      "time period 17": 83423.40879888156,
      "time period 18": 0.0
    },
    "Total average cost ($)": 212164.9566835971,
    "Total average revenue ($)": 435432.21098253364,
    "Total average profit ($)": 223267.25429893655
  }
}
