{
  "Storage unit 1": {
    "Discharging power (MW)": {
      "time period 1": 0.0,
      "time period 2": 295.0,
      "time period 3": 300.0,
      "time period 4": 0.0,
      "time period 5": 0.0,
      "time period 6": 0.0,
      "time period 7": 0.0,
      "time period 8": 0.0,
      "time period 9": 300.0,
      "time period 10": 0.0,
      "time period 11": 0.0,
      "time period 12": 300.0,
      "time period 13": 0.0,
      "time period 14": 295.0,
      "time period 15": 0.0
    },
    "Charging power (MW)": {
      "time period 1": 0.0,
      "time period 2": 0.0,
      "time period 3": 0.0,
      "time period 4": 0.0,
      "time period 5": 300.0,
      "time period 6": 300.0,
      "time period 7": 38.75432525951563,
      "time period 8": 0.0,
      "time period 9": 0.0,
      "time period 10": 300.0,
      "time period 11": 300.0,
      "time period 12": 0.0,
      "time period 13": 0.0,
      "time period 14": 0.0,
      "time period 15": 0.0
    },
    "Net discharging power (MW)": {
      "time period 1": 0.0,
      "time period 2": 295.0,
      "time period 3": 300.0,
      "time period 4": 0.0,
      "time period 5": -300.0,
      "time period 6": -300.0,
      "time period 7": -38.75432525951563,
      "time period 8": 0.0,
      "time period 9": 300.0,
      "time period 10": -300.0,
      "time period 11": -300.0,
      "time period 12": 300.0,
      "time period 13": 0.0,
      "time period 14": 295.0,
      "time period 15": 0.0
    },
    "Stored energy (MWh)": {
      "time period 1": 350.0,
      "time period 2": 176.47058823529412,
      "time period 3": 0.0,
      "time period 4": 0.0,
      "time period 5": 127.5,
      "time period 6": 255.0,
      "time period 7": 271.47058823529414,
      "time period 8": 271.47058823529414,
      "time period 9": 95.0,
      "time period 10": 222.5,
      "time period 11": 350.0,
      "time period 12": 173.52941176470588,
      "time period 13": 173.52941176470588,
      "time period 14": 0.0,
      "time period 15": 0.0
    },
    "Final energy (MWh)": 0.0,
    "Hourly average cost ($)": {
      "time period 1": 0.0,
      "time period 2": 0.0,
      "time period 3": 0.0,
      "time period 4": 0.0,
      "time period 5": 40621.16519819251,
      "time period 6": 48516.370581254865,
      "time period 7": 7199.636691968277,
      "time period 8": 0.0,
      "time period 9": 0.0,
      "time period 10": 43406.87531243316,
      "time period 11": 44963.690554601446,
      "time period 12": 0.0,
      "time period 13": 0.0,
      "time period 14": 0.0,
      "time period 15": 0.0
    },
    "Hourly average revenue ($)": {
      "time period 1": 0.0,
      "time period 2": 81175.1020069084,
      "time period 3": 92035.58093297142,
      "time period 4": 0.0,
      "time period 5": 0.0,
      "time period 6": 0.0,
      "time period 7": 0.0,
      "time period 8": 0.0,
      "time period 9": 89957.38912592878,
      "time period 10": 0.0,
      "time period 11": 0.0,
      "time period 12": 89729.11947308529,
      "time period 13": 0.0,
      "time period 14": 85055.21027793508,
      "time period 15": 0.0
    },
    "Total average cost ($)": 184707.73833845026,
    "Total average revenue ($)": 437952.40181682893,
    "Total average profit ($)": 253244.66347837867
  }
}
