{
  "Storage unit 1": {
    "Discharging power (MW)": {
      "time period 1": 0.0,
      "time period 2": 0.0,
      "time period 3": 300.0,
      "time period 4": 0.0,
      "time period 5": 0.0,
      "time period 6": 300.0,
      "time period 7": 0.0,
      "time period 8": 295.0,
      "time period 9": 0.0
    },
    "Charging power (MW)": {
      "time period 1": 38.75432525951563,
      "time period 2": 0.0,
      "time period 3": 0.0,
      "time period 4": 300.0,
      "time period 5": 300.0,
      "time period 6": 0.0,
      "time period 7": 0.0,
      "time period 8": 0.0,
      "time period 9": 0.0
    },
    "Net discharging power (MW)": {
      "time period 1": -38.75432525951563,
      "time period 2": 0.0,
      "time period 3": 300.0,
      "time period 4": -300.0,
      "time period 5": -300.0,
      "time period 6": 300.0,
      "time period 7": 0.0,
      "time period 8": 295.0,
      "time period 9": 0.0
    },
    "Stored energy (MWh)": {
      "time period 1": 271.47058823529414,
      "time period 2": 271.47058823529414,
      "time period 3": 95.0,
      "time period 4": 222.5,
      "time period 5": 350.0,
      "time period 6": 173.52941176470588,
      "time period 7": 173.52941176470588,
      "time period 8": 0.0,
      "time period 9": 0.0
    },
    "Final energy (MWh)": 0.0,
    "Hourly average cost ($)": {
      "time period 1": 6856.598264542604,
      "time period 2": 0.0,
      "time period 3": 0.0,
      "time period 4": 35310.09609757415,
      "time period 5": 35773.165198192524,
      "time period 6": 0.0,
      "time period 7": 0.0,
      "time period 8": 0.0,
      "time period 9": 0.0
    },
    "Hourly average revenue ($)": {
      "time period 1": 0.0,
      "time period 2": 0.0,
      "time period 3": 85285.58093297142,
      "time period 4": 0.0,
      "time period 5": 0.0,
      "time period 6": 84096.37058125489,
      "time period 7": 0.0,
      "time period 8": 80034.8537475548,
      "time period 9": 0.0
    },
    "Total average cost ($)": 77939.85956030927,
    "Total average revenue ($)": 249416.80526178112,
    "Total average profit ($)": 171476.94570147185
  }
}
