{
  "Storage unit 1": {
    "Discharging power (MW)": {
      "time period 1": 0.0,
      "time period 2": 0.0,
      "time period 3": 0.0,
      "time period 4": 0.0,
      "time period 5": 0.0,
      "time period 6": 300.0,
      "time period 7": 0.0,
      "time period 8": 0.0,
      "time period 9": 300.0,
      "time period 10": 0.0,
      "time period 11": 300.0,
      "time period 12": 0.0
    },
    "Charging power (MW)": {
      "time period 1": 0.0,
      "time period 2": 300.0,
      "time period 3": 0.0,
      "time period 4": 0.0,
      "time period 5": 0.0,
      "time period 6": 0.0,
      "time period 7": 0.0,
      "time period 8": 0.0,
      "time period 9": 0.0,
      "time period 10": 0.0,
      "time period 11": 0.0,
      "time period 12": 0.0
    },
    "Net discharging power (MW)": {
      "time period 1": 0.0,
      "time period 2": -300.0,
      "time period 3": 0.0,
      "time period 4": 0.0,
      "time period 5": 0.0,
      "time period 6": 300.0,
      "time period 7": 0.0,
      "time period 8": 0.0,
      "time period 9": 300.0,
      "time period 10": 0.0,
      "time period 11": 300.0,
      "time period 12": 0.0
    },
    "Stored energy (MWh)": {
      "time period 1": 401.9117647058823,
      "time period 2": 529.4117647058823,
      "time period 3": 529.4117647058823,
      "time period 4": 529.4117647058823,
      "time period 5": 529.4117647058823,
      "time period 6": 352.9411764705882,
      "time period 7": 352.9411764705882,
      "time period 8": 352.9411764705882,
      "time period 9": 176.47058823529406,
      "time period 10": 176.47058823529412,
      "time period 11": 0.0,
      "time period 12": 0.0
    },
    "Final energy (MWh)": 0.0,
    "Hourly average cost ($)": {
      "time period 1": 0.0,
      "time period 2": 40058.95119346618,
      "time period 3": 0.0,
      "time period 4": 0.0,
      "time period 5": 0.0,
      "time period 6": 0.0,
      "time period 7": 0.0,
      "time period 8": 0.0,
      "time period 9": 0.0,
      "time period 10": 0.0,
      "time period 11": 0.0,
      "time period 12": 0.0
    },
    "Hourly average revenue ($)": {
      "time period 1": 0.0,
      "time period 2": 0.0,
      "time period 3": 0.0,
      "time period 4": 0.0,
      "time period 5": 0.0,
      "time period 6": 88440.37058125489,
      "time period 7": 0.0,
      "time period 8": 0.0,
      "time period 9": 85613.38912592882,
      "time period 10": 0.0,
      "time period 11": 87293.69055460143,
      "time period 12": 0.0
    },
    "Total average cost ($)": 40058.95119346618,
    "Total average revenue ($)": 261347.45026178512,
    "Total average profit ($)": 221288.49906831895
  }
}
