{
  "Storage unit 1": {
    "Discharging power (MW)": {
      "time period 1": 300.0000000000002,
      "time period 2": 0.0,
      "time period 3": 0.0,
      "time period 4": 0.0,
      "time period 5": 0.0,
      "time period 6": 0.0,
      "time period 7": 300.0,
      "time period 8": 0.0,
      "time period 9": 0.0,
      "time period 10": 300.0,
      "time period 11": 0.0,
      "time period 12": 204.99999999999972,
      "time period 13": 0.0
    },
    "Charging power (MW)": {
      "time period 1": 0.0,
      "time period 2": 0.0,
      "time period 3": 0.0,
      "time period 4": 0.0,
      "time period 5": 0.0,
      "time period 6": 0.0,
      "time period 7": 0.0,
      "time period 8": 0.0,
      "time period 9": 0.0,
      "time period 10": 0.0,
      "time period 11": 0.0,
      "time period 12": 0.0,
      "time period 13": 0.0
    },
    "Net discharging power (MW)": {
      "time period 1": 300.0000000000002,
      "time period 2": 0.0,
      "time period 3": 0.0,
      "time period 4": 0.0,
      "time period 5": 0.0,
      "time period 6": 0.0,
      "time period 7": 300.0,
      "time period 8": 0.0,
      "time period 9": 0.0,
      "time period 10": 300.0,
      "time period 11": 0.0,
      "time period 12": 204.99999999999972,
      "time period 13": 0.0
    },
    "Stored energy (MWh)": {
      "time period 1": 473.52941176470574,
      "time period 2": 473.52941176470574,
      "time period 3": 473.52941176470574,
      "time period 4": 473.52941176470574,
      "time period 5": 473.52941176470574,
      "time period 6": 473.52941176470574,
      "time period 7": 297.0588235294116,
      "time period 8": 297.0588235294116,
      "time period 9": 297.0588235294116,
      "time period 10": 120.58823529411748,
      "time period 11": 120.58823529411748,
      "time period 12": 0.0,
      "time period 13": 0.0
    },
    "Final energy (MWh)": 0.0,
    "Hourly average cost ($)": {
      "time period 1": 0.0,
      "time period 2": 0.0,
      "time period 3": 0.0,
      "time period 4": 0.0,
      "time period 5": 0.0,
      "time period 6": 0.0,
      "time period 7": 0.0,
      "time period 8": 0.0,
      "time period 9": 0.0,
      "time period 10": 0.0,
      "time period 11": 0.0,
      "time period 12": 0.0,
      "time period 13": 0.0
    },
    "Hourly average revenue ($)": {
      "time period 1": 92029.41692284319,
      "time period 2": 0.0,
      "time period 3": 0.0,
      "time period 4": 0.0,
      "time period 5": 0.0,
      "time period 6": 0.0,
      "time period 7": 87934.90189229,
      "time period 8": 0.0,
      "time period 9": 0.0,
      "time period 10": 88898.8753124332,
      "time period 11": 0.0,
      "time period 12": 59414.5483066082,
      "time period 13": 0.0
    },
    "Total average cost ($)": 0.0,
    "Total average revenue ($)": 328277.74243417464,
    "Total average profit ($)": 328277.74243417464
  }
}
