{
  "Storage unit 1": {
    "Discharging power (MW)": {
      "time period 1": 0.0,
      "time period 2": 0.0,
      "time period 3": 0.0,
      "time period 4": 0.0,
      "time period 5": 0.0,
      "time period 6": 30.0,
      "time period 7": 0.0,
      "time period 8": 0.0,
      "time period 9": 0.0,
      "time period 10": 0.0,
      "time period 11": 25.674999999999997,
      "time period 12": 0.0
    },
    "Charging power (MW)": {
      "time period 1": 0.0,
      "time period 2": 30.0,
      "time period 3": 11.522491349480973,
      "time period 4": 0.0,
      "time period 5": 0.0,
      "time period 6": 0.0,
      "time period 7": 30.0,
      "time period 8": 0.0,
      "time period 9": 0.0,
      "time period 10": 0.0,
      "time period 11": 0.0,
      "time period 12": 0.0
    },
    "Net discharging power (MW)": {
      "time period 1": 0.0,
      "time period 2": -30.0,
      "time period 3": -11.522491349480973,
      "time period 4": 0.0,
      "time period 5": 0.0,
      "time period 6": 30.0,
      "time period 7": -30.0,
      "time period 8": 0.0,
      "time period 9": 0.0,
      "time period 10": 0.0,
      "time period 11": 25.674999999999997,
      "time period 12": 0.0
    },
    "Stored energy (MWh)": {
      "time period 1": 2.352941176470587,
      "time period 2": 15.102941176470587,
      "time period 3": 20.0,
      "time period 4": 20.0,
      "time period 5": 20.0,
      "time period 6": 2.352941176470587,
      "time period 7": 15.102941176470587,
      "time period 8": 15.102941176470587,
      "time period 9": 15.102941176470587,
      "time period 10": 15.102941176470587,
      "time period 11": 0.0,
      "time period 12": 0.0
    },
    "Final energy (MWh)": 0.0,
    "Hourly average cost ($)": {
      "time period 1": 0.0,
      "time period 2": 4005.8951193466182,
      "time period 3": 1742.2614129964802,
      "time period 4": 0.0,
      "time period 5": 0.0,
      "time period 6": 0.0,
      "time period 7": 3809.890189229003,
      "time period 8": 0.0,
      "time period 9": 0.0,
      "time period 10": 0.0,
      "time period 11": 0.0,
      "time period 12": 0.0
    },
    "Hourly average revenue ($)": {
      "time period 1": 0.0,
      "time period 2": 0.0,
      "time period 3": 0.0,
      "time period 4": 0.0,
      "time period 5": 0.0,
      "time period 6": 8844.03705812549,
      "time period 7": 0.0,
      "time period 8": 0.0,
      "time period 9": 0.0,
      "time period 10": 0.0,
      "time period 11": 7470.885016631306,
      "time period 12": 0.0
    },
    "Total average cost ($)": 9558.046721572102,
    "Total average revenue ($)": 16314.922074756796,
    "Total average profit ($)": 6756.875353184694
  }
}
