{
  "Storage unit 1": {
    "Discharging power (MW)": {
      "time period 1": 0.0,
      "time period 2": 0.0,
      "time period 3": 0.0,
      "time period 4": 30.0,
      "time period 5": 0.0,
      "time period 6": 0.0,
      "time period 7": 25.674999999999997,
      "time period 8": 0.0,
      "time period 9": 0.0,
      "time period 10": 0.0
    },
    "Charging power (MW)": {
      "time period 1": 11.522491349480973,
      "time period 2": 0.0,
      "time period 3": 0.0,
      "time period 4": 0.0,
      "time period 5": 30.0,
      "time period 6": 0.0,
      "time period 7": 0.0,
      "time period 8": 0.0,
      "time period 9": 0.0,
      "time period 10": 0.0
    },
    "Net discharging power (MW)": {
      "time period 1": -11.522491349480973,
      "time period 2": 0.0,
      "time period 3": 0.0,
      "time period 4": 30.0,
      "time period 5": -30.0,
      "time period 6": 0.0,
      "time period 7": 25.674999999999997,
      "time period 8": 0.0,
      "time period 9": 0.0,
      "time period 10": 0.0
    },
    "Stored energy (MWh)": {
      "time period 1": 20.0,
      "time period 2": 20.0,
      "time period 3": 20.0,
      "time period 4": 2.352941176470587,
      "time period 5": 15.102941176470587,
      "time period 6": 15.102941176470587,
      "time period 7": 0.0,
      "time period 8": 0.0,
      "time period 9": 0.0,
      "time period 10": 0.0
    },
    "Final energy (MWh)": 0.0,
    "Hourly average cost ($)": {
      "time period 1": 1742.0246638185422,
      "time period 2": 0.0,
      "time period 3": 0.0,
      "time period 4": 0.0,
      "time period 5": 3539.2165198192515,
      "time period 6": 0.0,
      "time period 7": 0.0,
      "time period 8": 0.0,
      "time period 9": 0.0,
      "time period 10": 0.0
    },
    "Hourly average revenue ($)": {
      "time period 1": 0.0,
      "time period 2": 0.0,
      "time period 3": 0.0,
      "time period 4": 8514.609609757415,
      "time period 5": 0.0,
      "time period 6": 0.0,
      "time period 7": 7153.988020281818,
      "time period 8": 0.0,
      "time period 9": 0.0,
      "time period 10": 0.0
    },
    "Total average cost ($)": 5281.241183637794,
    "Total average revenue ($)": 15668.597630039232,
    "Total average profit ($)": 10387.356446401438
  }
}
