{
  "Storage unit 1": {
    "Discharging power (MW)": {
      "time period 1": 0.0,
      "time period 2": 300.0,
      "time period 3": 0.0,
      "time period 4": 0.0,
      "time period 5": 300.0,
      "time period 6": 0.0,
      "time period 7": 251.74999999999991,
      "time period 8": 0.0
    },
    "Charging power (MW)": {
      "time period 1": 0.0,
      "time period 2": 0.0,
      "time period 3": 300.0,
      "time period 4": 0.0,
      "time period 5": 0.0,
      "time period 6": 0.0,
      "time period 7": 0.0,
      "time period 8": 0.0
    },
    "Net discharging power (MW)": {
      "time period 1": 0.0,
      "time period 2": 300.0,
      "time period 3": -300.0,
      "time period 4": 0.0,
      "time period 5": 300.0,
      "time period 6": 0.0,
      "time period 7": 251.74999999999991,
      "time period 8": 0.0
    },
    "Stored energy (MWh)": {
      "time period 1": 373.5294117647058,
      "time period 2": 197.05882352941168,
      "time period 3": 324.5588235294117,
      "time period 4": 324.5588235294117,
      "time period 5": 148.0882352941176,
      "time period 6": 148.0882352941176,
      "time period 7": 0.0,
      "time period 8": 0.0
    },
    "Final energy (MWh)": 0.0,
    "Hourly average cost ($)": {
      "time period 1": 0.0,
      "time period 2": 0.0,
      "time period 3": 35449.580932971396,
      "time period 4": 0.0,
      "time period 5": 0.0,
      "time period 6": 0.0,
      "time period 7": 0.0,
      "time period 8": 0.0
    },
    "Hourly average revenue ($)": {
      "time period 1": 0.0,
      "time period 2": 84665.95119346622,
      "time period 3": 0.0,
      "time period 4": 0.0,
      "time period 5": 80884.16519819251,
      "time period 6": 0.0,
      "time period 7": 67812.97600461337,
      "time period 8": 0.0
    },
    "Total average cost ($)": 35449.580932971396,
    "Total average revenue ($)": 233363.0923962721,
    "Total average profit ($)": 197913.51146330073
  }
}
