{
  "Storage unit 1": {
    "Discharging power (MW)": {
      "time period 1": 0.0,
      "time period 2": 0.0,
      "time period 3": 0.0,
      "time period 4": 300.0,
      "time period 5": 0.0,
      "time period 6": 0.0,
      "time period 7": 300.0,
      "time period 8": 0.0,
      "time period 9": 41.75000000000001,
      "time period 10": 0.0
    },
    "Charging power (MW)": {
      "time period 1": 115.22491349480968,
      "time period 2": 0.0,
      "time period 3": 0.0,
      "time period 4": 0.0,
      "time period 5": 300.0,
      "time period 6": 0.0,
      "time period 7": 0.0,
      "time period 8": 0.0,
      "time period 9": 0.0,
      "time period 10": 0.0
    },
    "Net discharging power (MW)": {
      "time period 1": -115.22491349480968,
      "time period 2": 0.0,
      "time period 3": 0.0,
      "time period 4": 300.0,
      "time period 5": -300.0,
      "time period 6": 0.0,
      "time period 7": 300.0,
      "time period 8": 0.0,
      "time period 9": 41.75000000000001,
      "time period 10": 0.0
    },
    "Stored energy (MWh)": {
      "time period 1": 250.0,
      "time period 2": 250.0,
      "time period 3": 250.0,
      "time period 4": 73.52941176470588,
      "time period 5": 201.02941176470588,
      "time period 6": 201.02941176470588,
      "time period 7": 24.558823529411768,
      "time period 8": 24.558823529411768,
      "time period 9": 0.0,
      "time period 10": 0.0
    },
    "Final energy (MWh)": 0.0,
    "Hourly average cost ($)": {
      "time period 1": 17420.246638185417,
      "time period 2": 0.0,
      "time period 3": 0.0,
      "time period 4": 0.0,
      "time period 5": 35392.16519819252,
      "time period 6": 0.0,
      "time period 7": 0.0,
      "time period 8": 0.0,
      "time period 9": 0.0,
      "time period 10": 0.0
    },
    "Hourly average revenue ($)": {
      "time period 1": 0.0,
      "time period 2": 0.0,
      "time period 3": 0.0,
      "time period 4": 85146.09609757415,
      "time period 5": 0.0,
      "time period 6": 0.0,
      "time period 7": 83590.90189228998,
      "time period 8": 0.0,
      "time period 9": 11527.507486691762,
      "time period 10": 0.0
    },
    "Total average cost ($)": 52812.411836377934,
    "Total average revenue ($)": 180264.5054765559,
    "Total average profit ($)": 127452.09364017798
  }
}
