{
  "Storage unit 1": {
    "Discharging power (MW)": {
      "time period 1": 0.0,
      "time period 2": 0.0,
      "time period 3": 0.0,
      "time period 4": 0.0,
      "time period 5": 0.0,
      "time period 6": 0.0,
      "time period 7": 300.0,
      "time period 8": 298.49999999999994,
      "time period 9": 0.0,
      "time period 10": 0.0,
      "time period 11": 0.0,
      "time period 12": 0.0,
      "time period 13": 0.0,
      "time period 14": 300.0,
      "time period 15": 300.0,
      "time period 16": 0.0
    },
    "Charging power (MW)": {
      "time period 1": 0.0,
      "time period 2": 0.0,
      "time period 3": 0.0,
      "time period 4": 0.0,
      "time period 5": 0.0,
      "time period 6": 0.0,
      "time period 7": 0.0,
      "time period 8": 0.0,
      "time period 9": 0.0,
      "time period 10": 300.0,
      "time period 11": 0.0,
      "time period 12": 300.0,
      "time period 13": 0.0,
      "time period 14": 0.0,
      "time period 15": 0.0,
      "time period 16": 0.0
    },
    "Net discharging power (MW)": {
      "time period 1": 0.0,
      "time period 2": 0.0,
      "time period 3": 0.0,
      "time period 4": 0.0,
      "time period 5": 0.0,
      "time period 6": 0.0,
      "time period 7": 300.0,
      "time period 8": 298.49999999999994,
      "time period 9": 0.0,
      "time period 10": -300.0,
      "time period 11": 0.0,
      "time period 12": -300.0,
      "time period 13": 0.0,
      "time period 14": 300.0,
      "time period 15": 300.0,
      "time period 16": 0.0
    },
    "Stored energy (MWh)": {
      "time period 1": 450.0,
      "time period 2": 450.0,
      "time period 3": 450.0,
      "time period 4": 450.0,
      "time period 5": 450.0,
      "time period 6": 450.0,
      "time period 7": 273.52941176470586,
      "time period 8": 97.94117647058823,
      "time period 9": 97.94117647058823,
      "time period 10": 225.44117647058823,
      "time period 11": 225.44117647058823,
      "time period 12": 352.94117647058823,
      "time period 13": 352.94117647058823,
      "time period 14": 176.47058823529412,
      "time period 15": 0.0,
      "time period 16": 0.0
    },
    "Final energy (MWh)": 0.0,
    "Hourly average cost ($)": {
      "time period 1": 0.0,
      "time period 2": 0.0,
      "time period 3": 0.0,
      "time period 4": 0.0,
      "time period 5": 0.0,
      "time period 6": 0.0,
      "time period 7": 0.0,
      "time period 8": 0.0,
      "time period 9": 0.0,
      "time period 10": 205460.87531243305,
      "time period 11": 0.0,
      "time period 12": 115934.11947308532,
      "time period 13": 0.0,
      "time period 14": 0.0,
      "time period 15": 0.0,
      "time period 16": 0.0
    },
    "Hourly average revenue ($)": {
      "time period 1": 0.0,
      "time period 2": 0.0,
      "time period 3": 0.0,
      "time period 4": 0.0,
      "time period 5": 0.0,
      "time period 6": 0.0,
      "time period 7": 307744.90189229,
      "time period 8": 297062.59980896633,
      "time period 9": 0.0,
      "time period 10": 0.0,
      "time period 11": 0.0,
      "time period 12": 0.0,
      "time period 13": 0.0,
      "time period 14": 1.0931528240114595e6,
      "time period 15": 325222.5951029205,
      "time period 16": 0.0
    },
    "Total average cost ($)": 321394.9947855184,
    "Total average revenue ($)": 2.0231829208156362e6,
    "Total average profit ($)": 1.7017879260301178e6
  }
}
